,Sample,Assembler,Reference,Reference Length,SNP Location
0,ERR2984773,IDBA-UD,Bacillus subtilis,4045677.0,1711197
1,ERR2984773,IDBA-UD,Bacillus subtilis,4045677.0,1711200
2,ERR2984773,IDBA-UD,Bacillus subtilis,4045677.0,1711201
3,ERR2984773,IDBA-UD,Bacillus subtilis,4045677.0,1711207
4,ERR2984773,IDBA-UD,Bacillus subtilis,4045677.0,1711233
5,ERR2984773,IDBA-UD,Bacillus subtilis,4045677.0,1711247
6,ERR2984773,IDBA-UD,Bacillus subtilis,4045677.0,1711251
7,ERR2984773,IDBA-UD,Bacillus subtilis,4045677.0,1711253
8,ERR2984773,IDBA-UD,Bacillus subtilis,4045677.0,1711281
9,ERR2984773,IDBA-UD,Bacillus subtilis,4045677.0,1711286
10,ERR2984773,IDBA-UD,Bacillus subtilis,4045677.0,1711287
11,ERR2984773,IDBA-UD,Bacillus subtilis,4045677.0,1711288
12,ERR2984773,IDBA-UD,Bacillus subtilis,4045677.0,1711390
13,ERR2984773,IDBA-UD,Bacillus subtilis,4045677.0,1711398
14,ERR2984773,IDBA-UD,Bacillus subtilis,4045677.0,1711514
15,ERR2984773,IDBA-UD,Escherichia coli,4765434.0,1001766.0
16,ERR2984773,IDBA-UD,Escherichia coli,4765434.0,1001772.0
17,ERR2984773,IDBA-UD,Escherichia coli,4765434.0,1001787.0
18,ERR2984773,IDBA-UD,Escherichia coli,4765434.0,1001790.0
19,ERR2984773,IDBA-UD,Escherichia coli,4765434.0,1001793.0
20,ERR2984773,IDBA-UD,Escherichia coli,4765434.0,1001796.0
21,ERR2984773,IDBA-UD,Escherichia coli,4765434.0,3191610
22,ERR2984773,IDBA-UD,Escherichia coli,4765434.0,1521499.0
23,ERR2984773,IDBA-UD,Escherichia coli,4765434.0,1521510.0
24,ERR2984773,IDBA-UD,Escherichia coli,4765434.0,1521519.0
25,ERR2984773,IDBA-UD,Escherichia coli,4765434.0,1521520.0
26,ERR2984773,IDBA-UD,Escherichia coli,4765434.0,1521521.0
27,ERR2984773,IDBA-UD,Escherichia coli,4765434.0,1521526.0
28,ERR2984773,IDBA-UD,Escherichia coli,4765434.0,1521532.0
29,ERR2984773,IDBA-UD,Escherichia coli,4765434.0,1521534.0
30,ERR2984773,IDBA-UD,Escherichia coli,4765434.0,1521547.0
31,ERR2984773,IDBA-UD,Escherichia coli,4765434.0,1521553.0
32,ERR2984773,IDBA-UD,Escherichia coli,4765434.0,1521588.0
33,ERR2984773,IDBA-UD,Escherichia coli,4765434.0,1584838
34,ERR2984773,IDBA-UD,Escherichia coli,4765434.0,1584896
35,ERR2984773,IDBA-UD,Escherichia coli,4765434.0,1584936
36,ERR2984773,IDBA-UD,Escherichia coli,4765434.0,4386030
37,ERR2984773,IDBA-UD,Escherichia coli,4765434.0,2155479.0
38,ERR2984773,IDBA-UD,Escherichia coli,4765434.0,2155482.0
39,ERR2984773,IDBA-UD,Escherichia coli,4765434.0,3450144
40,ERR2984773,IDBA-UD,Escherichia coli,4765434.0,3450179
41,ERR2984773,IDBA-UD,Escherichia coli,4765434.0,4533070.0
42,ERR2984773,IDBA-UD,Escherichia coli,4765434.0,4533079.0
43,ERR2984773,IDBA-UD,Escherichia coli,4765434.0,4533080.0
44,ERR2984773,IDBA-UD,Escherichia coli,4765434.0,4533082.0
45,ERR2984773,IDBA-UD,Escherichia coli,4765434.0,4533084.0
46,ERR2984773,IDBA-UD,Escherichia coli,4765434.0,4533100.0
47,ERR2984773,IDBA-UD,Escherichia coli,4765434.0,4533121.0
48,ERR2984773,IDBA-UD,Escherichia coli,4765434.0,4533125.0
49,ERR2984773,IDBA-UD,Escherichia coli,4765434.0,4533126.0
50,ERR2984773,IDBA-UD,Escherichia coli,4765434.0,4533131.0
51,ERR2984773,IDBA-UD,Escherichia coli,4765434.0,4533133.0
52,ERR2984773,IDBA-UD,Escherichia coli,4765434.0,4533139.0
53,ERR2984773,IDBA-UD,Escherichia coli,4765434.0,4533140.0
54,ERR2984773,IDBA-UD,Escherichia coli,4765434.0,4533142.0
55,ERR2984773,IDBA-UD,Escherichia coli,4765434.0,4533146.0
56,ERR2984773,IDBA-UD,Escherichia coli,4765434.0,4533147.0
57,ERR2984773,IDBA-UD,Escherichia coli,4765434.0,4533150.0
58,ERR2984773,IDBA-UD,Escherichia coli,4765434.0,4533168.0
59,ERR2984773,IDBA-UD,Escherichia coli,4765434.0,4533188.0
60,ERR2984773,IDBA-UD,Escherichia coli,4765434.0,4533202.0
61,ERR2984773,IDBA-UD,Escherichia coli,4765434.0,4533214.0
62,ERR2984773,IDBA-UD,Escherichia coli,4765434.0,4533243.0
63,ERR2984773,IDBA-UD,Escherichia coli,4765434.0,4533265.0
64,ERR2984773,IDBA-UD,Escherichia coli,4765434.0,4553294.0
65,ERR2984773,IDBA-UD,Escherichia coli,4765434.0,4553343.0
66,ERR2984773,IDBA-UD,Escherichia coli,4765434.0,4553349.0
67,ERR2984773,IDBA-UD,Escherichia coli,4765434.0,4553352.0
68,ERR2984773,IDBA-UD,Escherichia coli,4765434.0,2410225
69,ERR2984773,IDBA-UD,Escherichia coli,4765434.0,2410235
70,ERR2984773,IDBA-UD,Escherichia coli,4765434.0,2410238
71,ERR2984773,IDBA-UD,Escherichia coli,4765434.0,2410240
72,ERR2984773,IDBA-UD,Escherichia coli,4765434.0,2410243
73,ERR2984773,IDBA-UD,Escherichia coli,4765434.0,2410246
74,ERR2984773,IDBA-UD,Escherichia coli,4765434.0,2410258
75,ERR2984773,IDBA-UD,Escherichia coli,4765434.0,2410267
76,ERR2984773,IDBA-UD,Escherichia coli,4765434.0,2410276
77,ERR2984773,IDBA-UD,Escherichia coli,4765434.0,2410280
78,ERR2984773,IDBA-UD,Escherichia coli,4765434.0,2410285
79,ERR2984773,IDBA-UD,Escherichia coli,4765434.0,2410291
80,ERR2984773,IDBA-UD,Escherichia coli,4765434.0,3564388.0
81,ERR2984773,IDBA-UD,Escherichia coli,4765434.0,3579587.0
82,ERR2984773,IDBA-UD,Escherichia coli,4765434.0,3579599.0
83,ERR2984773,IDBA-UD,Escherichia coli,4765434.0,3579602.0
84,ERR2984773,IDBA-UD,Escherichia coli,4765434.0,3579614.0
85,ERR2984773,IDBA-UD,Escherichia coli,4765434.0,3579629.0
86,ERR2984773,IDBA-UD,Escherichia coli,4765434.0,3579633.0
87,ERR2984773,IDBA-UD,Escherichia coli,4765434.0,2625041.0
88,ERR2984773,IDBA-UD,Escherichia coli,4765434.0,1260668.0
89,ERR2984773,IDBA-UD,Escherichia coli,4765434.0,1041887
90,ERR2984773,IDBA-UD,Escherichia coli,4765434.0,1041898
91,ERR2984773,IDBA-UD,Escherichia coli,4765434.0,1041939
92,ERR2984773,IDBA-UD,Escherichia coli,4765434.0,2288260.0
93,ERR2984773,IDBA-UD,Escherichia coli,4765434.0,1966055.0
94,ERR2984773,IDBA-UD,Escherichia coli,4765434.0,1966059.0
95,ERR2984773,IDBA-UD,Escherichia coli,4765434.0,1966068.0
96,ERR2984773,IDBA-UD,Escherichia coli,4765434.0,1966586.0
97,ERR2984773,IDBA-UD,Escherichia coli,4765434.0,1968081.0
98,ERR2984773,IDBA-UD,Escherichia coli,4765434.0,513962
99,ERR2984773,IDBA-UD,Escherichia coli,4765434.0,3870901
100,ERR2984773,IDBA-UD,Escherichia coli,4765434.0,3870964
101,ERR2984773,IDBA-UD,Escherichia coli,4765434.0,1265177.0
102,ERR2984773,IDBA-UD,Escherichia coli,4765434.0,1265189.0
103,ERR2984773,IDBA-UD,Escherichia coli,4765434.0,1265193.0
104,ERR2984773,IDBA-UD,Escherichia coli,4765434.0,1266336.0
105,ERR2984773,IDBA-UD,Escherichia coli,4765434.0,460375.0
106,ERR2984773,IDBA-UD,Escherichia coli,4765434.0,460424.0
107,ERR2984773,IDBA-UD,Escherichia coli,4765434.0,460478.0
108,ERR2984773,IDBA-UD,Escherichia coli,4765434.0,460832.0
109,ERR2984773,IDBA-UD,Escherichia coli,4765434.0,460921.0
110,ERR2984773,IDBA-UD,Escherichia coli,4765434.0,460992.0
111,ERR2984773,IDBA-UD,Escherichia coli,4765434.0,3934514.0
112,ERR2984773,IDBA-UD,Escherichia coli,4765434.0,929646.0
113,ERR2984773,IDBA-UD,Escherichia coli,4765434.0,929658.0
114,ERR2984773,IDBA-UD,Escherichia coli,4765434.0,929681.0
115,ERR2984773,IDBA-UD,Escherichia coli,4765434.0,929697.0
116,ERR2984773,IDBA-UD,Escherichia coli,4765434.0,930303.0
117,ERR2984773,IDBA-UD,Escherichia coli,4765434.0,930304.0
118,ERR2984773,IDBA-UD,Escherichia coli,4765434.0,930358.0
119,ERR2984773,IDBA-UD,Escherichia coli,4765434.0,930373.0
120,ERR2984773,IDBA-UD,Escherichia coli,4765434.0,930382.0
121,ERR2984773,IDBA-UD,Escherichia coli,4765434.0,930627.0
122,ERR2984773,IDBA-UD,Lactobacillus fermentum,1905333.0,571245.0
123,ERR2984773,IDBA-UD,Lactobacillus fermentum,1905333.0,521402
124,ERR2984773,IDBA-UD,Lactobacillus fermentum,1905333.0,521428
125,ERR2984773,IDBA-UD,Lactobacillus fermentum,1905333.0,521490
126,ERR2984773,IDBA-UD,Lactobacillus fermentum,1905333.0,521502
127,ERR2984773,IDBA-UD,Lactobacillus fermentum,1905333.0,1069190.0
128,ERR2984773,IDBA-UD,Lactobacillus fermentum,1905333.0,1069191.0
129,ERR2984773,IDBA-UD,Lactobacillus fermentum,1905333.0,1069194.0
130,ERR2984773,IDBA-UD,Lactobacillus fermentum,1905333.0,1069200.0
131,ERR2984773,IDBA-UD,Lactobacillus fermentum,1905333.0,1069202.0
132,ERR2984773,IDBA-UD,Lactobacillus fermentum,1905333.0,1069206.0
133,ERR2984773,IDBA-UD,Lactobacillus fermentum,1905333.0,1069209.0
134,ERR2984773,IDBA-UD,Lactobacillus fermentum,1905333.0,1069210.0
135,ERR2984773,IDBA-UD,Lactobacillus fermentum,1905333.0,1069211.0
136,ERR2984773,IDBA-UD,Lactobacillus fermentum,1905333.0,347841
137,ERR2984773,IDBA-UD,Lactobacillus fermentum,1905333.0,793205
138,ERR2984773,IDBA-UD,Lactobacillus fermentum,1905333.0,793220
139,ERR2984773,IDBA-UD,Lactobacillus fermentum,1905333.0,793258
140,ERR2984773,IDBA-UD,Lactobacillus fermentum,1905333.0,1055157.0
141,ERR2984773,IDBA-UD,Lactobacillus fermentum,1905333.0,688977.0
142,ERR2984773,IDBA-UD,Lactobacillus fermentum,1905333.0,688979.0
143,ERR2984773,IDBA-UD,Lactobacillus fermentum,1905333.0,688983.0
144,ERR2984773,IDBA-UD,Lactobacillus fermentum,1905333.0,689225.0
145,ERR2984773,IDBA-UD,Lactobacillus fermentum,1905333.0,689267.0
146,ERR2984773,IDBA-UD,Lactobacillus fermentum,1905333.0,689270.0
147,ERR2984773,IDBA-UD,Lactobacillus fermentum,1905333.0,689312.0
148,ERR2984773,IDBA-UD,Lactobacillus fermentum,1905333.0,689331.0
149,ERR2984773,IDBA-UD,Lactobacillus fermentum,1905333.0,689392.0
150,ERR2984773,IDBA-UD,Lactobacillus fermentum,1905333.0,689401.0
151,ERR2984773,IDBA-UD,Lactobacillus fermentum,1905333.0,689405.0
152,ERR2984773,IDBA-UD,Listeria monocytogenes,2992342.0,1313109.0
153,ERR2984773,IDBA-UD,Listeria monocytogenes,2992342.0,1087407
154,ERR2984773,IDBA-UD,Listeria monocytogenes,2992342.0,1087410
155,ERR2984773,IDBA-UD,Listeria monocytogenes,2992342.0,1087490
156,ERR2984773,IDBA-UD,Listeria monocytogenes,2992342.0,1087517
157,ERR2984773,IDBA-UD,Listeria monocytogenes,2992342.0,1087812
158,ERR2984773,IDBA-UD,Pseudomonas aeruginosa,6792330.0,5700368.0
159,ERR2984773,IDBA-UD,Pseudomonas aeruginosa,6792330.0,4020099
160,ERR2984773,IDBA-UD,Pseudomonas aeruginosa,6792330.0,2426365.0
161,ERR2984773,IDBA-UD,Pseudomonas aeruginosa,6792330.0,2426374.0
162,ERR2984773,IDBA-UD,Pseudomonas aeruginosa,6792330.0,2426389.0
163,ERR2984773,IDBA-UD,Pseudomonas aeruginosa,6792330.0,117806
164,ERR2984773,IDBA-UD,Pseudomonas aeruginosa,6792330.0,461446
165,ERR2984773,IDBA-UD,Pseudomonas aeruginosa,6792330.0,3979906
166,ERR2984773,IDBA-UD,Pseudomonas aeruginosa,6792330.0,3979954
167,ERR2984773,IDBA-UD,Pseudomonas aeruginosa,6792330.0,3980251
168,ERR2984773,IDBA-UD,Pseudomonas aeruginosa,6792330.0,2724808.0
169,ERR2984773,IDBA-UD,Pseudomonas aeruginosa,6792330.0,2724893.0
170,ERR2984773,IDBA-UD,Pseudomonas aeruginosa,6792330.0,2725319.0
171,ERR2984773,IDBA-UD,Pseudomonas aeruginosa,6792330.0,2725352.0
172,ERR2984773,IDBA-UD,Pseudomonas aeruginosa,6792330.0,2725385.0
173,ERR2984773,IDBA-UD,Pseudomonas aeruginosa,6792330.0,2725438.0
174,ERR2984773,IDBA-UD,Pseudomonas aeruginosa,6792330.0,2725472.0
175,ERR2984773,IDBA-UD,Pseudomonas aeruginosa,6792330.0,2725473.0
176,ERR2984773,IDBA-UD,Pseudomonas aeruginosa,6792330.0,2725751.0
177,ERR2984773,IDBA-UD,Pseudomonas aeruginosa,6792330.0,2726165.0
178,ERR2984773,IDBA-UD,Pseudomonas aeruginosa,6792330.0,2726406.0
179,ERR2984773,IDBA-UD,Pseudomonas aeruginosa,6792330.0,2726509.0
180,ERR2984773,IDBA-UD,Pseudomonas aeruginosa,6792330.0,2726511.0
181,ERR2984773,IDBA-UD,Pseudomonas aeruginosa,6792330.0,1167371.0
182,ERR2984773,IDBA-UD,Pseudomonas aeruginosa,6792330.0,1167404.0
183,ERR2984773,IDBA-UD,Pseudomonas aeruginosa,6792330.0,1167429.0
184,ERR2984773,IDBA-UD,Pseudomonas aeruginosa,6792330.0,1167460.0
185,ERR2984773,IDBA-UD,Pseudomonas aeruginosa,6792330.0,1167466.0
186,ERR2984773,IDBA-UD,Pseudomonas aeruginosa,6792330.0,1167467.0
187,ERR2984773,IDBA-UD,Pseudomonas aeruginosa,6792330.0,1167468.0
188,ERR2984773,IDBA-UD,Pseudomonas aeruginosa,6792330.0,1167469.0
189,ERR2984773,IDBA-UD,Pseudomonas aeruginosa,6792330.0,1167534.0
190,ERR2984773,IDBA-UD,Pseudomonas aeruginosa,6792330.0,1167565.0
191,ERR2984773,IDBA-UD,Pseudomonas aeruginosa,6792330.0,1167586.0
192,ERR2984773,IDBA-UD,Pseudomonas aeruginosa,6792330.0,1167601.0
193,ERR2984773,IDBA-UD,Pseudomonas aeruginosa,6792330.0,1167604.0
194,ERR2984773,IDBA-UD,Pseudomonas aeruginosa,6792330.0,1167628.0
195,ERR2984773,IDBA-UD,Pseudomonas aeruginosa,6792330.0,1167631.0
196,ERR2984773,IDBA-UD,Pseudomonas aeruginosa,6792330.0,1167634.0
197,ERR2984773,IDBA-UD,Pseudomonas aeruginosa,6792330.0,1167637.0
198,ERR2984773,IDBA-UD,Pseudomonas aeruginosa,6792330.0,1167639.0
199,ERR2984773,IDBA-UD,Pseudomonas aeruginosa,6792330.0,1167643.0
200,ERR2984773,IDBA-UD,Pseudomonas aeruginosa,6792330.0,1167646.0
201,ERR2984773,IDBA-UD,Pseudomonas aeruginosa,6792330.0,1167651.0
202,ERR2984773,IDBA-UD,Pseudomonas aeruginosa,6792330.0,1167664.0
203,ERR2984773,IDBA-UD,Pseudomonas aeruginosa,6792330.0,1167679.0
204,ERR2984773,IDBA-UD,Pseudomonas aeruginosa,6792330.0,1167694.0
205,ERR2984773,IDBA-UD,Pseudomonas aeruginosa,6792330.0,1167711.0
206,ERR2984773,IDBA-UD,Pseudomonas aeruginosa,6792330.0,1167726.0
207,ERR2984773,IDBA-UD,Pseudomonas aeruginosa,6792330.0,1167734.0
208,ERR2984773,IDBA-UD,Pseudomonas aeruginosa,6792330.0,1167737.0
209,ERR2984773,IDBA-UD,Pseudomonas aeruginosa,6792330.0,1167746.0
210,ERR2984773,IDBA-UD,Pseudomonas aeruginosa,6792330.0,1167756.0
211,ERR2984773,IDBA-UD,Pseudomonas aeruginosa,6792330.0,1167758.0
212,ERR2984773,IDBA-UD,Pseudomonas aeruginosa,6792330.0,1167766.0
213,ERR2984773,IDBA-UD,Pseudomonas aeruginosa,6792330.0,1167769.0
214,ERR2984773,IDBA-UD,Pseudomonas aeruginosa,6792330.0,1167774.0
215,ERR2984773,IDBA-UD,Pseudomonas aeruginosa,6792330.0,1167775.0
216,ERR2984773,IDBA-UD,Pseudomonas aeruginosa,6792330.0,1167779.0
217,ERR2984773,IDBA-UD,Pseudomonas aeruginosa,6792330.0,1167780.0
218,ERR2984773,IDBA-UD,Pseudomonas aeruginosa,6792330.0,1167813.0
219,ERR2984773,IDBA-UD,Pseudomonas aeruginosa,6792330.0,1167815.0
220,ERR2984773,IDBA-UD,Pseudomonas aeruginosa,6792330.0,1167818.0
221,ERR2984773,IDBA-UD,Pseudomonas aeruginosa,6792330.0,1167819.0
222,ERR2984773,IDBA-UD,Pseudomonas aeruginosa,6792330.0,1167826.0
223,ERR2984773,IDBA-UD,Pseudomonas aeruginosa,6792330.0,1167828.0
224,ERR2984773,IDBA-UD,Pseudomonas aeruginosa,6792330.0,1167839.0
225,ERR2984773,IDBA-UD,Pseudomonas aeruginosa,6792330.0,1167840.0
226,ERR2984773,IDBA-UD,Pseudomonas aeruginosa,6792330.0,1167841.0
227,ERR2984773,IDBA-UD,Pseudomonas aeruginosa,6792330.0,1167846.0
228,ERR2984773,IDBA-UD,Pseudomonas aeruginosa,6792330.0,1167847.0
229,ERR2984773,IDBA-UD,Pseudomonas aeruginosa,6792330.0,1167852.0
230,ERR2984773,IDBA-UD,Pseudomonas aeruginosa,6792330.0,1167854.0
231,ERR2984773,IDBA-UD,Pseudomonas aeruginosa,6792330.0,1167872.0
232,ERR2984773,IDBA-UD,Pseudomonas aeruginosa,6792330.0,1167879.0
233,ERR2984773,IDBA-UD,Pseudomonas aeruginosa,6792330.0,1167882.0
234,ERR2984773,IDBA-UD,Pseudomonas aeruginosa,6792330.0,1167885.0
235,ERR2984773,IDBA-UD,Pseudomonas aeruginosa,6792330.0,1167887.0
236,ERR2984773,IDBA-UD,Pseudomonas aeruginosa,6792330.0,1167888.0
237,ERR2984773,IDBA-UD,Pseudomonas aeruginosa,6792330.0,1167909.0
238,ERR2984773,IDBA-UD,Pseudomonas aeruginosa,6792330.0,1167912.0
239,ERR2984773,IDBA-UD,Pseudomonas aeruginosa,6792330.0,1167925.0
240,ERR2984773,IDBA-UD,Pseudomonas aeruginosa,6792330.0,1167932.0
241,ERR2984773,IDBA-UD,Pseudomonas aeruginosa,6792330.0,1167959.0
242,ERR2984773,IDBA-UD,Pseudomonas aeruginosa,6792330.0,1167970.0
243,ERR2984773,IDBA-UD,Pseudomonas aeruginosa,6792330.0,1167990.0
244,ERR2984773,IDBA-UD,Pseudomonas aeruginosa,6792330.0,1167996.0
245,ERR2984773,IDBA-UD,Pseudomonas aeruginosa,6792330.0,1168005.0
246,ERR2984773,IDBA-UD,Pseudomonas aeruginosa,6792330.0,1168050.0
247,ERR2984773,IDBA-UD,Pseudomonas aeruginosa,6792330.0,1168082.0
248,ERR2984773,IDBA-UD,Pseudomonas aeruginosa,6792330.0,1168091.0
249,ERR2984773,IDBA-UD,Pseudomonas aeruginosa,6792330.0,1168107.0
250,ERR2984773,IDBA-UD,Pseudomonas aeruginosa,6792330.0,1168110.0
251,ERR2984773,IDBA-UD,Pseudomonas aeruginosa,6792330.0,1168127.0
252,ERR2984773,IDBA-UD,Pseudomonas aeruginosa,6792330.0,1168143.0
253,ERR2984773,IDBA-UD,Pseudomonas aeruginosa,6792330.0,1168179.0
254,ERR2984773,IDBA-UD,Pseudomonas aeruginosa,6792330.0,1168185.0
255,ERR2984773,IDBA-UD,Pseudomonas aeruginosa,6792330.0,1168197.0
256,ERR2984773,IDBA-UD,Pseudomonas aeruginosa,6792330.0,1168200.0
257,ERR2984773,IDBA-UD,Pseudomonas aeruginosa,6792330.0,1168209.0
258,ERR2984773,IDBA-UD,Pseudomonas aeruginosa,6792330.0,1168212.0
259,ERR2984773,IDBA-UD,Pseudomonas aeruginosa,6792330.0,1168230.0
260,ERR2984773,IDBA-UD,Pseudomonas aeruginosa,6792330.0,1168242.0
261,ERR2984773,IDBA-UD,Pseudomonas aeruginosa,6792330.0,1168260.0
262,ERR2984773,IDBA-UD,Pseudomonas aeruginosa,6792330.0,1168262.0
263,ERR2984773,IDBA-UD,Pseudomonas aeruginosa,6792330.0,1168287.0
264,ERR2984773,IDBA-UD,Pseudomonas aeruginosa,6792330.0,1168359.0
265,ERR2984773,IDBA-UD,Pseudomonas aeruginosa,6792330.0,1168374.0
266,ERR2984773,IDBA-UD,Pseudomonas aeruginosa,6792330.0,1168380.0
267,ERR2984773,IDBA-UD,Pseudomonas aeruginosa,6792330.0,1168404.0
268,ERR2984773,IDBA-UD,Pseudomonas aeruginosa,6792330.0,1168407.0
269,ERR2984773,IDBA-UD,Pseudomonas aeruginosa,6792330.0,1168434.0
270,ERR2984773,IDBA-UD,Pseudomonas aeruginosa,6792330.0,1168440.0
271,ERR2984773,IDBA-UD,Pseudomonas aeruginosa,6792330.0,1168445.0
272,ERR2984773,IDBA-UD,Pseudomonas aeruginosa,6792330.0,1168514.0
273,ERR2984773,IDBA-UD,Pseudomonas aeruginosa,6792330.0,1168527.0
274,ERR2984773,IDBA-UD,Pseudomonas aeruginosa,6792330.0,1168551.0
275,ERR2984773,IDBA-UD,Pseudomonas aeruginosa,6792330.0,1168559.0
276,ERR2984773,IDBA-UD,Pseudomonas aeruginosa,6792330.0,1168578.0
277,ERR2984773,IDBA-UD,Pseudomonas aeruginosa,6792330.0,1168581.0
278,ERR2984773,IDBA-UD,Pseudomonas aeruginosa,6792330.0,1168584.0
279,ERR2984773,IDBA-UD,Pseudomonas aeruginosa,6792330.0,1168593.0
280,ERR2984773,IDBA-UD,Pseudomonas aeruginosa,6792330.0,2720138.0
281,ERR2984773,IDBA-UD,Pseudomonas aeruginosa,6792330.0,2720156.0
282,ERR2984773,IDBA-UD,Pseudomonas aeruginosa,6792330.0,2720219.0
283,ERR2984773,IDBA-UD,Pseudomonas aeruginosa,6792330.0,2726830.0
284,ERR2984773,IDBA-UD,Pseudomonas aeruginosa,6792330.0,2726984.0
285,ERR2984773,IDBA-UD,Pseudomonas aeruginosa,6792330.0,2727029.0
286,ERR2984773,IDBA-UD,Pseudomonas aeruginosa,6792330.0,2727056.0
287,ERR2984773,IDBA-UD,Pseudomonas aeruginosa,6792330.0,2727140.0
288,ERR2984773,IDBA-UD,Pseudomonas aeruginosa,6792330.0,2727235.0
289,ERR2984773,IDBA-UD,Pseudomonas aeruginosa,6792330.0,2727674.0
290,ERR2984773,IDBA-UD,Pseudomonas aeruginosa,6792330.0,3548031.0
291,ERR2984773,IDBA-UD,Pseudomonas aeruginosa,6792330.0,3548164.0
292,ERR2984773,IDBA-UD,Salmonella enterica,4759746.0,596129.0
293,ERR2984773,IDBA-UD,Salmonella enterica,4759746.0,596225.0
294,ERR2984773,IDBA-UD,Salmonella enterica,4759746.0,596243.0
295,ERR2984773,IDBA-UD,Salmonella enterica,4759746.0,596249.0
296,ERR2984773,IDBA-UD,Salmonella enterica,4759746.0,1390539.0
297,ERR2984773,IDBA-UD,Salmonella enterica,4759746.0,1390623.0
298,ERR2984773,IDBA-UD,Salmonella enterica,4759746.0,1390629.0
299,ERR2984773,IDBA-UD,Salmonella enterica,4759746.0,1390632.0
300,ERR2984773,IDBA-UD,Salmonella enterica,4759746.0,1390664.0
301,ERR2984773,IDBA-UD,Salmonella enterica,4759746.0,1390674.0
302,ERR2984773,IDBA-UD,Salmonella enterica,4759746.0,1390680.0
303,ERR2984773,IDBA-UD,Salmonella enterica,4759746.0,1390683.0
304,ERR2984773,IDBA-UD,Salmonella enterica,4759746.0,1390686.0
305,ERR2984773,IDBA-UD,Salmonella enterica,4759746.0,1390689.0
306,ERR2984773,IDBA-UD,Salmonella enterica,4759746.0,1616252.0
307,ERR2984773,IDBA-UD,Salmonella enterica,4759746.0,4431140.0
308,ERR2984773,IDBA-UD,Salmonella enterica,4759746.0,4431143.0
309,ERR2984773,IDBA-UD,Salmonella enterica,4759746.0,4431155.0
310,ERR2984773,IDBA-UD,Salmonella enterica,4759746.0,4431156.0
311,ERR2984773,IDBA-UD,Salmonella enterica,4759746.0,4431162.0
312,ERR2984773,IDBA-UD,Salmonella enterica,4759746.0,4431163.0
313,ERR2984773,IDBA-UD,Salmonella enterica,4759746.0,4431186.0
314,ERR2984773,IDBA-UD,Salmonella enterica,4759746.0,4431187.0
315,ERR2984773,IDBA-UD,Salmonella enterica,4759746.0,4431188.0
316,ERR2984773,IDBA-UD,Salmonella enterica,4759746.0,4431189.0
317,ERR2984773,IDBA-UD,Salmonella enterica,4759746.0,4431190.0
318,ERR2984773,IDBA-UD,Salmonella enterica,4759746.0,4431203.0
319,ERR2984773,IDBA-UD,Salmonella enterica,4759746.0,4431207.0
320,ERR2984773,IDBA-UD,Salmonella enterica,4759746.0,4431208.0
321,ERR2984773,IDBA-UD,Salmonella enterica,4759746.0,4431213.0
322,ERR2984773,IDBA-UD,Salmonella enterica,4759746.0,4431214.0
323,ERR2984773,IDBA-UD,Salmonella enterica,4759746.0,4431216.0
324,ERR2984773,IDBA-UD,Salmonella enterica,4759746.0,4431219.0
325,ERR2984773,IDBA-UD,Salmonella enterica,4759746.0,4431227.0
326,ERR2984773,IDBA-UD,Salmonella enterica,4759746.0,4431228.0
327,ERR2984773,IDBA-UD,Salmonella enterica,4759746.0,4431234.0
328,ERR2984773,IDBA-UD,Salmonella enterica,4759746.0,4431236.0
329,ERR2984773,IDBA-UD,Salmonella enterica,4759746.0,4431253.0
330,ERR2984773,IDBA-UD,Salmonella enterica,4759746.0,4431254.0
331,ERR2984773,IDBA-UD,Salmonella enterica,4759746.0,4431261.0
332,ERR2984773,IDBA-UD,Salmonella enterica,4759746.0,4431263.0
333,ERR2984773,IDBA-UD,Salmonella enterica,4759746.0,4431264.0
334,ERR2984773,IDBA-UD,Salmonella enterica,4759746.0,4431268.0
335,ERR2984773,IDBA-UD,Salmonella enterica,4759746.0,4431274.0
336,ERR2984773,IDBA-UD,Salmonella enterica,4759746.0,4431283.0
337,ERR2984773,IDBA-UD,Salmonella enterica,4759746.0,4431295.0
338,ERR2984773,IDBA-UD,Salmonella enterica,4759746.0,4431297.0
339,ERR2984773,IDBA-UD,Salmonella enterica,4759746.0,4431298.0
340,ERR2984773,IDBA-UD,Salmonella enterica,4759746.0,4431299.0
341,ERR2984773,IDBA-UD,Salmonella enterica,4759746.0,4431304.0
342,ERR2984773,IDBA-UD,Salmonella enterica,4759746.0,4431315.0
343,ERR2984773,IDBA-UD,Salmonella enterica,4759746.0,4431319.0
344,ERR2984773,IDBA-UD,Salmonella enterica,4759746.0,4431322.0
345,ERR2984773,IDBA-UD,Salmonella enterica,4759746.0,4431331.0
346,ERR2984773,IDBA-UD,Salmonella enterica,4759746.0,4431334.0
347,ERR2984773,IDBA-UD,Salmonella enterica,4759746.0,4431337.0
348,ERR2984773,IDBA-UD,Salmonella enterica,4759746.0,4431343.0
349,ERR2984773,IDBA-UD,Salmonella enterica,4759746.0,4431358.0
350,ERR2984773,IDBA-UD,Salmonella enterica,4759746.0,4431361.0
351,ERR2984773,IDBA-UD,Salmonella enterica,4759746.0,4431367.0
352,ERR2984773,IDBA-UD,Salmonella enterica,4759746.0,4431370.0
353,ERR2984773,IDBA-UD,Salmonella enterica,4759746.0,4431379.0
354,ERR2984773,IDBA-UD,Salmonella enterica,4759746.0,4431382.0
355,ERR2984773,IDBA-UD,Salmonella enterica,4759746.0,4431385.0
356,ERR2984773,IDBA-UD,Salmonella enterica,4759746.0,4431388.0
357,ERR2984773,IDBA-UD,Salmonella enterica,4759746.0,4431394.0
358,ERR2984773,IDBA-UD,Salmonella enterica,4759746.0,4431397.0
359,ERR2984773,IDBA-UD,Salmonella enterica,4759746.0,4431400.0
360,ERR2984773,IDBA-UD,Salmonella enterica,4759746.0,4431403.0
361,ERR2984773,IDBA-UD,Salmonella enterica,4759746.0,4431413.0
362,ERR2984773,IDBA-UD,Salmonella enterica,4759746.0,4431424.0
363,ERR2984773,IDBA-UD,Salmonella enterica,4759746.0,4431427.0
364,ERR2984773,IDBA-UD,Salmonella enterica,4759746.0,4431430.0
365,ERR2984773,IDBA-UD,Salmonella enterica,4759746.0,4431433.0
366,ERR2984773,IDBA-UD,Salmonella enterica,4759746.0,4431436.0
367,ERR2984773,IDBA-UD,Salmonella enterica,4759746.0,4431437.0
368,ERR2984773,IDBA-UD,Salmonella enterica,4759746.0,4431445.0
369,ERR2984773,IDBA-UD,Salmonella enterica,4759746.0,4431448.0
370,ERR2984773,IDBA-UD,Salmonella enterica,4759746.0,4431449.0
371,ERR2984773,IDBA-UD,Salmonella enterica,4759746.0,4431459.0
372,ERR2984773,IDBA-UD,Salmonella enterica,4759746.0,4431469.0
373,ERR2984773,IDBA-UD,Salmonella enterica,4759746.0,4431473.0
374,ERR2984773,IDBA-UD,Salmonella enterica,4759746.0,4431478.0
375,ERR2984773,IDBA-UD,Salmonella enterica,4759746.0,4431496.0
376,ERR2984773,IDBA-UD,Salmonella enterica,4759746.0,4431505.0
377,ERR2984773,IDBA-UD,Salmonella enterica,4759746.0,4431508.0
378,ERR2984773,IDBA-UD,Salmonella enterica,4759746.0,4431511.0
379,ERR2984773,IDBA-UD,Salmonella enterica,4759746.0,4431514.0
380,ERR2984773,IDBA-UD,Salmonella enterica,4759746.0,4431520.0
381,ERR2984773,IDBA-UD,Salmonella enterica,4759746.0,4431523.0
382,ERR2984773,IDBA-UD,Salmonella enterica,4759746.0,4431532.0
383,ERR2984773,IDBA-UD,Salmonella enterica,4759746.0,4431535.0
384,ERR2984773,IDBA-UD,Salmonella enterica,4759746.0,4431547.0
385,ERR2984773,IDBA-UD,Salmonella enterica,4759746.0,4431553.0
386,ERR2984773,IDBA-UD,Salmonella enterica,4759746.0,4431559.0
387,ERR2984773,IDBA-UD,Salmonella enterica,4759746.0,4431565.0
388,ERR2984773,IDBA-UD,Salmonella enterica,4759746.0,4431568.0
389,ERR2984773,IDBA-UD,Salmonella enterica,4759746.0,4431572.0
390,ERR2984773,IDBA-UD,Salmonella enterica,4759746.0,4431574.0
391,ERR2984773,IDBA-UD,Salmonella enterica,4759746.0,4431577.0
392,ERR2984773,IDBA-UD,Salmonella enterica,4759746.0,4431580.0
393,ERR2984773,IDBA-UD,Salmonella enterica,4759746.0,4431583.0
394,ERR2984773,IDBA-UD,Salmonella enterica,4759746.0,4431589.0
395,ERR2984773,IDBA-UD,Salmonella enterica,4759746.0,4431592.0
396,ERR2984773,IDBA-UD,Salmonella enterica,4759746.0,4431595.0
397,ERR2984773,IDBA-UD,Salmonella enterica,4759746.0,4431598.0
398,ERR2984773,IDBA-UD,Salmonella enterica,4759746.0,4431604.0
399,ERR2984773,IDBA-UD,Salmonella enterica,4759746.0,4431607.0
400,ERR2984773,IDBA-UD,Salmonella enterica,4759746.0,4431613.0
401,ERR2984773,IDBA-UD,Salmonella enterica,4759746.0,4431622.0
402,ERR2984773,IDBA-UD,Salmonella enterica,4759746.0,4431625.0
403,ERR2984773,IDBA-UD,Salmonella enterica,4759746.0,4431626.0
404,ERR2984773,IDBA-UD,Salmonella enterica,4759746.0,4431628.0
405,ERR2984773,IDBA-UD,Salmonella enterica,4759746.0,4431630.0
406,ERR2984773,IDBA-UD,Salmonella enterica,4759746.0,4431631.0
407,ERR2984773,IDBA-UD,Salmonella enterica,4759746.0,4431655.0
408,ERR2984773,IDBA-UD,Salmonella enterica,4759746.0,4431676.0
409,ERR2984773,IDBA-UD,Salmonella enterica,4759746.0,4431682.0
410,ERR2984773,IDBA-UD,Salmonella enterica,4759746.0,4431699.0
411,ERR2984773,IDBA-UD,Salmonella enterica,4759746.0,4431700.0
412,ERR2984773,IDBA-UD,Salmonella enterica,4759746.0,4431706.0
413,ERR2984773,IDBA-UD,Salmonella enterica,4759746.0,4431708.0
414,ERR2984773,IDBA-UD,Salmonella enterica,4759746.0,4431709.0
415,ERR2984773,IDBA-UD,Salmonella enterica,4759746.0,4431710.0
416,ERR2984773,IDBA-UD,Salmonella enterica,4759746.0,4431712.0
417,ERR2984773,IDBA-UD,Salmonella enterica,4759746.0,4431719.0
418,ERR2984773,IDBA-UD,Salmonella enterica,4759746.0,4431720.0
419,ERR2984773,IDBA-UD,Salmonella enterica,4759746.0,4431721.0
420,ERR2984773,IDBA-UD,Salmonella enterica,4759746.0,4431727.0
421,ERR2984773,IDBA-UD,Salmonella enterica,4759746.0,4431729.0
422,ERR2984773,IDBA-UD,Salmonella enterica,4759746.0,4431734.0
423,ERR2984773,IDBA-UD,Salmonella enterica,4759746.0,4431742.0
424,ERR2984773,IDBA-UD,Salmonella enterica,4759746.0,4431745.0
425,ERR2984773,IDBA-UD,Salmonella enterica,4759746.0,4431751.0
426,ERR2984773,IDBA-UD,Salmonella enterica,4759746.0,4431757.0
427,ERR2984773,IDBA-UD,Salmonella enterica,4759746.0,4431760.0
428,ERR2984773,IDBA-UD,Salmonella enterica,4759746.0,4431763.0
429,ERR2984773,IDBA-UD,Salmonella enterica,4759746.0,4431769.0
430,ERR2984773,IDBA-UD,Salmonella enterica,4759746.0,4431775.0
431,ERR2984773,IDBA-UD,Salmonella enterica,4759746.0,4431776.0
432,ERR2984773,IDBA-UD,Salmonella enterica,4759746.0,4431784.0
433,ERR2984773,IDBA-UD,Salmonella enterica,4759746.0,4431793.0
434,ERR2984773,IDBA-UD,Salmonella enterica,4759746.0,4431805.0
435,ERR2984773,IDBA-UD,Salmonella enterica,4759746.0,4431811.0
436,ERR2984773,IDBA-UD,Salmonella enterica,4759746.0,4431814.0
437,ERR2984773,IDBA-UD,Salmonella enterica,4759746.0,4431818.0
438,ERR2984773,IDBA-UD,Salmonella enterica,4759746.0,4431822.0
439,ERR2984773,IDBA-UD,Salmonella enterica,4759746.0,4431829.0
440,ERR2984773,IDBA-UD,Salmonella enterica,4759746.0,4431831.0
441,ERR2984773,IDBA-UD,Salmonella enterica,4759746.0,4431832.0
442,ERR2984773,IDBA-UD,Salmonella enterica,4759746.0,4431834.0
443,ERR2984773,IDBA-UD,Salmonella enterica,4759746.0,4431841.0
444,ERR2984773,IDBA-UD,Salmonella enterica,4759746.0,4431844.0
445,ERR2984773,IDBA-UD,Salmonella enterica,4759746.0,4431850.0
446,ERR2984773,IDBA-UD,Salmonella enterica,4759746.0,4431853.0
447,ERR2984773,IDBA-UD,Salmonella enterica,4759746.0,4431857.0
448,ERR2984773,IDBA-UD,Salmonella enterica,4759746.0,4431859.0
449,ERR2984773,IDBA-UD,Salmonella enterica,4759746.0,4431862.0
450,ERR2984773,IDBA-UD,Salmonella enterica,4759746.0,4431865.0
451,ERR2984773,IDBA-UD,Salmonella enterica,4759746.0,4431866.0
452,ERR2984773,IDBA-UD,Salmonella enterica,4759746.0,4431868.0
453,ERR2984773,IDBA-UD,Salmonella enterica,4759746.0,4431871.0
454,ERR2984773,IDBA-UD,Salmonella enterica,4759746.0,4431873.0
455,ERR2984773,IDBA-UD,Salmonella enterica,4759746.0,4431877.0
456,ERR2984773,IDBA-UD,Salmonella enterica,4759746.0,4431880.0
457,ERR2984773,IDBA-UD,Salmonella enterica,4759746.0,4431886.0
458,ERR2984773,IDBA-UD,Salmonella enterica,4759746.0,4431889.0
459,ERR2984773,IDBA-UD,Salmonella enterica,4759746.0,4431895.0
460,ERR2984773,IDBA-UD,Salmonella enterica,4759746.0,4431916.0
461,ERR2984773,IDBA-UD,Salmonella enterica,4759746.0,4431922.0
462,ERR2984773,IDBA-UD,Salmonella enterica,4759746.0,4431925.0
463,ERR2984773,IDBA-UD,Salmonella enterica,4759746.0,4431934.0
464,ERR2984773,IDBA-UD,Salmonella enterica,4759746.0,4431949.0
465,ERR2984773,IDBA-UD,Salmonella enterica,4759746.0,4431953.0
466,ERR2984773,IDBA-UD,Salmonella enterica,4759746.0,4431954.0
467,ERR2984773,IDBA-UD,Salmonella enterica,4759746.0,4431955.0
468,ERR2984773,IDBA-UD,Salmonella enterica,4759746.0,4431964.0
469,ERR2984773,IDBA-UD,Salmonella enterica,4759746.0,4431965.0
470,ERR2984773,IDBA-UD,Salmonella enterica,4759746.0,4431979.0
471,ERR2984773,IDBA-UD,Salmonella enterica,4759746.0,4431994.0
472,ERR2984773,IDBA-UD,Salmonella enterica,4759746.0,4432021.0
473,ERR2984773,IDBA-UD,Salmonella enterica,4759746.0,3804342
474,ERR2984773,IDBA-UD,Salmonella enterica,4759746.0,3804359
475,ERR2984773,IDBA-UD,Salmonella enterica,4759746.0,2497521.0
476,ERR2984773,IDBA-UD,Salmonella enterica,4759746.0,2497539.0
477,ERR2984773,IDBA-UD,Salmonella enterica,4759746.0,2497575.0
478,ERR2984773,IDBA-UD,Salmonella enterica,4759746.0,2497626.0
479,ERR2984773,IDBA-UD,Salmonella enterica,4759746.0,2497641.0
480,ERR2984773,IDBA-UD,Salmonella enterica,4759746.0,4389336.0
481,ERR2984773,IDBA-UD,Salmonella enterica,4759746.0,4124146
482,ERR2984773,IDBA-UD,Salmonella enterica,4759746.0,2436551.0
483,ERR2984773,IDBA-UD,Salmonella enterica,4759746.0,1229290.0
484,ERR2984773,IDBA-UD,Salmonella enterica,4759746.0,2027556.0
485,ERR2984773,IDBA-UD,Salmonella enterica,4759746.0,2027609.0
486,ERR2984773,IDBA-UD,Salmonella enterica,4759746.0,2027610.0
487,ERR2984773,IDBA-UD,Salmonella enterica,4759746.0,2027639.0
488,ERR2984773,IDBA-UD,Salmonella enterica,4759746.0,2027729.0
489,ERR2984773,IDBA-UD,Salmonella enterica,4759746.0,2027869.0
490,ERR2984773,IDBA-UD,Salmonella enterica,4759746.0,2027872.0
491,ERR2984773,IDBA-UD,Salmonella enterica,4759746.0,2027992.0
492,ERR2984773,IDBA-UD,Salmonella enterica,4759746.0,2028097.0
493,ERR2984773,IDBA-UD,Salmonella enterica,4759746.0,2028123.0
494,ERR2984773,IDBA-UD,Salmonella enterica,4759746.0,2028124.0
495,ERR2984773,IDBA-UD,Salmonella enterica,4759746.0,2028139.0
496,ERR2984773,IDBA-UD,Salmonella enterica,4759746.0,2028145.0
497,ERR2984773,IDBA-UD,Salmonella enterica,4759746.0,2028235.0
498,ERR2984773,IDBA-UD,Salmonella enterica,4759746.0,2028238.0
499,ERR2984773,IDBA-UD,Salmonella enterica,4759746.0,2028328.0
