,Sample,Assembler,Reference,Reference Length,SNP Location
0,ERR2984773,SKESA,Escherichia coli,4765434.0,2410225.0
1,ERR2984773,SKESA,Escherichia coli,4765434.0,2410235.0
2,ERR2984773,SKESA,Escherichia coli,4765434.0,2410238.0
3,ERR2984773,SKESA,Escherichia coli,4765434.0,2410240.0
4,ERR2984773,SKESA,Escherichia coli,4765434.0,2410243.0
5,ERR2984773,SKESA,Escherichia coli,4765434.0,2410246.0
6,ERR2984773,SKESA,Escherichia coli,4765434.0,2410258.0
7,ERR2984773,SKESA,Escherichia coli,4765434.0,2410267.0
8,ERR2984773,SKESA,Escherichia coli,4765434.0,2410276.0
9,ERR2984773,SKESA,Escherichia coli,4765434.0,2410280.0
10,ERR2984773,SKESA,Escherichia coli,4765434.0,2410285.0
11,ERR2984773,SKESA,Escherichia coli,4765434.0,2410291.0
12,ERR2984773,SKESA,Escherichia coli,4765434.0,1571708.0
13,ERR2984773,SKESA,Escherichia coli,4765434.0,1571711.0
14,ERR2984773,SKESA,Escherichia coli,4765434.0,1571721.0
15,ERR2984773,SKESA,Escherichia coli,4765434.0,1571747.0
16,ERR2984773,SKESA,Escherichia coli,4765434.0,1571749.0
17,ERR2984773,SKESA,Escherichia coli,4765434.0,1571750.0
18,ERR2984773,SKESA,Escherichia coli,4765434.0,1571759.0
19,ERR2984773,SKESA,Escherichia coli,4765434.0,1571786.0
20,ERR2984773,SKESA,Escherichia coli,4765434.0,3480394.0
21,ERR2984773,SKESA,Escherichia coli,4765434.0,3480415.0
22,ERR2984773,SKESA,Escherichia coli,4765434.0,3480421.0
23,ERR2984773,SKESA,Escherichia coli,4765434.0,3480426.0
24,ERR2984773,SKESA,Escherichia coli,4765434.0,3480430.0
25,ERR2984773,SKESA,Escherichia coli,4765434.0,3480436.0
26,ERR2984773,SKESA,Escherichia coli,4765434.0,3480469.0
27,ERR2984773,SKESA,Escherichia coli,4765434.0,3480477.0
28,ERR2984773,SKESA,Escherichia coli,4765434.0,3480479.0
29,ERR2984773,SKESA,Escherichia coli,4765434.0,3480511.0
30,ERR2984773,SKESA,Escherichia coli,4765434.0,3480534.0
31,ERR2984773,SKESA,Escherichia coli,4765434.0,3510259.0
32,ERR2984773,SKESA,Escherichia coli,4765434.0,3510277.0
33,ERR2984773,SKESA,Escherichia coli,4765434.0,3510294.0
34,ERR2984773,SKESA,Escherichia coli,4765434.0,3510301.0
35,ERR2984773,SKESA,Escherichia coli,4765434.0,3510340.0
36,ERR2984773,SKESA,Escherichia coli,4765434.0,3510342.0
37,ERR2984773,SKESA,Escherichia coli,4765434.0,3510343.0
38,ERR2984773,SKESA,Escherichia coli,4765434.0,3510348.0
39,ERR2984773,SKESA,Escherichia coli,4765434.0,3510349.0
40,ERR2984773,SKESA,Escherichia coli,4765434.0,1041131.0
41,ERR2984773,SKESA,Escherichia coli,4765434.0,1041132.0
42,ERR2984773,SKESA,Escherichia coli,4765434.0,1041158.0
43,ERR2984773,SKESA,Escherichia coli,4765434.0,2407212.0
44,ERR2984773,SKESA,Escherichia coli,4765434.0,2407269.0
45,ERR2984773,SKESA,Escherichia coli,4765434.0,2407288.0
46,ERR2984773,SKESA,Escherichia coli,4765434.0,2407322.0
47,ERR2984773,SKESA,Escherichia coli,4765434.0,2407341.0
48,ERR2984773,SKESA,Escherichia coli,4765434.0,1116924.0
49,ERR2984773,SKESA,Escherichia coli,4765434.0,1116987.0
50,ERR2984773,SKESA,Escherichia coli,4765434.0,1116990.0
51,ERR2984773,SKESA,Escherichia coli,4765434.0,1116999.0
52,ERR2984773,SKESA,Escherichia coli,4765434.0,1117002.0
53,ERR2984773,SKESA,Escherichia coli,4765434.0,1117005.0
54,ERR2984773,SKESA,Escherichia coli,4765434.0,1117008.0
55,ERR2984773,SKESA,Escherichia coli,4765434.0,1117013.0
56,ERR2984773,SKESA,Escherichia coli,4765434.0,1117032.0
57,ERR2984773,SKESA,Escherichia coli,4765434.0,1117035.0
58,ERR2984773,SKESA,Escherichia coli,4765434.0,1117038.0
59,ERR2984773,SKESA,Escherichia coli,4765434.0,1117053.0
60,ERR2984773,SKESA,Escherichia coli,4765434.0,1117062.0
61,ERR2984773,SKESA,Escherichia coli,4765434.0,1117071.0
62,ERR2984773,SKESA,Escherichia coli,4765434.0,1117166.0
63,ERR2984773,SKESA,Escherichia coli,4765434.0,1117178.0
64,ERR2984773,SKESA,Escherichia coli,4765434.0,1117182.0
65,ERR2984773,SKESA,Escherichia coli,4765434.0,1117184.0
66,ERR2984773,SKESA,Escherichia coli,4765434.0,1117200.0
67,ERR2984773,SKESA,Escherichia coli,4765434.0,1117214.0
68,ERR2984773,SKESA,Escherichia coli,4765434.0,1117215.0
69,ERR2984773,SKESA,Escherichia coli,4765434.0,1117224.0
70,ERR2984773,SKESA,Escherichia coli,4765434.0,1117227.0
71,ERR2984773,SKESA,Escherichia coli,4765434.0,1117236.0
72,ERR2984773,SKESA,Escherichia coli,4765434.0,1117242.0
73,ERR2984773,SKESA,Escherichia coli,4765434.0,1117243.0
74,ERR2984773,SKESA,Escherichia coli,4765434.0,1117245.0
75,ERR2984773,SKESA,Escherichia coli,4765434.0,1117248.0
76,ERR2984773,SKESA,Escherichia coli,4765434.0,1117256.0
77,ERR2984773,SKESA,Escherichia coli,4765434.0,1102335.0
78,ERR2984773,SKESA,Escherichia coli,4765434.0,1102341.0
79,ERR2984773,SKESA,Escherichia coli,4765434.0,1102344.0
80,ERR2984773,SKESA,Escherichia coli,4765434.0,1102359.0
81,ERR2984773,SKESA,Escherichia coli,4765434.0,1102365.0
82,ERR2984773,SKESA,Escherichia coli,4765434.0,1102371.0
83,ERR2984773,SKESA,Escherichia coli,4765434.0,1102374.0
84,ERR2984773,SKESA,Escherichia coli,4765434.0,1242191.0
85,ERR2984773,SKESA,Escherichia coli,4765434.0,1242202.0
86,ERR2984773,SKESA,Escherichia coli,4765434.0,1242227.0
87,ERR2984773,SKESA,Escherichia coli,4765434.0,1242316.0
88,ERR2984773,SKESA,Escherichia coli,4765434.0,1242381.0
89,ERR2984773,SKESA,Escherichia coli,4765434.0,1242384.0
90,ERR2984773,SKESA,Escherichia coli,4765434.0,1242396.0
91,ERR2984773,SKESA,Escherichia coli,4765434.0,1242406.0
92,ERR2984773,SKESA,Escherichia coli,4765434.0,1584838.0
93,ERR2984773,SKESA,Escherichia coli,4765434.0,1584896.0
94,ERR2984773,SKESA,Escherichia coli,4765434.0,1266336.0
95,ERR2984773,SKESA,Escherichia coli,4765434.0,1964385.0
96,ERR2984773,SKESA,Escherichia coli,4765434.0,1964414.0
97,ERR2984773,SKESA,Escherichia coli,4765434.0,1964434.0
98,ERR2984773,SKESA,Escherichia coli,4765434.0,1964435.0
99,ERR2984773,SKESA,Lactobacillus fermentum,1905333.0,36824.0
100,ERR2984773,SKESA,Lactobacillus fermentum,1905333.0,521402.0
101,ERR2984773,SKESA,Lactobacillus fermentum,1905333.0,521428.0
102,ERR2984773,SKESA,Lactobacillus fermentum,1905333.0,521490.0
103,ERR2984773,SKESA,Lactobacillus fermentum,1905333.0,521502.0
104,ERR2984773,SKESA,Lactobacillus fermentum,1905333.0,1901576.0
105,ERR2984773,SKESA,Pseudomonas aeruginosa,6792330.0,1167404.0
106,ERR2984773,SKESA,Pseudomonas aeruginosa,6792330.0,1167429.0
107,ERR2984773,SKESA,Pseudomonas aeruginosa,6792330.0,1167460.0
108,ERR2984773,SKESA,Pseudomonas aeruginosa,6792330.0,1167466.0
109,ERR2984773,SKESA,Pseudomonas aeruginosa,6792330.0,1167467.0
110,ERR2984773,SKESA,Pseudomonas aeruginosa,6792330.0,1167468.0
111,ERR2984773,SKESA,Pseudomonas aeruginosa,6792330.0,1167469.0
112,ERR2984773,SKESA,Pseudomonas aeruginosa,6792330.0,1167534.0
113,ERR2984773,SKESA,Pseudomonas aeruginosa,6792330.0,1167565.0
114,ERR2984773,SKESA,Pseudomonas aeruginosa,6792330.0,1167586.0
115,ERR2984773,SKESA,Pseudomonas aeruginosa,6792330.0,1167601.0
116,ERR2984773,SKESA,Pseudomonas aeruginosa,6792330.0,1167604.0
117,ERR2984773,SKESA,Pseudomonas aeruginosa,6792330.0,1167628.0
118,ERR2984773,SKESA,Pseudomonas aeruginosa,6792330.0,1167631.0
119,ERR2984773,SKESA,Pseudomonas aeruginosa,6792330.0,1167634.0
120,ERR2984773,SKESA,Pseudomonas aeruginosa,6792330.0,1167637.0
121,ERR2984773,SKESA,Pseudomonas aeruginosa,6792330.0,1167639.0
122,ERR2984773,SKESA,Pseudomonas aeruginosa,6792330.0,1167643.0
123,ERR2984773,SKESA,Pseudomonas aeruginosa,6792330.0,1167646.0
124,ERR2984773,SKESA,Pseudomonas aeruginosa,6792330.0,1167651.0
125,ERR2984773,SKESA,Pseudomonas aeruginosa,6792330.0,1167664.0
126,ERR2984773,SKESA,Pseudomonas aeruginosa,6792330.0,1167679.0
127,ERR2984773,SKESA,Pseudomonas aeruginosa,6792330.0,1167694.0
128,ERR2984773,SKESA,Pseudomonas aeruginosa,6792330.0,1167711.0
129,ERR2984773,SKESA,Pseudomonas aeruginosa,6792330.0,1167726.0
130,ERR2984773,SKESA,Pseudomonas aeruginosa,6792330.0,1167734.0
131,ERR2984773,SKESA,Pseudomonas aeruginosa,6792330.0,1167737.0
132,ERR2984773,SKESA,Pseudomonas aeruginosa,6792330.0,1167746.0
133,ERR2984773,SKESA,Pseudomonas aeruginosa,6792330.0,1167756.0
134,ERR2984773,SKESA,Pseudomonas aeruginosa,6792330.0,1167758.0
135,ERR2984773,SKESA,Pseudomonas aeruginosa,6792330.0,1167766.0
136,ERR2984773,SKESA,Pseudomonas aeruginosa,6792330.0,1167769.0
137,ERR2984773,SKESA,Pseudomonas aeruginosa,6792330.0,1167774.0
138,ERR2984773,SKESA,Pseudomonas aeruginosa,6792330.0,1167775.0
139,ERR2984773,SKESA,Pseudomonas aeruginosa,6792330.0,1167779.0
140,ERR2984773,SKESA,Pseudomonas aeruginosa,6792330.0,1167780.0
141,ERR2984773,SKESA,Pseudomonas aeruginosa,6792330.0,1167813.0
142,ERR2984773,SKESA,Pseudomonas aeruginosa,6792330.0,1167815.0
143,ERR2984773,SKESA,Pseudomonas aeruginosa,6792330.0,1167818.0
144,ERR2984773,SKESA,Pseudomonas aeruginosa,6792330.0,1167819.0
145,ERR2984773,SKESA,Pseudomonas aeruginosa,6792330.0,1167826.0
146,ERR2984773,SKESA,Pseudomonas aeruginosa,6792330.0,1167828.0
147,ERR2984773,SKESA,Pseudomonas aeruginosa,6792330.0,1167839.0
148,ERR2984773,SKESA,Pseudomonas aeruginosa,6792330.0,1167840.0
149,ERR2984773,SKESA,Pseudomonas aeruginosa,6792330.0,1167841.0
150,ERR2984773,SKESA,Pseudomonas aeruginosa,6792330.0,1167846.0
151,ERR2984773,SKESA,Pseudomonas aeruginosa,6792330.0,1167847.0
152,ERR2984773,SKESA,Pseudomonas aeruginosa,6792330.0,1167852.0
153,ERR2984773,SKESA,Pseudomonas aeruginosa,6792330.0,1167854.0
154,ERR2984773,SKESA,Pseudomonas aeruginosa,6792330.0,1167872.0
155,ERR2984773,SKESA,Pseudomonas aeruginosa,6792330.0,1167879.0
156,ERR2984773,SKESA,Pseudomonas aeruginosa,6792330.0,1167882.0
157,ERR2984773,SKESA,Pseudomonas aeruginosa,6792330.0,1167885.0
158,ERR2984773,SKESA,Pseudomonas aeruginosa,6792330.0,1167887.0
159,ERR2984773,SKESA,Pseudomonas aeruginosa,6792330.0,1167888.0
160,ERR2984773,SKESA,Pseudomonas aeruginosa,6792330.0,1167909.0
161,ERR2984773,SKESA,Pseudomonas aeruginosa,6792330.0,1167912.0
162,ERR2984773,SKESA,Pseudomonas aeruginosa,6792330.0,1167925.0
163,ERR2984773,SKESA,Pseudomonas aeruginosa,6792330.0,1167932.0
164,ERR2984773,SKESA,Pseudomonas aeruginosa,6792330.0,1167959.0
165,ERR2984773,SKESA,Pseudomonas aeruginosa,6792330.0,1167970.0
166,ERR2984773,SKESA,Pseudomonas aeruginosa,6792330.0,1167990.0
167,ERR2984773,SKESA,Pseudomonas aeruginosa,6792330.0,1167996.0
168,ERR2984773,SKESA,Pseudomonas aeruginosa,6792330.0,1168005.0
169,ERR2984773,SKESA,Pseudomonas aeruginosa,6792330.0,1168050.0
170,ERR2984773,SKESA,Pseudomonas aeruginosa,6792330.0,1168082.0
171,ERR2984773,SKESA,Pseudomonas aeruginosa,6792330.0,1168091.0
172,ERR2984773,SKESA,Pseudomonas aeruginosa,6792330.0,1168107.0
173,ERR2984773,SKESA,Pseudomonas aeruginosa,6792330.0,1168110.0
174,ERR2984773,SKESA,Pseudomonas aeruginosa,6792330.0,1168127.0
175,ERR2984773,SKESA,Pseudomonas aeruginosa,6792330.0,1168143.0
176,ERR2984773,SKESA,Pseudomonas aeruginosa,6792330.0,1168179.0
177,ERR2984773,SKESA,Pseudomonas aeruginosa,6792330.0,1168185.0
178,ERR2984773,SKESA,Pseudomonas aeruginosa,6792330.0,1168197.0
179,ERR2984773,SKESA,Pseudomonas aeruginosa,6792330.0,1168200.0
180,ERR2984773,SKESA,Pseudomonas aeruginosa,6792330.0,1168209.0
181,ERR2984773,SKESA,Pseudomonas aeruginosa,6792330.0,1168212.0
182,ERR2984773,SKESA,Pseudomonas aeruginosa,6792330.0,1168230.0
183,ERR2984773,SKESA,Pseudomonas aeruginosa,6792330.0,1168242.0
184,ERR2984773,SKESA,Pseudomonas aeruginosa,6792330.0,1168260.0
185,ERR2984773,SKESA,Pseudomonas aeruginosa,6792330.0,1168262.0
186,ERR2984773,SKESA,Pseudomonas aeruginosa,6792330.0,1168287.0
187,ERR2984773,SKESA,Pseudomonas aeruginosa,6792330.0,1168359.0
188,ERR2984773,SKESA,Pseudomonas aeruginosa,6792330.0,1168374.0
189,ERR2984773,SKESA,Pseudomonas aeruginosa,6792330.0,1168380.0
190,ERR2984773,SKESA,Pseudomonas aeruginosa,6792330.0,1168404.0
191,ERR2984773,SKESA,Pseudomonas aeruginosa,6792330.0,1168407.0
192,ERR2984773,SKESA,Pseudomonas aeruginosa,6792330.0,1168434.0
193,ERR2984773,SKESA,Pseudomonas aeruginosa,6792330.0,1168440.0
194,ERR2984773,SKESA,Pseudomonas aeruginosa,6792330.0,1168445.0
195,ERR2984773,SKESA,Pseudomonas aeruginosa,6792330.0,1168514.0
196,ERR2984773,SKESA,Pseudomonas aeruginosa,6792330.0,1168527.0
197,ERR2984773,SKESA,Pseudomonas aeruginosa,6792330.0,1168551.0
198,ERR2984773,SKESA,Pseudomonas aeruginosa,6792330.0,1168559.0
199,ERR2984773,SKESA,Pseudomonas aeruginosa,6792330.0,2718563.0
200,ERR2984773,SKESA,Pseudomonas aeruginosa,6792330.0,2835496.0
201,ERR2984773,SKESA,Pseudomonas aeruginosa,6792330.0,2835547.0
202,ERR2984773,SKESA,Pseudomonas aeruginosa,6792330.0,2835548.0
203,ERR2984773,SKESA,Pseudomonas aeruginosa,6792330.0,2835549.0
204,ERR2984773,SKESA,Pseudomonas aeruginosa,6792330.0,2835550.0
