,Sample,Assembler,Reference,Reference Length,SNP Location
0,ERR2935805,IDBA-UD,Bacillus subtilis,4045677.0,3988184.0
1,ERR2935805,IDBA-UD,Bacillus subtilis,4045677.0,4041450.0
2,ERR2935805,IDBA-UD,Escherichia coli,4765434.0,3870184.0
3,ERR2935805,IDBA-UD,Escherichia coli,4765434.0,3870199.0
4,ERR2935805,IDBA-UD,Escherichia coli,4765434.0,3870348.0
5,ERR2935805,IDBA-UD,Escherichia coli,4765434.0,3870642.0
6,ERR2935805,IDBA-UD,Escherichia coli,4765434.0,3870758.0
7,ERR2935805,IDBA-UD,Escherichia coli,4765434.0,3870759.0
8,ERR2935805,IDBA-UD,Escherichia coli,4765434.0,3870771.0
9,ERR2935805,IDBA-UD,Escherichia coli,4765434.0,3870901.0
10,ERR2935805,IDBA-UD,Escherichia coli,4765434.0,3457237.0
11,ERR2935805,IDBA-UD,Escherichia coli,4765434.0,3457241.0
12,ERR2935805,IDBA-UD,Escherichia coli,4765434.0,3457295.0
13,ERR2935805,IDBA-UD,Escherichia coli,4765434.0,3457436.0
14,ERR2935805,IDBA-UD,Escherichia coli,4765434.0,3457491.0
15,ERR2935805,IDBA-UD,Escherichia coli,4765434.0,3457886.0
16,ERR2935805,IDBA-UD,Escherichia coli,4765434.0,3457900.0
17,ERR2935805,IDBA-UD,Escherichia coli,4765434.0,3457912.0
18,ERR2935805,IDBA-UD,Escherichia coli,4765434.0,3447357.0
19,ERR2935805,IDBA-UD,Listeria monocytogenes,2992342.0,1313109.0
20,ERR2935805,IDBA-UD,Pseudomonas aeruginosa,6792330.0,495561.0
21,ERR2935805,IDBA-UD,Pseudomonas aeruginosa,6792330.0,496816.0
22,ERR2935805,IDBA-UD,Pseudomonas aeruginosa,6792330.0,497350.0
23,ERR2935805,IDBA-UD,Pseudomonas aeruginosa,6792330.0,498323.0
24,ERR2935805,IDBA-UD,Pseudomonas aeruginosa,6792330.0,498373.0
25,ERR2935805,IDBA-UD,Pseudomonas aeruginosa,6792330.0,498388.0
26,ERR2935805,IDBA-UD,Pseudomonas aeruginosa,6792330.0,498430.0
27,ERR2935805,IDBA-UD,Pseudomonas aeruginosa,6792330.0,498972.0
28,ERR2935805,IDBA-UD,Pseudomonas aeruginosa,6792330.0,498975.0
29,ERR2935805,IDBA-UD,Pseudomonas aeruginosa,6792330.0,499029.0
30,ERR2935805,IDBA-UD,Pseudomonas aeruginosa,6792330.0,499835.0
31,ERR2935805,IDBA-UD,Pseudomonas aeruginosa,6792330.0,499889.0
32,ERR2935805,IDBA-UD,Pseudomonas aeruginosa,6792330.0,3979906.0
33,ERR2935805,IDBA-UD,Pseudomonas aeruginosa,6792330.0,3979954.0
34,ERR2935805,IDBA-UD,Pseudomonas aeruginosa,6792330.0,3980842.0
35,ERR2935805,IDBA-UD,Pseudomonas aeruginosa,6792330.0,3980920.0
36,ERR2935805,IDBA-UD,Pseudomonas aeruginosa,6792330.0,5611268.0
37,ERR2935805,IDBA-UD,Pseudomonas aeruginosa,6792330.0,5611721.0
38,ERR2935805,IDBA-UD,Pseudomonas aeruginosa,6792330.0,5611733.0
39,ERR2935805,IDBA-UD,Pseudomonas aeruginosa,6792330.0,5613244.0
40,ERR2935805,IDBA-UD,Pseudomonas aeruginosa,6792330.0,5613594.0
41,ERR2935805,IDBA-UD,Pseudomonas aeruginosa,6792330.0,1167371.0
42,ERR2935805,IDBA-UD,Pseudomonas aeruginosa,6792330.0,1167404.0
43,ERR2935805,IDBA-UD,Pseudomonas aeruginosa,6792330.0,1167429.0
44,ERR2935805,IDBA-UD,Pseudomonas aeruginosa,6792330.0,1167460.0
45,ERR2935805,IDBA-UD,Pseudomonas aeruginosa,6792330.0,1167466.0
46,ERR2935805,IDBA-UD,Pseudomonas aeruginosa,6792330.0,1167467.0
47,ERR2935805,IDBA-UD,Pseudomonas aeruginosa,6792330.0,1167468.0
48,ERR2935805,IDBA-UD,Pseudomonas aeruginosa,6792330.0,1167469.0
49,ERR2935805,IDBA-UD,Pseudomonas aeruginosa,6792330.0,1167534.0
50,ERR2935805,IDBA-UD,Pseudomonas aeruginosa,6792330.0,1167565.0
51,ERR2935805,IDBA-UD,Pseudomonas aeruginosa,6792330.0,1167586.0
52,ERR2935805,IDBA-UD,Pseudomonas aeruginosa,6792330.0,1167601.0
53,ERR2935805,IDBA-UD,Pseudomonas aeruginosa,6792330.0,1167604.0
54,ERR2935805,IDBA-UD,Pseudomonas aeruginosa,6792330.0,1167628.0
55,ERR2935805,IDBA-UD,Pseudomonas aeruginosa,6792330.0,1167631.0
56,ERR2935805,IDBA-UD,Pseudomonas aeruginosa,6792330.0,1167634.0
57,ERR2935805,IDBA-UD,Pseudomonas aeruginosa,6792330.0,1167637.0
58,ERR2935805,IDBA-UD,Pseudomonas aeruginosa,6792330.0,1167639.0
59,ERR2935805,IDBA-UD,Pseudomonas aeruginosa,6792330.0,1167643.0
60,ERR2935805,IDBA-UD,Pseudomonas aeruginosa,6792330.0,1167646.0
61,ERR2935805,IDBA-UD,Pseudomonas aeruginosa,6792330.0,1167651.0
62,ERR2935805,IDBA-UD,Pseudomonas aeruginosa,6792330.0,1167664.0
63,ERR2935805,IDBA-UD,Pseudomonas aeruginosa,6792330.0,1167679.0
64,ERR2935805,IDBA-UD,Pseudomonas aeruginosa,6792330.0,1167694.0
65,ERR2935805,IDBA-UD,Pseudomonas aeruginosa,6792330.0,1167711.0
66,ERR2935805,IDBA-UD,Pseudomonas aeruginosa,6792330.0,1167726.0
67,ERR2935805,IDBA-UD,Pseudomonas aeruginosa,6792330.0,1167734.0
68,ERR2935805,IDBA-UD,Pseudomonas aeruginosa,6792330.0,1167737.0
69,ERR2935805,IDBA-UD,Pseudomonas aeruginosa,6792330.0,1167746.0
70,ERR2935805,IDBA-UD,Pseudomonas aeruginosa,6792330.0,1167756.0
71,ERR2935805,IDBA-UD,Pseudomonas aeruginosa,6792330.0,1167758.0
72,ERR2935805,IDBA-UD,Pseudomonas aeruginosa,6792330.0,1167766.0
73,ERR2935805,IDBA-UD,Pseudomonas aeruginosa,6792330.0,1167769.0
74,ERR2935805,IDBA-UD,Pseudomonas aeruginosa,6792330.0,1167774.0
75,ERR2935805,IDBA-UD,Pseudomonas aeruginosa,6792330.0,1167775.0
76,ERR2935805,IDBA-UD,Pseudomonas aeruginosa,6792330.0,1167779.0
77,ERR2935805,IDBA-UD,Pseudomonas aeruginosa,6792330.0,1167780.0
78,ERR2935805,IDBA-UD,Pseudomonas aeruginosa,6792330.0,1167813.0
79,ERR2935805,IDBA-UD,Pseudomonas aeruginosa,6792330.0,1167815.0
80,ERR2935805,IDBA-UD,Pseudomonas aeruginosa,6792330.0,1167818.0
81,ERR2935805,IDBA-UD,Pseudomonas aeruginosa,6792330.0,1167819.0
82,ERR2935805,IDBA-UD,Pseudomonas aeruginosa,6792330.0,1167826.0
83,ERR2935805,IDBA-UD,Pseudomonas aeruginosa,6792330.0,1167828.0
84,ERR2935805,IDBA-UD,Pseudomonas aeruginosa,6792330.0,1167839.0
85,ERR2935805,IDBA-UD,Pseudomonas aeruginosa,6792330.0,1167840.0
86,ERR2935805,IDBA-UD,Pseudomonas aeruginosa,6792330.0,1167841.0
87,ERR2935805,IDBA-UD,Pseudomonas aeruginosa,6792330.0,1167846.0
88,ERR2935805,IDBA-UD,Pseudomonas aeruginosa,6792330.0,1167847.0
89,ERR2935805,IDBA-UD,Pseudomonas aeruginosa,6792330.0,1167852.0
90,ERR2935805,IDBA-UD,Pseudomonas aeruginosa,6792330.0,1167854.0
91,ERR2935805,IDBA-UD,Pseudomonas aeruginosa,6792330.0,1167872.0
92,ERR2935805,IDBA-UD,Pseudomonas aeruginosa,6792330.0,1167879.0
93,ERR2935805,IDBA-UD,Pseudomonas aeruginosa,6792330.0,1167882.0
94,ERR2935805,IDBA-UD,Pseudomonas aeruginosa,6792330.0,1167885.0
95,ERR2935805,IDBA-UD,Pseudomonas aeruginosa,6792330.0,1167887.0
96,ERR2935805,IDBA-UD,Pseudomonas aeruginosa,6792330.0,1167888.0
97,ERR2935805,IDBA-UD,Pseudomonas aeruginosa,6792330.0,1167909.0
98,ERR2935805,IDBA-UD,Pseudomonas aeruginosa,6792330.0,1167912.0
99,ERR2935805,IDBA-UD,Pseudomonas aeruginosa,6792330.0,1167925.0
100,ERR2935805,IDBA-UD,Pseudomonas aeruginosa,6792330.0,1167932.0
101,ERR2935805,IDBA-UD,Pseudomonas aeruginosa,6792330.0,1167959.0
102,ERR2935805,IDBA-UD,Pseudomonas aeruginosa,6792330.0,1167970.0
103,ERR2935805,IDBA-UD,Pseudomonas aeruginosa,6792330.0,1167990.0
104,ERR2935805,IDBA-UD,Pseudomonas aeruginosa,6792330.0,1167996.0
105,ERR2935805,IDBA-UD,Pseudomonas aeruginosa,6792330.0,1168005.0
106,ERR2935805,IDBA-UD,Pseudomonas aeruginosa,6792330.0,1168050.0
107,ERR2935805,IDBA-UD,Pseudomonas aeruginosa,6792330.0,1168082.0
108,ERR2935805,IDBA-UD,Pseudomonas aeruginosa,6792330.0,1168091.0
109,ERR2935805,IDBA-UD,Pseudomonas aeruginosa,6792330.0,1168107.0
110,ERR2935805,IDBA-UD,Pseudomonas aeruginosa,6792330.0,1168110.0
111,ERR2935805,IDBA-UD,Pseudomonas aeruginosa,6792330.0,1168127.0
112,ERR2935805,IDBA-UD,Pseudomonas aeruginosa,6792330.0,1168143.0
113,ERR2935805,IDBA-UD,Pseudomonas aeruginosa,6792330.0,1168179.0
114,ERR2935805,IDBA-UD,Pseudomonas aeruginosa,6792330.0,1168185.0
115,ERR2935805,IDBA-UD,Pseudomonas aeruginosa,6792330.0,1168197.0
116,ERR2935805,IDBA-UD,Pseudomonas aeruginosa,6792330.0,1168200.0
117,ERR2935805,IDBA-UD,Pseudomonas aeruginosa,6792330.0,1168209.0
118,ERR2935805,IDBA-UD,Pseudomonas aeruginosa,6792330.0,1168212.0
119,ERR2935805,IDBA-UD,Pseudomonas aeruginosa,6792330.0,1168230.0
120,ERR2935805,IDBA-UD,Pseudomonas aeruginosa,6792330.0,1168242.0
121,ERR2935805,IDBA-UD,Pseudomonas aeruginosa,6792330.0,1168260.0
122,ERR2935805,IDBA-UD,Pseudomonas aeruginosa,6792330.0,1168262.0
123,ERR2935805,IDBA-UD,Pseudomonas aeruginosa,6792330.0,1168287.0
124,ERR2935805,IDBA-UD,Pseudomonas aeruginosa,6792330.0,1168359.0
125,ERR2935805,IDBA-UD,Pseudomonas aeruginosa,6792330.0,1168374.0
126,ERR2935805,IDBA-UD,Pseudomonas aeruginosa,6792330.0,1168380.0
127,ERR2935805,IDBA-UD,Pseudomonas aeruginosa,6792330.0,1168404.0
128,ERR2935805,IDBA-UD,Pseudomonas aeruginosa,6792330.0,1168407.0
129,ERR2935805,IDBA-UD,Pseudomonas aeruginosa,6792330.0,1168434.0
130,ERR2935805,IDBA-UD,Pseudomonas aeruginosa,6792330.0,1168440.0
131,ERR2935805,IDBA-UD,Pseudomonas aeruginosa,6792330.0,1168445.0
132,ERR2935805,IDBA-UD,Pseudomonas aeruginosa,6792330.0,1168514.0
133,ERR2935805,IDBA-UD,Pseudomonas aeruginosa,6792330.0,1168527.0
134,ERR2935805,IDBA-UD,Pseudomonas aeruginosa,6792330.0,1168551.0
135,ERR2935805,IDBA-UD,Pseudomonas aeruginosa,6792330.0,1168559.0
136,ERR2935805,IDBA-UD,Pseudomonas aeruginosa,6792330.0,1168578.0
137,ERR2935805,IDBA-UD,Pseudomonas aeruginosa,6792330.0,1168581.0
138,ERR2935805,IDBA-UD,Pseudomonas aeruginosa,6792330.0,1168584.0
139,ERR2935805,IDBA-UD,Pseudomonas aeruginosa,6792330.0,1168593.0
140,ERR2935805,IDBA-UD,Pseudomonas aeruginosa,6792330.0,430267.0
141,ERR2935805,IDBA-UD,Pseudomonas aeruginosa,6792330.0,430333.0
142,ERR2935805,IDBA-UD,Pseudomonas aeruginosa,6792330.0,430447.0
143,ERR2935805,IDBA-UD,Salmonella enterica,4759746.0,965.0
144,ERR2935805,IDBA-UD,Salmonella enterica,4759746.0,984.0
145,ERR2935805,IDBA-UD,Salmonella enterica,4759746.0,1000.0
146,ERR2935805,IDBA-UD,Salmonella enterica,4759746.0,1001.0
147,ERR2935805,IDBA-UD,Salmonella enterica,4759746.0,1003.0
148,ERR2935805,IDBA-UD,Salmonella enterica,4759746.0,3245373.0
149,ERR2935805,IDBA-UD,Salmonella enterica,4759746.0,3245383.0
150,ERR2935805,IDBA-UD,Salmonella enterica,4759746.0,3245385.0
151,ERR2935805,IDBA-UD,Salmonella enterica,4759746.0,3245388.0
152,ERR2935805,IDBA-UD,Salmonella enterica,4759746.0,3245397.0
153,ERR2935805,IDBA-UD,Salmonella enterica,4759746.0,3245403.0
154,ERR2935805,IDBA-UD,Salmonella enterica,4759746.0,3245409.0
155,ERR2935805,IDBA-UD,Salmonella enterica,4759746.0,3245415.0
156,ERR2935805,IDBA-UD,Salmonella enterica,4759746.0,3245421.0
157,ERR2935805,IDBA-UD,Salmonella enterica,4759746.0,3245424.0
158,ERR2935805,IDBA-UD,Salmonella enterica,4759746.0,3245430.0
159,ERR2935805,IDBA-UD,Salmonella enterica,4759746.0,3245436.0
160,ERR2935805,IDBA-UD,Salmonella enterica,4759746.0,3245448.0
161,ERR2935805,IDBA-UD,Salmonella enterica,4759746.0,3245449.0
162,ERR2935805,IDBA-UD,Salmonella enterica,4759746.0,3245451.0
163,ERR2935805,IDBA-UD,Salmonella enterica,4759746.0,3245454.0
164,ERR2935805,IDBA-UD,Salmonella enterica,4759746.0,3245463.0
165,ERR2935805,IDBA-UD,Salmonella enterica,4759746.0,3245466.0
166,ERR2935805,IDBA-UD,Salmonella enterica,4759746.0,3245467.0
167,ERR2935805,IDBA-UD,Salmonella enterica,4759746.0,3245481.0
168,ERR2935805,IDBA-UD,Salmonella enterica,4759746.0,3245494.0
169,ERR2935805,IDBA-UD,Salmonella enterica,4759746.0,3245495.0
170,ERR2935805,IDBA-UD,Salmonella enterica,4759746.0,3245496.0
171,ERR2935805,IDBA-UD,Salmonella enterica,4759746.0,3245497.0
172,ERR2935805,IDBA-UD,Salmonella enterica,4759746.0,3245500.0
173,ERR2935805,IDBA-UD,Salmonella enterica,4759746.0,3245502.0
174,ERR2935805,IDBA-UD,Salmonella enterica,4759746.0,3245503.0
175,ERR2935805,IDBA-UD,Salmonella enterica,4759746.0,3245505.0
176,ERR2935805,IDBA-UD,Salmonella enterica,4759746.0,3245510.0
177,ERR2935805,IDBA-UD,Salmonella enterica,4759746.0,3245512.0
178,ERR2935805,IDBA-UD,Salmonella enterica,4759746.0,3245513.0
179,ERR2935805,IDBA-UD,Salmonella enterica,4759746.0,3245547.0
180,ERR2935805,IDBA-UD,Salmonella enterica,4759746.0,3245549.0
181,ERR2935805,IDBA-UD,Salmonella enterica,4759746.0,3245558.0
182,ERR2935805,IDBA-UD,Salmonella enterica,4759746.0,3245559.0
183,ERR2935805,IDBA-UD,Salmonella enterica,4759746.0,3245560.0
184,ERR2935805,IDBA-UD,Salmonella enterica,4759746.0,3245564.0
185,ERR2935805,IDBA-UD,Salmonella enterica,4759746.0,3245565.0
186,ERR2935805,IDBA-UD,Salmonella enterica,4759746.0,3245566.0
187,ERR2935805,IDBA-UD,Salmonella enterica,4759746.0,3245567.0
188,ERR2935805,IDBA-UD,Salmonella enterica,4759746.0,3245577.0
189,ERR2935805,IDBA-UD,Salmonella enterica,4759746.0,3245584.0
190,ERR2935805,IDBA-UD,Salmonella enterica,4759746.0,3245585.0
191,ERR2935805,IDBA-UD,Salmonella enterica,4759746.0,3245588.0
192,ERR2935805,IDBA-UD,Salmonella enterica,4759746.0,3245589.0
193,ERR2935805,IDBA-UD,Salmonella enterica,4759746.0,3245590.0
194,ERR2935805,IDBA-UD,Salmonella enterica,4759746.0,3245592.0
195,ERR2935805,IDBA-UD,Salmonella enterica,4759746.0,3245598.0
196,ERR2935805,IDBA-UD,Salmonella enterica,4759746.0,3624205.0
197,ERR2935805,IDBA-UD,Salmonella enterica,4759746.0,3624208.0
198,ERR2935805,IDBA-UD,Salmonella enterica,4759746.0,3624211.0
199,ERR2935805,IDBA-UD,Salmonella enterica,4759746.0,3311550.0
200,ERR2935805,IDBA-UD,Escherichia coli plasmid,110007.0,96952.0
201,ERR2935805,IDBA-UD,Escherichia coli plasmid,110007.0,96957.0
202,ERR2935805,IDBA-UD,Escherichia coli plasmid,110007.0,96958.0
203,ERR2935805,IDBA-UD,Escherichia coli plasmid,110007.0,97115.0
204,ERR2935805,IDBA-UD,Escherichia coli plasmid,110007.0,97119.0
205,ERR2935805,IDBA-UD,Escherichia coli plasmid,110007.0,97144.0
206,ERR2935805,IDBA-UD,Escherichia coli plasmid,110007.0,97146.0
207,ERR2935805,IDBA-UD,Escherichia coli plasmid,110007.0,97318.0
208,ERR2935805,IDBA-UD,Escherichia coli plasmid,110007.0,97422.0
209,ERR2935805,IDBA-UD,Escherichia coli plasmid,110007.0,97424.0
210,ERR2935805,IDBA-UD,Escherichia coli plasmid,110007.0,97425.0
211,ERR2935805,IDBA-UD,Escherichia coli plasmid,110007.0,97430.0
212,ERR2935805,IDBA-UD,Escherichia coli plasmid,110007.0,97431.0
