,Sample,Assembler,Reference,Reference Length,SNP Location
0,ERR2984773,metaSPAdes,Bacillus subtilis,4045677.0,642317
1,ERR2984773,metaSPAdes,Bacillus subtilis,4045677.0,645254
2,ERR2984773,metaSPAdes,Bacillus subtilis,4045677.0,645256
3,ERR2984773,metaSPAdes,Bacillus subtilis,4045677.0,645722
4,ERR2984773,metaSPAdes,Bacillus subtilis,4045677.0,3702065.0
5,ERR2984773,metaSPAdes,Bacillus subtilis,4045677.0,3702066.0
6,ERR2984773,metaSPAdes,Bacillus subtilis,4045677.0,3702072.0
7,ERR2984773,metaSPAdes,Bacillus subtilis,4045677.0,3702078.0
8,ERR2984773,metaSPAdes,Bacillus subtilis,4045677.0,3702079.0
9,ERR2984773,metaSPAdes,Bacillus subtilis,4045677.0,3702081.0
10,ERR2984773,metaSPAdes,Bacillus subtilis,4045677.0,3702840.0
11,ERR2984773,metaSPAdes,Bacillus subtilis,4045677.0,3702845.0
12,ERR2984773,metaSPAdes,Bacillus subtilis,4045677.0,3702847.0
13,ERR2984773,metaSPAdes,Bacillus subtilis,4045677.0,3702850.0
14,ERR2984773,metaSPAdes,Bacillus subtilis,4045677.0,3702858.0
15,ERR2984773,metaSPAdes,Bacillus subtilis,4045677.0,2407536.0
16,ERR2984773,metaSPAdes,Bacillus subtilis,4045677.0,2407539.0
17,ERR2984773,metaSPAdes,Bacillus subtilis,4045677.0,1810041.0
18,ERR2984773,metaSPAdes,Bacillus subtilis,4045677.0,1810042.0
19,ERR2984773,metaSPAdes,Bacillus subtilis,4045677.0,1264970.0
20,ERR2984773,metaSPAdes,Bacillus subtilis,4045677.0,166756.0
21,ERR2984773,metaSPAdes,Bacillus subtilis,4045677.0,166758.0
22,ERR2984773,metaSPAdes,Bacillus subtilis,4045677.0,166761.0
23,ERR2984773,metaSPAdes,Bacillus subtilis,4045677.0,166763.0
24,ERR2984773,metaSPAdes,Enterococcus faecalis,2845392.0,539443.0
25,ERR2984773,metaSPAdes,Enterococcus faecalis,2845392.0,539449.0
26,ERR2984773,metaSPAdes,Enterococcus faecalis,2845392.0,539617.0
27,ERR2984773,metaSPAdes,Enterococcus faecalis,2845392.0,539803.0
28,ERR2984773,metaSPAdes,Enterococcus faecalis,2845392.0,539835.0
29,ERR2984773,metaSPAdes,Enterococcus faecalis,2845392.0,539859.0
30,ERR2984773,metaSPAdes,Enterococcus faecalis,2845392.0,539862.0
31,ERR2984773,metaSPAdes,Enterococcus faecalis,2845392.0,539889.0
32,ERR2984773,metaSPAdes,Enterococcus faecalis,2845392.0,539907.0
33,ERR2984773,metaSPAdes,Enterococcus faecalis,2845392.0,539910.0
34,ERR2984773,metaSPAdes,Enterococcus faecalis,2845392.0,539916.0
35,ERR2984773,metaSPAdes,Enterococcus faecalis,2845392.0,589403.0
36,ERR2984773,metaSPAdes,Enterococcus faecalis,2845392.0,590297.0
37,ERR2984773,metaSPAdes,Enterococcus faecalis,2845392.0,590309.0
38,ERR2984773,metaSPAdes,Enterococcus faecalis,2845392.0,590363.0
39,ERR2984773,metaSPAdes,Enterococcus faecalis,2845392.0,590366.0
40,ERR2984773,metaSPAdes,Enterococcus faecalis,2845392.0,590369.0
41,ERR2984773,metaSPAdes,Enterococcus faecalis,2845392.0,590387.0
42,ERR2984773,metaSPAdes,Enterococcus faecalis,2845392.0,590397.0
43,ERR2984773,metaSPAdes,Enterococcus faecalis,2845392.0,590435.0
44,ERR2984773,metaSPAdes,Enterococcus faecalis,2845392.0,590438.0
45,ERR2984773,metaSPAdes,Enterococcus faecalis,2845392.0,590456.0
46,ERR2984773,metaSPAdes,Enterococcus faecalis,2845392.0,590480.0
47,ERR2984773,metaSPAdes,Enterococcus faecalis,2845392.0,590483.0
48,ERR2984773,metaSPAdes,Enterococcus faecalis,2845392.0,590504.0
49,ERR2984773,metaSPAdes,Enterococcus faecalis,2845392.0,590507.0
50,ERR2984773,metaSPAdes,Enterococcus faecalis,2845392.0,2379738
51,ERR2984773,metaSPAdes,Enterococcus faecalis,2845392.0,2379748
52,ERR2984773,metaSPAdes,Enterococcus faecalis,2845392.0,2379750
53,ERR2984773,metaSPAdes,Enterococcus faecalis,2845392.0,2379756
54,ERR2984773,metaSPAdes,Enterococcus faecalis,2845392.0,1235928.0
55,ERR2984773,metaSPAdes,Enterococcus faecalis,2845392.0,1623132
56,ERR2984773,metaSPAdes,Enterococcus faecalis,2845392.0,1623140
57,ERR2984773,metaSPAdes,Enterococcus faecalis,2845392.0,1623148
58,ERR2984773,metaSPAdes,Enterococcus faecalis,2845392.0,1623151
59,ERR2984773,metaSPAdes,Enterococcus faecalis,2845392.0,1623187
60,ERR2984773,metaSPAdes,Enterococcus faecalis,2845392.0,1623193
61,ERR2984773,metaSPAdes,Enterococcus faecalis,2845392.0,1623214
62,ERR2984773,metaSPAdes,Enterococcus faecalis,2845392.0,1623220
63,ERR2984773,metaSPAdes,Enterococcus faecalis,2845392.0,2122570.0
64,ERR2984773,metaSPAdes,Enterococcus faecalis,2845392.0,2123089.0
65,ERR2984773,metaSPAdes,Enterococcus faecalis,2845392.0,2123098.0
66,ERR2984773,metaSPAdes,Enterococcus faecalis,2845392.0,2123099.0
67,ERR2984773,metaSPAdes,Enterococcus faecalis,2845392.0,2123131.0
68,ERR2984773,metaSPAdes,Enterococcus faecalis,2845392.0,2123143.0
69,ERR2984773,metaSPAdes,Enterococcus faecalis,2845392.0,2123158.0
70,ERR2984773,metaSPAdes,Enterococcus faecalis,2845392.0,2123170.0
71,ERR2984773,metaSPAdes,Enterococcus faecalis,2845392.0,2123473.0
72,ERR2984773,metaSPAdes,Enterococcus faecalis,2845392.0,2123474.0
73,ERR2984773,metaSPAdes,Enterococcus faecalis,2845392.0,2123475.0
74,ERR2984773,metaSPAdes,Enterococcus faecalis,2845392.0,2123476.0
75,ERR2984773,metaSPAdes,Enterococcus faecalis,2845392.0,2123479.0
76,ERR2984773,metaSPAdes,Enterococcus faecalis,2845392.0,2123483.0
77,ERR2984773,metaSPAdes,Enterococcus faecalis,2845392.0,2123484.0
78,ERR2984773,metaSPAdes,Enterococcus faecalis,2845392.0,2123485.0
79,ERR2984773,metaSPAdes,Enterococcus faecalis,2845392.0,2123488.0
80,ERR2984773,metaSPAdes,Enterococcus faecalis,2845392.0,2123494.0
81,ERR2984773,metaSPAdes,Enterococcus faecalis,2845392.0,2123525.0
82,ERR2984773,metaSPAdes,Enterococcus faecalis,2845392.0,2123526.0
83,ERR2984773,metaSPAdes,Enterococcus faecalis,2845392.0,2123527.0
84,ERR2984773,metaSPAdes,Enterococcus faecalis,2845392.0,2123529.0
85,ERR2984773,metaSPAdes,Enterococcus faecalis,2845392.0,2123536.0
86,ERR2984773,metaSPAdes,Enterococcus faecalis,2845392.0,2123539.0
87,ERR2984773,metaSPAdes,Enterococcus faecalis,2845392.0,2123572.0
88,ERR2984773,metaSPAdes,Enterococcus faecalis,2845392.0,2123587.0
89,ERR2984773,metaSPAdes,Enterococcus faecalis,2845392.0,2123638.0
90,ERR2984773,metaSPAdes,Enterococcus faecalis,2845392.0,2092401.0
91,ERR2984773,metaSPAdes,Enterococcus faecalis,2845392.0,2092657.0
92,ERR2984773,metaSPAdes,Enterococcus faecalis,2845392.0,2053157.0
93,ERR2984773,metaSPAdes,Enterococcus faecalis,2845392.0,1438432.0
94,ERR2984773,metaSPAdes,Enterococcus faecalis,2845392.0,1438486.0
95,ERR2984773,metaSPAdes,Enterococcus faecalis,2845392.0,1438492.0
96,ERR2984773,metaSPAdes,Enterococcus faecalis,2845392.0,1438513.0
97,ERR2984773,metaSPAdes,Enterococcus faecalis,2845392.0,1438532.0
98,ERR2984773,metaSPAdes,Enterococcus faecalis,2845392.0,1438533.0
99,ERR2984773,metaSPAdes,Enterococcus faecalis,2845392.0,1438534.0
100,ERR2984773,metaSPAdes,Enterococcus faecalis,2845392.0,1438536.0
101,ERR2984773,metaSPAdes,Enterococcus faecalis,2845392.0,1438537.0
102,ERR2984773,metaSPAdes,Enterococcus faecalis,2845392.0,1438538.0
103,ERR2984773,metaSPAdes,Enterococcus faecalis,2845392.0,1438541.0
104,ERR2984773,metaSPAdes,Enterococcus faecalis,2845392.0,1438543.0
105,ERR2984773,metaSPAdes,Enterococcus faecalis,2845392.0,1438544.0
106,ERR2984773,metaSPAdes,Enterococcus faecalis,2845392.0,1438549.0
107,ERR2984773,metaSPAdes,Enterococcus faecalis,2845392.0,1438556.0
108,ERR2984773,metaSPAdes,Enterococcus faecalis,2845392.0,1438557.0
109,ERR2984773,metaSPAdes,Enterococcus faecalis,2845392.0,1438558.0
110,ERR2984773,metaSPAdes,Enterococcus faecalis,2845392.0,1438561.0
111,ERR2984773,metaSPAdes,Enterococcus faecalis,2845392.0,1438562.0
112,ERR2984773,metaSPAdes,Enterococcus faecalis,2845392.0,1438564.0
113,ERR2984773,metaSPAdes,Enterococcus faecalis,2845392.0,1438570.0
114,ERR2984773,metaSPAdes,Enterococcus faecalis,2845392.0,1438572.0
115,ERR2984773,metaSPAdes,Enterococcus faecalis,2845392.0,1438576.0
116,ERR2984773,metaSPAdes,Enterococcus faecalis,2845392.0,1438579.0
117,ERR2984773,metaSPAdes,Enterococcus faecalis,2845392.0,1438582.0
118,ERR2984773,metaSPAdes,Enterococcus faecalis,2845392.0,1438595.0
119,ERR2984773,metaSPAdes,Enterococcus faecalis,2845392.0,1438596.0
120,ERR2984773,metaSPAdes,Enterococcus faecalis,2845392.0,1438597.0
121,ERR2984773,metaSPAdes,Enterococcus faecalis,2845392.0,1438601.0
122,ERR2984773,metaSPAdes,Enterococcus faecalis,2845392.0,1438602.0
123,ERR2984773,metaSPAdes,Enterococcus faecalis,2845392.0,1438603.0
124,ERR2984773,metaSPAdes,Enterococcus faecalis,2845392.0,1438608.0
125,ERR2984773,metaSPAdes,Enterococcus faecalis,2845392.0,1438611.0
126,ERR2984773,metaSPAdes,Enterococcus faecalis,2845392.0,1438612.0
127,ERR2984773,metaSPAdes,Enterococcus faecalis,2845392.0,1438614.0
128,ERR2984773,metaSPAdes,Enterococcus faecalis,2845392.0,1438618.0
129,ERR2984773,metaSPAdes,Enterococcus faecalis,2845392.0,1438621.0
130,ERR2984773,metaSPAdes,Enterococcus faecalis,2845392.0,1438628.0
131,ERR2984773,metaSPAdes,Enterococcus faecalis,2845392.0,1438630.0
132,ERR2984773,metaSPAdes,Enterococcus faecalis,2845392.0,1438646.0
133,ERR2984773,metaSPAdes,Enterococcus faecalis,2845392.0,1438650.0
134,ERR2984773,metaSPAdes,Enterococcus faecalis,2845392.0,1438651.0
135,ERR2984773,metaSPAdes,Enterococcus faecalis,2845392.0,1438652.0
136,ERR2984773,metaSPAdes,Enterococcus faecalis,2845392.0,1438654.0
137,ERR2984773,metaSPAdes,Enterococcus faecalis,2845392.0,1438655.0
138,ERR2984773,metaSPAdes,Enterococcus faecalis,2845392.0,1438656.0
139,ERR2984773,metaSPAdes,Enterococcus faecalis,2845392.0,1438657.0
140,ERR2984773,metaSPAdes,Enterococcus faecalis,2845392.0,1438660.0
141,ERR2984773,metaSPAdes,Enterococcus faecalis,2845392.0,1438661.0
142,ERR2984773,metaSPAdes,Enterococcus faecalis,2845392.0,1438664.0
143,ERR2984773,metaSPAdes,Enterococcus faecalis,2845392.0,1438669.0
144,ERR2984773,metaSPAdes,Enterococcus faecalis,2845392.0,1438670.0
145,ERR2984773,metaSPAdes,Enterococcus faecalis,2845392.0,1438672.0
146,ERR2984773,metaSPAdes,Enterococcus faecalis,2845392.0,1438675.0
147,ERR2984773,metaSPAdes,Enterococcus faecalis,2845392.0,1438677.0
148,ERR2984773,metaSPAdes,Enterococcus faecalis,2845392.0,1438678.0
149,ERR2984773,metaSPAdes,Enterococcus faecalis,2845392.0,1438679.0
150,ERR2984773,metaSPAdes,Enterococcus faecalis,2845392.0,1438681.0
151,ERR2984773,metaSPAdes,Enterococcus faecalis,2845392.0,1438682.0
152,ERR2984773,metaSPAdes,Enterococcus faecalis,2845392.0,1438684.0
153,ERR2984773,metaSPAdes,Enterococcus faecalis,2845392.0,1438685.0
154,ERR2984773,metaSPAdes,Enterococcus faecalis,2845392.0,1438696.0
155,ERR2984773,metaSPAdes,Enterococcus faecalis,2845392.0,1438698.0
156,ERR2984773,metaSPAdes,Enterococcus faecalis,2845392.0,1438702.0
157,ERR2984773,metaSPAdes,Enterococcus faecalis,2845392.0,1438708.0
158,ERR2984773,metaSPAdes,Enterococcus faecalis,2845392.0,1438709.0
159,ERR2984773,metaSPAdes,Enterococcus faecalis,2845392.0,1438710.0
160,ERR2984773,metaSPAdes,Enterococcus faecalis,2845392.0,1438711.0
161,ERR2984773,metaSPAdes,Enterococcus faecalis,2845392.0,1438712.0
162,ERR2984773,metaSPAdes,Enterococcus faecalis,2845392.0,1438714.0
163,ERR2984773,metaSPAdes,Enterococcus faecalis,2845392.0,1407620.0
164,ERR2984773,metaSPAdes,Enterococcus faecalis,2845392.0,1407646.0
165,ERR2984773,metaSPAdes,Enterococcus faecalis,2845392.0,1407655.0
166,ERR2984773,metaSPAdes,Enterococcus faecalis,2845392.0,1407657.0
167,ERR2984773,metaSPAdes,Enterococcus faecalis,2845392.0,1407727.0
168,ERR2984773,metaSPAdes,Enterococcus faecalis,2845392.0,1684919
169,ERR2984773,metaSPAdes,Enterococcus faecalis,2845392.0,1684932
170,ERR2984773,metaSPAdes,Enterococcus faecalis,2845392.0,1685227
171,ERR2984773,metaSPAdes,Enterococcus faecalis,2845392.0,1720325.0
172,ERR2984773,metaSPAdes,Enterococcus faecalis,2845392.0,1091606.0
173,ERR2984773,metaSPAdes,Enterococcus faecalis,2845392.0,1091635.0
174,ERR2984773,metaSPAdes,Enterococcus faecalis,2845392.0,1091661.0
175,ERR2984773,metaSPAdes,Enterococcus faecalis,2845392.0,1091664.0
176,ERR2984773,metaSPAdes,Enterococcus faecalis,2845392.0,1091687.0
177,ERR2984773,metaSPAdes,Enterococcus faecalis,2845392.0,1091720.0
178,ERR2984773,metaSPAdes,Enterococcus faecalis,2845392.0,1091721.0
179,ERR2984773,metaSPAdes,Enterococcus faecalis,2845392.0,1091791.0
180,ERR2984773,metaSPAdes,Enterococcus faecalis,2845392.0,1091881.0
181,ERR2984773,metaSPAdes,Enterococcus faecalis,2845392.0,1091890.0
182,ERR2984773,metaSPAdes,Enterococcus faecalis,2845392.0,1091893.0
183,ERR2984773,metaSPAdes,Enterococcus faecalis,2845392.0,1091896.0
184,ERR2984773,metaSPAdes,Enterococcus faecalis,2845392.0,1091897.0
185,ERR2984773,metaSPAdes,Enterococcus faecalis,2845392.0,1091898.0
186,ERR2984773,metaSPAdes,Enterococcus faecalis,2845392.0,1091900.0
187,ERR2984773,metaSPAdes,Enterococcus faecalis,2845392.0,1091901.0
188,ERR2984773,metaSPAdes,Enterococcus faecalis,2845392.0,1091902.0
189,ERR2984773,metaSPAdes,Enterococcus faecalis,2845392.0,1091904.0
190,ERR2984773,metaSPAdes,Enterococcus faecalis,2845392.0,1091906.0
191,ERR2984773,metaSPAdes,Enterococcus faecalis,2845392.0,1091912.0
192,ERR2984773,metaSPAdes,Enterococcus faecalis,2845392.0,1091923.0
193,ERR2984773,metaSPAdes,Enterococcus faecalis,2845392.0,1091936.0
194,ERR2984773,metaSPAdes,Enterococcus faecalis,2845392.0,1091957.0
195,ERR2984773,metaSPAdes,Enterococcus faecalis,2845392.0,1091978.0
196,ERR2984773,metaSPAdes,Enterococcus faecalis,2845392.0,1091999.0
197,ERR2984773,metaSPAdes,Escherichia coli,4765434.0,4245061.0
198,ERR2984773,metaSPAdes,Escherichia coli,4765434.0,4245066.0
199,ERR2984773,metaSPAdes,Escherichia coli,4765434.0,4245071.0
200,ERR2984773,metaSPAdes,Escherichia coli,4765434.0,4245076.0
201,ERR2984773,metaSPAdes,Escherichia coli,4765434.0,4270631.0
202,ERR2984773,metaSPAdes,Escherichia coli,4765434.0,4270654.0
203,ERR2984773,metaSPAdes,Escherichia coli,4765434.0,758240
204,ERR2984773,metaSPAdes,Escherichia coli,4765434.0,758258
205,ERR2984773,metaSPAdes,Escherichia coli,4765434.0,758292
206,ERR2984773,metaSPAdes,Escherichia coli,4765434.0,758295
207,ERR2984773,metaSPAdes,Escherichia coli,4765434.0,758304
208,ERR2984773,metaSPAdes,Escherichia coli,4765434.0,758324
209,ERR2984773,metaSPAdes,Escherichia coli,4765434.0,758336
210,ERR2984773,metaSPAdes,Escherichia coli,4765434.0,800897
211,ERR2984773,metaSPAdes,Escherichia coli,4765434.0,800946
212,ERR2984773,metaSPAdes,Escherichia coli,4765434.0,800947
213,ERR2984773,metaSPAdes,Escherichia coli,4765434.0,800948
214,ERR2984773,metaSPAdes,Escherichia coli,4765434.0,841240
215,ERR2984773,metaSPAdes,Escherichia coli,4765434.0,841243
216,ERR2984773,metaSPAdes,Escherichia coli,4765434.0,841249
217,ERR2984773,metaSPAdes,Escherichia coli,4765434.0,2654367.0
218,ERR2984773,metaSPAdes,Escherichia coli,4765434.0,2654369.0
219,ERR2984773,metaSPAdes,Escherichia coli,4765434.0,2654372.0
220,ERR2984773,metaSPAdes,Escherichia coli,4765434.0,1447194
221,ERR2984773,metaSPAdes,Escherichia coli,4765434.0,1447206
222,ERR2984773,metaSPAdes,Escherichia coli,4765434.0,1447224
223,ERR2984773,metaSPAdes,Escherichia coli,4765434.0,1921493.0
224,ERR2984773,metaSPAdes,Escherichia coli,4765434.0,3252893.0
225,ERR2984773,metaSPAdes,Escherichia coli,4765434.0,3252894.0
226,ERR2984773,metaSPAdes,Escherichia coli,4765434.0,3252899.0
227,ERR2984773,metaSPAdes,Escherichia coli,4765434.0,3252900.0
228,ERR2984773,metaSPAdes,Escherichia coli,4765434.0,3252905.0
229,ERR2984773,metaSPAdes,Escherichia coli,4765434.0,3252908.0
230,ERR2984773,metaSPAdes,Escherichia coli,4765434.0,3303191.0
231,ERR2984773,metaSPAdes,Escherichia coli,4765434.0,3303222.0
232,ERR2984773,metaSPAdes,Escherichia coli,4765434.0,3303226.0
233,ERR2984773,metaSPAdes,Escherichia coli,4765434.0,3303322.0
234,ERR2984773,metaSPAdes,Escherichia coli,4765434.0,3303421.0
235,ERR2984773,metaSPAdes,Escherichia coli,4765434.0,3303424.0
236,ERR2984773,metaSPAdes,Escherichia coli,4765434.0,3303428.0
237,ERR2984773,metaSPAdes,Escherichia coli,4765434.0,3303443.0
238,ERR2984773,metaSPAdes,Escherichia coli,4765434.0,3303461.0
239,ERR2984773,metaSPAdes,Escherichia coli,4765434.0,3303465.0
240,ERR2984773,metaSPAdes,Escherichia coli,4765434.0,3303466.0
241,ERR2984773,metaSPAdes,Escherichia coli,4765434.0,3303468.0
242,ERR2984773,metaSPAdes,Escherichia coli,4765434.0,3303476.0
243,ERR2984773,metaSPAdes,Escherichia coli,4765434.0,3303477.0
244,ERR2984773,metaSPAdes,Escherichia coli,4765434.0,3319418.0
245,ERR2984773,metaSPAdes,Escherichia coli,4765434.0,3319427.0
246,ERR2984773,metaSPAdes,Escherichia coli,4765434.0,3319449.0
247,ERR2984773,metaSPAdes,Escherichia coli,4765434.0,3319509.0
248,ERR2984773,metaSPAdes,Escherichia coli,4765434.0,2990049.0
249,ERR2984773,metaSPAdes,Escherichia coli,4765434.0,2990050.0
250,ERR2984773,metaSPAdes,Escherichia coli,4765434.0,2990085.0
251,ERR2984773,metaSPAdes,Escherichia coli,4765434.0,199435
252,ERR2984773,metaSPAdes,Escherichia coli,4765434.0,199493
253,ERR2984773,metaSPAdes,Escherichia coli,4765434.0,199495
254,ERR2984773,metaSPAdes,Escherichia coli,4765434.0,233953
255,ERR2984773,metaSPAdes,Escherichia coli,4765434.0,234063
256,ERR2984773,metaSPAdes,Escherichia coli,4765434.0,234071
257,ERR2984773,metaSPAdes,Escherichia coli,4765434.0,234102
258,ERR2984773,metaSPAdes,Escherichia coli,4765434.0,2155326.0
259,ERR2984773,metaSPAdes,Escherichia coli,4765434.0,2155333.0
260,ERR2984773,metaSPAdes,Escherichia coli,4765434.0,2155356.0
261,ERR2984773,metaSPAdes,Escherichia coli,4765434.0,2155362.0
262,ERR2984773,metaSPAdes,Escherichia coli,4765434.0,2155479.0
263,ERR2984773,metaSPAdes,Escherichia coli,4765434.0,2155482.0
264,ERR2984773,metaSPAdes,Escherichia coli,4765434.0,2547237
265,ERR2984773,metaSPAdes,Escherichia coli,4765434.0,2547258
266,ERR2984773,metaSPAdes,Escherichia coli,4765434.0,2547273
267,ERR2984773,metaSPAdes,Escherichia coli,4765434.0,2547282
268,ERR2984773,metaSPAdes,Escherichia coli,4765434.0,2547294
269,ERR2984773,metaSPAdes,Escherichia coli,4765434.0,2547297
270,ERR2984773,metaSPAdes,Escherichia coli,4765434.0,2547344
271,ERR2984773,metaSPAdes,Escherichia coli,4765434.0,2549857
272,ERR2984773,metaSPAdes,Escherichia coli,4765434.0,2549866
273,ERR2984773,metaSPAdes,Escherichia coli,4765434.0,2561322
274,ERR2984773,metaSPAdes,Escherichia coli,4765434.0,2561328
275,ERR2984773,metaSPAdes,Escherichia coli,4765434.0,2561331
276,ERR2984773,metaSPAdes,Escherichia coli,4765434.0,4480951.0
277,ERR2984773,metaSPAdes,Escherichia coli,4765434.0,4480963.0
278,ERR2984773,metaSPAdes,Escherichia coli,4765434.0,4480972.0
279,ERR2984773,metaSPAdes,Escherichia coli,4765434.0,4480975.0
280,ERR2984773,metaSPAdes,Escherichia coli,4765434.0,4480984.0
281,ERR2984773,metaSPAdes,Escherichia coli,4765434.0,4481008.0
282,ERR2984773,metaSPAdes,Escherichia coli,4765434.0,4481029.0
283,ERR2984773,metaSPAdes,Escherichia coli,4765434.0,4481062.0
284,ERR2984773,metaSPAdes,Escherichia coli,4765434.0,4481101.0
285,ERR2984773,metaSPAdes,Escherichia coli,4765434.0,4481119.0
286,ERR2984773,metaSPAdes,Escherichia coli,4765434.0,4481125.0
287,ERR2984773,metaSPAdes,Escherichia coli,4765434.0,4481194.0
288,ERR2984773,metaSPAdes,Escherichia coli,4765434.0,4481260.0
289,ERR2984773,metaSPAdes,Escherichia coli,4765434.0,4481263.0
290,ERR2984773,metaSPAdes,Escherichia coli,4765434.0,4481269.0
291,ERR2984773,metaSPAdes,Escherichia coli,4765434.0,4481272.0
292,ERR2984773,metaSPAdes,Escherichia coli,4765434.0,4481275.0
293,ERR2984773,metaSPAdes,Escherichia coli,4765434.0,4481278.0
294,ERR2984773,metaSPAdes,Escherichia coli,4765434.0,4481302.0
295,ERR2984773,metaSPAdes,Escherichia coli,4765434.0,4481311.0
296,ERR2984773,metaSPAdes,Escherichia coli,4765434.0,4481326.0
297,ERR2984773,metaSPAdes,Escherichia coli,4765434.0,4481332.0
298,ERR2984773,metaSPAdes,Escherichia coli,4765434.0,4481333.0
299,ERR2984773,metaSPAdes,Escherichia coli,4765434.0,4481335.0
300,ERR2984773,metaSPAdes,Escherichia coli,4765434.0,4481341.0
301,ERR2984773,metaSPAdes,Escherichia coli,4765434.0,4481347.0
302,ERR2984773,metaSPAdes,Escherichia coli,4765434.0,4481348.0
303,ERR2984773,metaSPAdes,Escherichia coli,4765434.0,4481349.0
304,ERR2984773,metaSPAdes,Escherichia coli,4765434.0,4481350.0
305,ERR2984773,metaSPAdes,Escherichia coli,4765434.0,4481353.0
306,ERR2984773,metaSPAdes,Escherichia coli,4765434.0,4481356.0
307,ERR2984773,metaSPAdes,Escherichia coli,4765434.0,4481359.0
308,ERR2984773,metaSPAdes,Escherichia coli,4765434.0,4481360.0
309,ERR2984773,metaSPAdes,Escherichia coli,4765434.0,4481361.0
310,ERR2984773,metaSPAdes,Escherichia coli,4765434.0,4481362.0
311,ERR2984773,metaSPAdes,Escherichia coli,4765434.0,4481368.0
312,ERR2984773,metaSPAdes,Escherichia coli,4765434.0,4481371.0
313,ERR2984773,metaSPAdes,Escherichia coli,4765434.0,4481375.0
314,ERR2984773,metaSPAdes,Escherichia coli,4765434.0,4481380.0
315,ERR2984773,metaSPAdes,Escherichia coli,4765434.0,4481389.0
316,ERR2984773,metaSPAdes,Escherichia coli,4765434.0,4481391.0
317,ERR2984773,metaSPAdes,Escherichia coli,4765434.0,4481404.0
318,ERR2984773,metaSPAdes,Escherichia coli,4765434.0,4481407.0
319,ERR2984773,metaSPAdes,Escherichia coli,4765434.0,4481422.0
320,ERR2984773,metaSPAdes,Escherichia coli,4765434.0,4481455.0
321,ERR2984773,metaSPAdes,Escherichia coli,4765434.0,4481467.0
322,ERR2984773,metaSPAdes,Escherichia coli,4765434.0,4481527.0
323,ERR2984773,metaSPAdes,Escherichia coli,4765434.0,4481530.0
324,ERR2984773,metaSPAdes,Escherichia coli,4765434.0,4481545.0
325,ERR2984773,metaSPAdes,Escherichia coli,4765434.0,4481548.0
326,ERR2984773,metaSPAdes,Escherichia coli,4765434.0,4481582.0
327,ERR2984773,metaSPAdes,Escherichia coli,4765434.0,4481583.0
328,ERR2984773,metaSPAdes,Escherichia coli,4765434.0,4481632.0
329,ERR2984773,metaSPAdes,Escherichia coli,4765434.0,4481641.0
330,ERR2984773,metaSPAdes,Escherichia coli,4765434.0,4481650.0
331,ERR2984773,metaSPAdes,Escherichia coli,4765434.0,3180068
332,ERR2984773,metaSPAdes,Escherichia coli,4765434.0,3180077
333,ERR2984773,metaSPAdes,Escherichia coli,4765434.0,3180078
334,ERR2984773,metaSPAdes,Escherichia coli,4765434.0,3180080
335,ERR2984773,metaSPAdes,Escherichia coli,4765434.0,3180085
336,ERR2984773,metaSPAdes,Escherichia coli,4765434.0,3180086
337,ERR2984773,metaSPAdes,Escherichia coli,4765434.0,3180089
338,ERR2984773,metaSPAdes,Escherichia coli,4765434.0,3180098
339,ERR2984773,metaSPAdes,Escherichia coli,4765434.0,3180099
340,ERR2984773,metaSPAdes,Escherichia coli,4765434.0,3180100
341,ERR2984773,metaSPAdes,Escherichia coli,4765434.0,3180101
342,ERR2984773,metaSPAdes,Escherichia coli,4765434.0,3180102
343,ERR2984773,metaSPAdes,Escherichia coli,4765434.0,3180104
344,ERR2984773,metaSPAdes,Escherichia coli,4765434.0,3180110
345,ERR2984773,metaSPAdes,Escherichia coli,4765434.0,3180113
346,ERR2984773,metaSPAdes,Escherichia coli,4765434.0,3180127
347,ERR2984773,metaSPAdes,Escherichia coli,4765434.0,3180130
348,ERR2984773,metaSPAdes,Escherichia coli,4765434.0,3180132
349,ERR2984773,metaSPAdes,Escherichia coli,4765434.0,3180134
350,ERR2984773,metaSPAdes,Escherichia coli,4765434.0,3180143
351,ERR2984773,metaSPAdes,Escherichia coli,4765434.0,3180155
352,ERR2984773,metaSPAdes,Escherichia coli,4765434.0,3180156
353,ERR2984773,metaSPAdes,Escherichia coli,4765434.0,3180163
354,ERR2984773,metaSPAdes,Escherichia coli,4765434.0,3180182
355,ERR2984773,metaSPAdes,Escherichia coli,4765434.0,3180185
356,ERR2984773,metaSPAdes,Escherichia coli,4765434.0,3180198
357,ERR2984773,metaSPAdes,Escherichia coli,4765434.0,3180207
358,ERR2984773,metaSPAdes,Escherichia coli,4765434.0,3180208
359,ERR2984773,metaSPAdes,Escherichia coli,4765434.0,3180243
360,ERR2984773,metaSPAdes,Escherichia coli,4765434.0,3180247
361,ERR2984773,metaSPAdes,Escherichia coli,4765434.0,3180260
362,ERR2984773,metaSPAdes,Escherichia coli,4765434.0,3191444
363,ERR2984773,metaSPAdes,Escherichia coli,4765434.0,3191628
364,ERR2984773,metaSPAdes,Escherichia coli,4765434.0,3200904
365,ERR2984773,metaSPAdes,Escherichia coli,4765434.0,3407188.0
366,ERR2984773,metaSPAdes,Escherichia coli,4765434.0,3407200.0
367,ERR2984773,metaSPAdes,Escherichia coli,4765434.0,3407221.0
368,ERR2984773,metaSPAdes,Escherichia coli,4765434.0,3407224.0
369,ERR2984773,metaSPAdes,Escherichia coli,4765434.0,3407233.0
370,ERR2984773,metaSPAdes,Escherichia coli,4765434.0,3407239.0
371,ERR2984773,metaSPAdes,Escherichia coli,4765434.0,3407251.0
372,ERR2984773,metaSPAdes,Escherichia coli,4765434.0,3407272.0
373,ERR2984773,metaSPAdes,Escherichia coli,4765434.0,3407278.0
374,ERR2984773,metaSPAdes,Escherichia coli,4765434.0,3407329.0
375,ERR2984773,metaSPAdes,Escherichia coli,4765434.0,3450344.0
376,ERR2984773,metaSPAdes,Escherichia coli,4765434.0,3450347.0
377,ERR2984773,metaSPAdes,Escherichia coli,4765434.0,3455299.0
378,ERR2984773,metaSPAdes,Escherichia coli,4765434.0,3455310.0
379,ERR2984773,metaSPAdes,Escherichia coli,4765434.0,3455319.0
380,ERR2984773,metaSPAdes,Escherichia coli,4765434.0,3455320.0
381,ERR2984773,metaSPAdes,Escherichia coli,4765434.0,3455321.0
382,ERR2984773,metaSPAdes,Escherichia coli,4765434.0,3455326.0
383,ERR2984773,metaSPAdes,Escherichia coli,4765434.0,3455332.0
384,ERR2984773,metaSPAdes,Escherichia coli,4765434.0,3455334.0
385,ERR2984773,metaSPAdes,Escherichia coli,4765434.0,3455347.0
386,ERR2984773,metaSPAdes,Escherichia coli,4765434.0,3455353.0
387,ERR2984773,metaSPAdes,Escherichia coli,4765434.0,3455388.0
388,ERR2984773,metaSPAdes,Escherichia coli,4765434.0,3455448.0
389,ERR2984773,metaSPAdes,Escherichia coli,4765434.0,3455611.0
390,ERR2984773,metaSPAdes,Escherichia coli,4765434.0,3455612.0
391,ERR2984773,metaSPAdes,Escherichia coli,4765434.0,3455622.0
392,ERR2984773,metaSPAdes,Escherichia coli,4765434.0,3455625.0
393,ERR2984773,metaSPAdes,Escherichia coli,4765434.0,3455647.0
394,ERR2984773,metaSPAdes,Escherichia coli,4765434.0,3455681.0
395,ERR2984773,metaSPAdes,Escherichia coli,4765434.0,4508007.0
396,ERR2984773,metaSPAdes,Escherichia coli,4765434.0,4508014.0
397,ERR2984773,metaSPAdes,Escherichia coli,4765434.0,4508035.0
398,ERR2984773,metaSPAdes,Escherichia coli,4765434.0,4508039.0
399,ERR2984773,metaSPAdes,Escherichia coli,4765434.0,4508046.0
400,ERR2984773,metaSPAdes,Escherichia coli,4765434.0,4508048.0
401,ERR2984773,metaSPAdes,Escherichia coli,4765434.0,4577362
402,ERR2984773,metaSPAdes,Escherichia coli,4765434.0,4577379
403,ERR2984773,metaSPAdes,Escherichia coli,4765434.0,4577386
404,ERR2984773,metaSPAdes,Escherichia coli,4765434.0,4578346
405,ERR2984773,metaSPAdes,Escherichia coli,4765434.0,4578351
406,ERR2984773,metaSPAdes,Escherichia coli,4765434.0,4586592
407,ERR2984773,metaSPAdes,Escherichia coli,4765434.0,4586609
408,ERR2984773,metaSPAdes,Escherichia coli,4765434.0,4586630
409,ERR2984773,metaSPAdes,Escherichia coli,4765434.0,4586636
410,ERR2984773,metaSPAdes,Escherichia coli,4765434.0,4586645
411,ERR2984773,metaSPAdes,Escherichia coli,4765434.0,133578.0
412,ERR2984773,metaSPAdes,Escherichia coli,4765434.0,133580.0
413,ERR2984773,metaSPAdes,Escherichia coli,4765434.0,133581.0
414,ERR2984773,metaSPAdes,Escherichia coli,4765434.0,133583.0
415,ERR2984773,metaSPAdes,Escherichia coli,4765434.0,133584.0
416,ERR2984773,metaSPAdes,Escherichia coli,4765434.0,133586.0
417,ERR2984773,metaSPAdes,Escherichia coli,4765434.0,133597.0
418,ERR2984773,metaSPAdes,Escherichia coli,4765434.0,133604.0
419,ERR2984773,metaSPAdes,Escherichia coli,4765434.0,133641.0
420,ERR2984773,metaSPAdes,Escherichia coli,4765434.0,133653.0
421,ERR2984773,metaSPAdes,Escherichia coli,4765434.0,133662.0
422,ERR2984773,metaSPAdes,Escherichia coli,4765434.0,133666.0
423,ERR2984773,metaSPAdes,Escherichia coli,4765434.0,133773.0
424,ERR2984773,metaSPAdes,Escherichia coli,4765434.0,133803.0
425,ERR2984773,metaSPAdes,Escherichia coli,4765434.0,133825.0
426,ERR2984773,metaSPAdes,Escherichia coli,4765434.0,133826.0
427,ERR2984773,metaSPAdes,Escherichia coli,4765434.0,133827.0
428,ERR2984773,metaSPAdes,Escherichia coli,4765434.0,133830.0
429,ERR2984773,metaSPAdes,Escherichia coli,4765434.0,133836.0
430,ERR2984773,metaSPAdes,Escherichia coli,4765434.0,133848.0
431,ERR2984773,metaSPAdes,Escherichia coli,4765434.0,133867.0
432,ERR2984773,metaSPAdes,Escherichia coli,4765434.0,133887.0
433,ERR2984773,metaSPAdes,Escherichia coli,4765434.0,133899.0
434,ERR2984773,metaSPAdes,Escherichia coli,4765434.0,133905.0
435,ERR2984773,metaSPAdes,Escherichia coli,4765434.0,133962.0
436,ERR2984773,metaSPAdes,Escherichia coli,4765434.0,133986.0
437,ERR2984773,metaSPAdes,Escherichia coli,4765434.0,134028.0
438,ERR2984773,metaSPAdes,Escherichia coli,4765434.0,134045.0
439,ERR2984773,metaSPAdes,Escherichia coli,4765434.0,134059.0
440,ERR2984773,metaSPAdes,Escherichia coli,4765434.0,3796780.0
441,ERR2984773,metaSPAdes,Escherichia coli,4765434.0,3796793.0
442,ERR2984773,metaSPAdes,Escherichia coli,4765434.0,3796794.0
443,ERR2984773,metaSPAdes,Escherichia coli,4765434.0,3796795.0
444,ERR2984773,metaSPAdes,Escherichia coli,4765434.0,3796797.0
445,ERR2984773,metaSPAdes,Escherichia coli,4765434.0,3796800.0
446,ERR2984773,metaSPAdes,Escherichia coli,4765434.0,3796803.0
447,ERR2984773,metaSPAdes,Escherichia coli,4765434.0,3796805.0
448,ERR2984773,metaSPAdes,Escherichia coli,4765434.0,4018150.0
449,ERR2984773,metaSPAdes,Escherichia coli,4765434.0,3510128
450,ERR2984773,metaSPAdes,Escherichia coli,4765434.0,3510236
451,ERR2984773,metaSPAdes,Escherichia coli,4765434.0,3527762
452,ERR2984773,metaSPAdes,Escherichia coli,4765434.0,3527768
453,ERR2984773,metaSPAdes,Escherichia coli,4765434.0,3527789
454,ERR2984773,metaSPAdes,Escherichia coli,4765434.0,3527822
455,ERR2984773,metaSPAdes,Escherichia coli,4765434.0,3527825
456,ERR2984773,metaSPAdes,Escherichia coli,4765434.0,3527828
457,ERR2984773,metaSPAdes,Escherichia coli,4765434.0,3538327
458,ERR2984773,metaSPAdes,Escherichia coli,4765434.0,3538352
459,ERR2984773,metaSPAdes,Escherichia coli,4765434.0,3538491
460,ERR2984773,metaSPAdes,Escherichia coli,4765434.0,2445332.0
461,ERR2984773,metaSPAdes,Escherichia coli,4765434.0,2445341.0
462,ERR2984773,metaSPAdes,Escherichia coli,4765434.0,2445343.0
463,ERR2984773,metaSPAdes,Escherichia coli,4765434.0,2445374.0
464,ERR2984773,metaSPAdes,Escherichia coli,4765434.0,2445388.0
465,ERR2984773,metaSPAdes,Escherichia coli,4765434.0,2445395.0
466,ERR2984773,metaSPAdes,Escherichia coli,4765434.0,2445398.0
467,ERR2984773,metaSPAdes,Escherichia coli,4765434.0,2445434.0
468,ERR2984773,metaSPAdes,Escherichia coli,4765434.0,2445440.0
469,ERR2984773,metaSPAdes,Escherichia coli,4765434.0,2455929.0
470,ERR2984773,metaSPAdes,Escherichia coli,4765434.0,1964385
471,ERR2984773,metaSPAdes,Escherichia coli,4765434.0,1964414
472,ERR2984773,metaSPAdes,Escherichia coli,4765434.0,1964434
473,ERR2984773,metaSPAdes,Escherichia coli,4765434.0,1964435
474,ERR2984773,metaSPAdes,Escherichia coli,4765434.0,2234211.0
475,ERR2984773,metaSPAdes,Escherichia coli,4765434.0,2234212.0
476,ERR2984773,metaSPAdes,Escherichia coli,4765434.0,3879338.0
477,ERR2984773,metaSPAdes,Escherichia coli,4765434.0,3879345.0
478,ERR2984773,metaSPAdes,Escherichia coli,4765434.0,3879346.0
479,ERR2984773,metaSPAdes,Escherichia coli,4765434.0,3879351.0
480,ERR2984773,metaSPAdes,Escherichia coli,4765434.0,1572224.0
481,ERR2984773,metaSPAdes,Escherichia coli,4765434.0,1572227.0
482,ERR2984773,metaSPAdes,Escherichia coli,4765434.0,3097046.0
483,ERR2984773,metaSPAdes,Escherichia coli,4765434.0,3097052.0
484,ERR2984773,metaSPAdes,Escherichia coli,4765434.0,3097064.0
485,ERR2984773,metaSPAdes,Escherichia coli,4765434.0,3097073.0
486,ERR2984773,metaSPAdes,Escherichia coli,4765434.0,3097076.0
487,ERR2984773,metaSPAdes,Escherichia coli,4765434.0,3097088.0
488,ERR2984773,metaSPAdes,Escherichia coli,4765434.0,3097127.0
489,ERR2984773,metaSPAdes,Escherichia coli,4765434.0,3097136.0
490,ERR2984773,metaSPAdes,Escherichia coli,4765434.0,3097139.0
491,ERR2984773,metaSPAdes,Escherichia coli,4765434.0,3097160.0
492,ERR2984773,metaSPAdes,Escherichia coli,4765434.0,3099241.0
493,ERR2984773,metaSPAdes,Escherichia coli,4765434.0,3099242.0
494,ERR2984773,metaSPAdes,Escherichia coli,4765434.0,3099245.0
495,ERR2984773,metaSPAdes,Escherichia coli,4765434.0,3099269.0
496,ERR2984773,metaSPAdes,Escherichia coli,4765434.0,3099287.0
497,ERR2984773,metaSPAdes,Escherichia coli,4765434.0,3099329.0
498,ERR2984773,metaSPAdes,Escherichia coli,4765434.0,3099473.0
499,ERR2984773,metaSPAdes,Escherichia coli,4765434.0,3099479.0
500,ERR2984773,metaSPAdes,Escherichia coli,4765434.0,3099482.0
501,ERR2984773,metaSPAdes,Escherichia coli,4765434.0,3099575.0
502,ERR2984773,metaSPAdes,Escherichia coli,4765434.0,3099581.0
503,ERR2984773,metaSPAdes,Escherichia coli,4765434.0,3099590.0
504,ERR2984773,metaSPAdes,Escherichia coli,4765434.0,3099596.0
505,ERR2984773,metaSPAdes,Escherichia coli,4765434.0,3099604.0
506,ERR2984773,metaSPAdes,Escherichia coli,4765434.0,3099611.0
507,ERR2984773,metaSPAdes,Escherichia coli,4765434.0,3099644.0
508,ERR2984773,metaSPAdes,Escherichia coli,4765434.0,3099671.0
509,ERR2984773,metaSPAdes,Escherichia coli,4765434.0,3099701.0
510,ERR2984773,metaSPAdes,Escherichia coli,4765434.0,3099758.0
511,ERR2984773,metaSPAdes,Escherichia coli,4765434.0,3099800.0
512,ERR2984773,metaSPAdes,Escherichia coli,4765434.0,3099854.0
513,ERR2984773,metaSPAdes,Escherichia coli,4765434.0,3099923.0
514,ERR2984773,metaSPAdes,Escherichia coli,4765434.0,3099932.0
515,ERR2984773,metaSPAdes,Escherichia coli,4765434.0,3099971.0
516,ERR2984773,metaSPAdes,Escherichia coli,4765434.0,3099974.0
517,ERR2984773,metaSPAdes,Escherichia coli,4765434.0,3099977.0
518,ERR2984773,metaSPAdes,Escherichia coli,4765434.0,3099980.0
519,ERR2984773,metaSPAdes,Escherichia coli,4765434.0,3100031.0
520,ERR2984773,metaSPAdes,Escherichia coli,4765434.0,3100064.0
521,ERR2984773,metaSPAdes,Escherichia coli,4765434.0,3100070.0
522,ERR2984773,metaSPAdes,Escherichia coli,4765434.0,3100085.0
523,ERR2984773,metaSPAdes,Escherichia coli,4765434.0,3100157.0
524,ERR2984773,metaSPAdes,Escherichia coli,4765434.0,3100163.0
525,ERR2984773,metaSPAdes,Escherichia coli,4765434.0,3100164.0
526,ERR2984773,metaSPAdes,Escherichia coli,4765434.0,3100165.0
527,ERR2984773,metaSPAdes,Escherichia coli,4765434.0,3100169.0
528,ERR2984773,metaSPAdes,Escherichia coli,4765434.0,3100202.0
529,ERR2984773,metaSPAdes,Escherichia coli,4765434.0,3100211.0
530,ERR2984773,metaSPAdes,Escherichia coli,4765434.0,3100220.0
531,ERR2984773,metaSPAdes,Escherichia coli,4765434.0,3100427.0
532,ERR2984773,metaSPAdes,Escherichia coli,4765434.0,3100436.0
533,ERR2984773,metaSPAdes,Escherichia coli,4765434.0,3100439.0
534,ERR2984773,metaSPAdes,Escherichia coli,4765434.0,3100445.0
535,ERR2984773,metaSPAdes,Escherichia coli,4765434.0,3100478.0
536,ERR2984773,metaSPAdes,Escherichia coli,4765434.0,3100511.0
537,ERR2984773,metaSPAdes,Escherichia coli,4765434.0,3100514.0
538,ERR2984773,metaSPAdes,Escherichia coli,4765434.0,3100517.0
539,ERR2984773,metaSPAdes,Escherichia coli,4765434.0,3100562.0
540,ERR2984773,metaSPAdes,Escherichia coli,4765434.0,3100607.0
541,ERR2984773,metaSPAdes,Escherichia coli,4765434.0,3100610.0
542,ERR2984773,metaSPAdes,Escherichia coli,4765434.0,3100793.0
543,ERR2984773,metaSPAdes,Escherichia coli,4765434.0,3100795.0
544,ERR2984773,metaSPAdes,Escherichia coli,4765434.0,3100798.0
545,ERR2984773,metaSPAdes,Escherichia coli,4765434.0,3100808.0
546,ERR2984773,metaSPAdes,Escherichia coli,4765434.0,3100816.0
547,ERR2984773,metaSPAdes,Escherichia coli,4765434.0,3100866.0
548,ERR2984773,metaSPAdes,Escherichia coli,4765434.0,3100875.0
549,ERR2984773,metaSPAdes,Escherichia coli,4765434.0,3100878.0
550,ERR2984773,metaSPAdes,Escherichia coli,4765434.0,3100892.0
551,ERR2984773,metaSPAdes,Escherichia coli,4765434.0,3100893.0
552,ERR2984773,metaSPAdes,Escherichia coli,4765434.0,3100908.0
553,ERR2984773,metaSPAdes,Escherichia coli,4765434.0,3100914.0
554,ERR2984773,metaSPAdes,Escherichia coli,4765434.0,3100920.0
555,ERR2984773,metaSPAdes,Escherichia coli,4765434.0,3100950.0
556,ERR2984773,metaSPAdes,Escherichia coli,4765434.0,3103350.0
557,ERR2984773,metaSPAdes,Escherichia coli,4765434.0,3103368.0
558,ERR2984773,metaSPAdes,Escherichia coli,4765434.0,3103401.0
559,ERR2984773,metaSPAdes,Escherichia coli,4765434.0,3104337.0
560,ERR2984773,metaSPAdes,Escherichia coli,4765434.0,3104343.0
561,ERR2984773,metaSPAdes,Escherichia coli,4765434.0,2633904.0
562,ERR2984773,metaSPAdes,Escherichia coli,4765434.0,1285192
563,ERR2984773,metaSPAdes,Escherichia coli,4765434.0,1285193
564,ERR2984773,metaSPAdes,Escherichia coli,4765434.0,1285198
565,ERR2984773,metaSPAdes,Escherichia coli,4765434.0,460375.0
566,ERR2984773,metaSPAdes,Escherichia coli,4765434.0,460424.0
567,ERR2984773,metaSPAdes,Escherichia coli,4765434.0,460478.0
568,ERR2984773,metaSPAdes,Escherichia coli,4765434.0,460921.0
569,ERR2984773,metaSPAdes,Escherichia coli,4765434.0,460992.0
570,ERR2984773,metaSPAdes,Escherichia coli,4765434.0,3859532
571,ERR2984773,metaSPAdes,Escherichia coli,4765434.0,3859537
572,ERR2984773,metaSPAdes,Escherichia coli,4765434.0,3859541
573,ERR2984773,metaSPAdes,Escherichia coli,4765434.0,3859557
574,ERR2984773,metaSPAdes,Escherichia coli,4765434.0,3859595
575,ERR2984773,metaSPAdes,Escherichia coli,4765434.0,3859797
576,ERR2984773,metaSPAdes,Escherichia coli,4765434.0,3859812
577,ERR2984773,metaSPAdes,Escherichia coli,4765434.0,3859842
578,ERR2984773,metaSPAdes,Escherichia coli,4765434.0,3859857
579,ERR2984773,metaSPAdes,Escherichia coli,4765434.0,3859926
580,ERR2984773,metaSPAdes,Escherichia coli,4765434.0,3860002
581,ERR2984773,metaSPAdes,Escherichia coli,4765434.0,3860390
582,ERR2984773,metaSPAdes,Escherichia coli,4765434.0,3860821
583,ERR2984773,metaSPAdes,Escherichia coli,4765434.0,3860845
584,ERR2984773,metaSPAdes,Escherichia coli,4765434.0,3860900
585,ERR2984773,metaSPAdes,Escherichia coli,4765434.0,3860905
586,ERR2984773,metaSPAdes,Escherichia coli,4765434.0,3860926
587,ERR2984773,metaSPAdes,Escherichia coli,4765434.0,3860944
588,ERR2984773,metaSPAdes,Escherichia coli,4765434.0,3861025
589,ERR2984773,metaSPAdes,Escherichia coli,4765434.0,3861031
590,ERR2984773,metaSPAdes,Escherichia coli,4765434.0,3861076
591,ERR2984773,metaSPAdes,Escherichia coli,4765434.0,3861097
592,ERR2984773,metaSPAdes,Escherichia coli,4765434.0,3861548
593,ERR2984773,metaSPAdes,Escherichia coli,4765434.0,3861549
594,ERR2984773,metaSPAdes,Escherichia coli,4765434.0,3861563
595,ERR2984773,metaSPAdes,Escherichia coli,4765434.0,3862137
596,ERR2984773,metaSPAdes,Escherichia coli,4765434.0,3862158
597,ERR2984773,metaSPAdes,Escherichia coli,4765434.0,3862203
598,ERR2984773,metaSPAdes,Escherichia coli,4765434.0,3862206
599,ERR2984773,metaSPAdes,Escherichia coli,4765434.0,3862215
600,ERR2984773,metaSPAdes,Escherichia coli,4765434.0,3862767
601,ERR2984773,metaSPAdes,Escherichia coli,4765434.0,3862773
602,ERR2984773,metaSPAdes,Escherichia coli,4765434.0,3862788
603,ERR2984773,metaSPAdes,Escherichia coli,4765434.0,3862789
604,ERR2984773,metaSPAdes,Escherichia coli,4765434.0,3862815
605,ERR2984773,metaSPAdes,Escherichia coli,4765434.0,1374947.0
606,ERR2984773,metaSPAdes,Escherichia coli,4765434.0,1374963.0
607,ERR2984773,metaSPAdes,Escherichia coli,4765434.0,1374986.0
608,ERR2984773,metaSPAdes,Escherichia coli,4765434.0,1374998.0
609,ERR2984773,metaSPAdes,Escherichia coli,4765434.0,4681999.0
610,ERR2984773,metaSPAdes,Escherichia coli,4765434.0,4682014.0
611,ERR2984773,metaSPAdes,Escherichia coli,4765434.0,4682044.0
612,ERR2984773,metaSPAdes,Escherichia coli,4765434.0,1965372
613,ERR2984773,metaSPAdes,Escherichia coli,4765434.0,1965444
614,ERR2984773,metaSPAdes,Escherichia coli,4765434.0,1965774
615,ERR2984773,metaSPAdes,Escherichia coli,4765434.0,1966137
616,ERR2984773,metaSPAdes,Escherichia coli,4765434.0,1966185
617,ERR2984773,metaSPAdes,Escherichia coli,4765434.0,1966229
618,ERR2984773,metaSPAdes,Escherichia coli,4765434.0,1966252
619,ERR2984773,metaSPAdes,Escherichia coli,4765434.0,1966263
620,ERR2984773,metaSPAdes,Escherichia coli,4765434.0,1966269
621,ERR2984773,metaSPAdes,Escherichia coli,4765434.0,1966272
622,ERR2984773,metaSPAdes,Escherichia coli,4765434.0,1966273
623,ERR2984773,metaSPAdes,Escherichia coli,4765434.0,1966288
624,ERR2984773,metaSPAdes,Escherichia coli,4765434.0,1966290
625,ERR2984773,metaSPAdes,Escherichia coli,4765434.0,1966304
626,ERR2984773,metaSPAdes,Escherichia coli,4765434.0,1966317
627,ERR2984773,metaSPAdes,Escherichia coli,4765434.0,1966586
628,ERR2984773,metaSPAdes,Escherichia coli,4765434.0,1966698
629,ERR2984773,metaSPAdes,Escherichia coli,4765434.0,3691056
630,ERR2984773,metaSPAdes,Escherichia coli,4765434.0,3691057
631,ERR2984773,metaSPAdes,Escherichia coli,4765434.0,3691059
632,ERR2984773,metaSPAdes,Escherichia coli,4765434.0,3691781
633,ERR2984773,metaSPAdes,Escherichia coli,4765434.0,3691785
634,ERR2984773,metaSPAdes,Escherichia coli,4765434.0,3691788
635,ERR2984773,metaSPAdes,Escherichia coli,4765434.0,3691791
636,ERR2984773,metaSPAdes,Escherichia coli,4765434.0,3691806
637,ERR2984773,metaSPAdes,Escherichia coli,4765434.0,3691830
638,ERR2984773,metaSPAdes,Escherichia coli,4765434.0,929352.0
639,ERR2984773,metaSPAdes,Escherichia coli,4765434.0,929403.0
640,ERR2984773,metaSPAdes,Escherichia coli,4765434.0,929421.0
641,ERR2984773,metaSPAdes,Escherichia coli,4765434.0,929478.0
642,ERR2984773,metaSPAdes,Escherichia coli,4765434.0,929532.0
643,ERR2984773,metaSPAdes,Escherichia coli,4765434.0,929646.0
644,ERR2984773,metaSPAdes,Escherichia coli,4765434.0,929658.0
645,ERR2984773,metaSPAdes,Escherichia coli,4765434.0,929681.0
646,ERR2984773,metaSPAdes,Escherichia coli,4765434.0,929697.0
647,ERR2984773,metaSPAdes,Escherichia coli,4765434.0,913634
648,ERR2984773,metaSPAdes,Escherichia coli,4765434.0,1718147.0
649,ERR2984773,metaSPAdes,Escherichia coli,4765434.0,1718171.0
650,ERR2984773,metaSPAdes,Escherichia coli,4765434.0,1718194.0
651,ERR2984773,metaSPAdes,Escherichia coli,4765434.0,1718204.0
652,ERR2984773,metaSPAdes,Escherichia coli,4765434.0,1718255.0
653,ERR2984773,metaSPAdes,Escherichia coli,4765434.0,1718267.0
654,ERR2984773,metaSPAdes,Escherichia coli,4765434.0,1718282.0
655,ERR2984773,metaSPAdes,Escherichia coli,4765434.0,1718315.0
656,ERR2984773,metaSPAdes,Escherichia coli,4765434.0,1718333.0
657,ERR2984773,metaSPAdes,Escherichia coli,4765434.0,1718702.0
658,ERR2984773,metaSPAdes,Escherichia coli,4765434.0,1718744.0
659,ERR2984773,metaSPAdes,Escherichia coli,4765434.0,1718756.0
660,ERR2984773,metaSPAdes,Escherichia coli,4765434.0,1718759.0
661,ERR2984773,metaSPAdes,Escherichia coli,4765434.0,1718765.0
662,ERR2984773,metaSPAdes,Escherichia coli,4765434.0,1718783.0
663,ERR2984773,metaSPAdes,Escherichia coli,4765434.0,910572.0
664,ERR2984773,metaSPAdes,Lactobacillus fermentum,1905333.0,1512407.0
665,ERR2984773,metaSPAdes,Lactobacillus fermentum,1905333.0,1690127
666,ERR2984773,metaSPAdes,Lactobacillus fermentum,1905333.0,347773.0
667,ERR2984773,metaSPAdes,Lactobacillus fermentum,1905333.0,1895835.0
668,ERR2984773,metaSPAdes,Listeria monocytogenes,2992342.0,1313109.0
669,ERR2984773,metaSPAdes,Listeria monocytogenes,2992342.0,2340112.0
670,ERR2984773,metaSPAdes,Listeria monocytogenes,2992342.0,2340115.0
671,ERR2984773,metaSPAdes,Listeria monocytogenes,2992342.0,2340141.0
672,ERR2984773,metaSPAdes,Listeria monocytogenes,2992342.0,2340152.0
673,ERR2984773,metaSPAdes,Listeria monocytogenes,2992342.0,2340157.0
674,ERR2984773,metaSPAdes,Listeria monocytogenes,2992342.0,2340160.0
675,ERR2984773,metaSPAdes,Listeria monocytogenes,2992342.0,2340166.0
676,ERR2984773,metaSPAdes,Listeria monocytogenes,2992342.0,2340168.0
677,ERR2984773,metaSPAdes,Listeria monocytogenes,2992342.0,2434396.0
678,ERR2984773,metaSPAdes,Listeria monocytogenes,2992342.0,2494955.0
679,ERR2984773,metaSPAdes,Listeria monocytogenes,2992342.0,2495714.0
680,ERR2984773,metaSPAdes,Listeria monocytogenes,2992342.0,2498152.0
681,ERR2984773,metaSPAdes,Listeria monocytogenes,2992342.0,2498155.0
682,ERR2984773,metaSPAdes,Listeria monocytogenes,2992342.0,2498164.0
683,ERR2984773,metaSPAdes,Listeria monocytogenes,2992342.0,2498201.0
684,ERR2984773,metaSPAdes,Listeria monocytogenes,2992342.0,2498204.0
685,ERR2984773,metaSPAdes,Listeria monocytogenes,2992342.0,2498260.0
686,ERR2984773,metaSPAdes,Listeria monocytogenes,2992342.0,2498842.0
687,ERR2984773,metaSPAdes,Listeria monocytogenes,2992342.0,2498875.0
688,ERR2984773,metaSPAdes,Listeria monocytogenes,2992342.0,2498886.0
689,ERR2984773,metaSPAdes,Listeria monocytogenes,2992342.0,1084961.0
690,ERR2984773,metaSPAdes,Listeria monocytogenes,2992342.0,1084963.0
691,ERR2984773,metaSPAdes,Listeria monocytogenes,2992342.0,1084968.0
692,ERR2984773,metaSPAdes,Listeria monocytogenes,2992342.0,1084970.0
693,ERR2984773,metaSPAdes,Listeria monocytogenes,2992342.0,1084971.0
694,ERR2984773,metaSPAdes,Listeria monocytogenes,2992342.0,1084972.0
695,ERR2984773,metaSPAdes,Listeria monocytogenes,2992342.0,1084973.0
696,ERR2984773,metaSPAdes,Listeria monocytogenes,2992342.0,1084975.0
697,ERR2984773,metaSPAdes,Listeria monocytogenes,2992342.0,1084976.0
698,ERR2984773,metaSPAdes,Listeria monocytogenes,2992342.0,1084979.0
699,ERR2984773,metaSPAdes,Listeria monocytogenes,2992342.0,1084982.0
700,ERR2984773,metaSPAdes,Listeria monocytogenes,2992342.0,1084985.0
701,ERR2984773,metaSPAdes,Listeria monocytogenes,2992342.0,1084991.0
702,ERR2984773,metaSPAdes,Listeria monocytogenes,2992342.0,1084994.0
703,ERR2984773,metaSPAdes,Listeria monocytogenes,2992342.0,1085003.0
704,ERR2984773,metaSPAdes,Listeria monocytogenes,2992342.0,1085006.0
705,ERR2984773,metaSPAdes,Listeria monocytogenes,2992342.0,1085033.0
706,ERR2984773,metaSPAdes,Listeria monocytogenes,2992342.0,1085038.0
707,ERR2984773,metaSPAdes,Listeria monocytogenes,2992342.0,1085072.0
708,ERR2984773,metaSPAdes,Listeria monocytogenes,2992342.0,1085078.0
709,ERR2984773,metaSPAdes,Listeria monocytogenes,2992342.0,1085126.0
710,ERR2984773,metaSPAdes,Listeria monocytogenes,2992342.0,1085132.0
711,ERR2984773,metaSPAdes,Listeria monocytogenes,2992342.0,1085195.0
712,ERR2984773,metaSPAdes,Listeria monocytogenes,2992342.0,1085232.0
713,ERR2984773,metaSPAdes,Listeria monocytogenes,2992342.0,1085240.0
714,ERR2984773,metaSPAdes,Listeria monocytogenes,2992342.0,1085251.0
715,ERR2984773,metaSPAdes,Listeria monocytogenes,2992342.0,1085312.0
716,ERR2984773,metaSPAdes,Listeria monocytogenes,2992342.0,1085318.0
717,ERR2984773,metaSPAdes,Listeria monocytogenes,2992342.0,1085333.0
718,ERR2984773,metaSPAdes,Listeria monocytogenes,2992342.0,1085336.0
719,ERR2984773,metaSPAdes,Listeria monocytogenes,2992342.0,1085339.0
720,ERR2984773,metaSPAdes,Listeria monocytogenes,2992342.0,1085345.0
721,ERR2984773,metaSPAdes,Listeria monocytogenes,2992342.0,1087407.0
722,ERR2984773,metaSPAdes,Listeria monocytogenes,2992342.0,1087410.0
723,ERR2984773,metaSPAdes,Listeria monocytogenes,2992342.0,1087490.0
724,ERR2984773,metaSPAdes,Listeria monocytogenes,2992342.0,1087517.0
725,ERR2984773,metaSPAdes,Listeria monocytogenes,2992342.0,1087812.0
726,ERR2984773,metaSPAdes,Pseudomonas aeruginosa,6792330.0,1167371.0
727,ERR2984773,metaSPAdes,Pseudomonas aeruginosa,6792330.0,1167404.0
728,ERR2984773,metaSPAdes,Pseudomonas aeruginosa,6792330.0,1167429.0
729,ERR2984773,metaSPAdes,Pseudomonas aeruginosa,6792330.0,1167460.0
730,ERR2984773,metaSPAdes,Pseudomonas aeruginosa,6792330.0,1167466.0
731,ERR2984773,metaSPAdes,Pseudomonas aeruginosa,6792330.0,1167467.0
732,ERR2984773,metaSPAdes,Pseudomonas aeruginosa,6792330.0,1167468.0
733,ERR2984773,metaSPAdes,Pseudomonas aeruginosa,6792330.0,1167469.0
734,ERR2984773,metaSPAdes,Pseudomonas aeruginosa,6792330.0,1168359.0
735,ERR2984773,metaSPAdes,Pseudomonas aeruginosa,6792330.0,1168374.0
736,ERR2984773,metaSPAdes,Pseudomonas aeruginosa,6792330.0,1168380.0
737,ERR2984773,metaSPAdes,Pseudomonas aeruginosa,6792330.0,1168404.0
738,ERR2984773,metaSPAdes,Pseudomonas aeruginosa,6792330.0,1168407.0
739,ERR2984773,metaSPAdes,Pseudomonas aeruginosa,6792330.0,1168434.0
740,ERR2984773,metaSPAdes,Pseudomonas aeruginosa,6792330.0,1168440.0
741,ERR2984773,metaSPAdes,Pseudomonas aeruginosa,6792330.0,1168445.0
742,ERR2984773,metaSPAdes,Pseudomonas aeruginosa,6792330.0,1168743.0
743,ERR2984773,metaSPAdes,Pseudomonas aeruginosa,6792330.0,1878138.0
744,ERR2984773,metaSPAdes,Pseudomonas aeruginosa,6792330.0,1878156.0
745,ERR2984773,metaSPAdes,Pseudomonas aeruginosa,6792330.0,1878159.0
746,ERR2984773,metaSPAdes,Pseudomonas aeruginosa,6792330.0,1889532.0
747,ERR2984773,metaSPAdes,Pseudomonas aeruginosa,6792330.0,1889830.0
748,ERR2984773,metaSPAdes,Pseudomonas aeruginosa,6792330.0,1889835.0
749,ERR2984773,metaSPAdes,Pseudomonas aeruginosa,6792330.0,1889841.0
750,ERR2984773,metaSPAdes,Pseudomonas aeruginosa,6792330.0,1889868.0
751,ERR2984773,metaSPAdes,Pseudomonas aeruginosa,6792330.0,1889871.0
752,ERR2984773,metaSPAdes,Pseudomonas aeruginosa,6792330.0,1889895.0
753,ERR2984773,metaSPAdes,Pseudomonas aeruginosa,6792330.0,1889901.0
754,ERR2984773,metaSPAdes,Pseudomonas aeruginosa,6792330.0,1889916.0
755,ERR2984773,metaSPAdes,Pseudomonas aeruginosa,6792330.0,1889988.0
756,ERR2984773,metaSPAdes,Pseudomonas aeruginosa,6792330.0,1890013.0
757,ERR2984773,metaSPAdes,Pseudomonas aeruginosa,6792330.0,1890015.0
758,ERR2984773,metaSPAdes,Pseudomonas aeruginosa,6792330.0,1890033.0
759,ERR2984773,metaSPAdes,Pseudomonas aeruginosa,6792330.0,1890045.0
760,ERR2984773,metaSPAdes,Pseudomonas aeruginosa,6792330.0,1890063.0
761,ERR2984773,metaSPAdes,Pseudomonas aeruginosa,6792330.0,1890066.0
762,ERR2984773,metaSPAdes,Pseudomonas aeruginosa,6792330.0,1890075.0
763,ERR2984773,metaSPAdes,Pseudomonas aeruginosa,6792330.0,1890078.0
764,ERR2984773,metaSPAdes,Pseudomonas aeruginosa,6792330.0,1890090.0
765,ERR2984773,metaSPAdes,Pseudomonas aeruginosa,6792330.0,1890096.0
766,ERR2984773,metaSPAdes,Pseudomonas aeruginosa,6792330.0,1890132.0
767,ERR2984773,metaSPAdes,Pseudomonas aeruginosa,6792330.0,1890148.0
768,ERR2984773,metaSPAdes,Pseudomonas aeruginosa,6792330.0,1890165.0
769,ERR2984773,metaSPAdes,Pseudomonas aeruginosa,6792330.0,1890168.0
770,ERR2984773,metaSPAdes,Pseudomonas aeruginosa,6792330.0,1890184.0
771,ERR2984773,metaSPAdes,Pseudomonas aeruginosa,6792330.0,1890193.0
772,ERR2984773,metaSPAdes,Pseudomonas aeruginosa,6792330.0,1890225.0
773,ERR2984773,metaSPAdes,Pseudomonas aeruginosa,6792330.0,1890270.0
774,ERR2984773,metaSPAdes,Pseudomonas aeruginosa,6792330.0,1890279.0
775,ERR2984773,metaSPAdes,Pseudomonas aeruginosa,6792330.0,1890285.0
776,ERR2984773,metaSPAdes,Pseudomonas aeruginosa,6792330.0,1890305.0
777,ERR2984773,metaSPAdes,Pseudomonas aeruginosa,6792330.0,1890316.0
778,ERR2984773,metaSPAdes,Pseudomonas aeruginosa,6792330.0,1890343.0
779,ERR2984773,metaSPAdes,Pseudomonas aeruginosa,6792330.0,1890350.0
780,ERR2984773,metaSPAdes,Pseudomonas aeruginosa,6792330.0,1890363.0
781,ERR2984773,metaSPAdes,Pseudomonas aeruginosa,6792330.0,1890366.0
782,ERR2984773,metaSPAdes,Pseudomonas aeruginosa,6792330.0,1890387.0
783,ERR2984773,metaSPAdes,Pseudomonas aeruginosa,6792330.0,1890388.0
784,ERR2984773,metaSPAdes,Pseudomonas aeruginosa,6792330.0,1890390.0
785,ERR2984773,metaSPAdes,Pseudomonas aeruginosa,6792330.0,1890393.0
786,ERR2984773,metaSPAdes,Pseudomonas aeruginosa,6792330.0,1890396.0
787,ERR2984773,metaSPAdes,Pseudomonas aeruginosa,6792330.0,1890403.0
788,ERR2984773,metaSPAdes,Pseudomonas aeruginosa,6792330.0,1890421.0
789,ERR2984773,metaSPAdes,Pseudomonas aeruginosa,6792330.0,1890423.0
790,ERR2984773,metaSPAdes,Pseudomonas aeruginosa,6792330.0,1890428.0
791,ERR2984773,metaSPAdes,Pseudomonas aeruginosa,6792330.0,1890429.0
792,ERR2984773,metaSPAdes,Pseudomonas aeruginosa,6792330.0,1890434.0
793,ERR2984773,metaSPAdes,Pseudomonas aeruginosa,6792330.0,1890435.0
794,ERR2984773,metaSPAdes,Pseudomonas aeruginosa,6792330.0,1890436.0
795,ERR2984773,metaSPAdes,Pseudomonas aeruginosa,6792330.0,1890447.0
796,ERR2984773,metaSPAdes,Pseudomonas aeruginosa,6792330.0,1890449.0
797,ERR2984773,metaSPAdes,Pseudomonas aeruginosa,6792330.0,1890457.0
798,ERR2984773,metaSPAdes,Pseudomonas aeruginosa,6792330.0,1890458.0
799,ERR2984773,metaSPAdes,Pseudomonas aeruginosa,6792330.0,1890460.0
800,ERR2984773,metaSPAdes,Pseudomonas aeruginosa,6792330.0,1890462.0
801,ERR2984773,metaSPAdes,Pseudomonas aeruginosa,6792330.0,1890495.0
802,ERR2984773,metaSPAdes,Pseudomonas aeruginosa,6792330.0,1890496.0
803,ERR2984773,metaSPAdes,Pseudomonas aeruginosa,6792330.0,1890500.0
804,ERR2984773,metaSPAdes,Pseudomonas aeruginosa,6792330.0,1890501.0
805,ERR2984773,metaSPAdes,Pseudomonas aeruginosa,6792330.0,1890506.0
806,ERR2984773,metaSPAdes,Pseudomonas aeruginosa,6792330.0,1890509.0
807,ERR2984773,metaSPAdes,Pseudomonas aeruginosa,6792330.0,1890517.0
808,ERR2984773,metaSPAdes,Pseudomonas aeruginosa,6792330.0,1890519.0
809,ERR2984773,metaSPAdes,Pseudomonas aeruginosa,6792330.0,1890529.0
810,ERR2984773,metaSPAdes,Pseudomonas aeruginosa,6792330.0,1890538.0
811,ERR2984773,metaSPAdes,Pseudomonas aeruginosa,6792330.0,1890541.0
812,ERR2984773,metaSPAdes,Pseudomonas aeruginosa,6792330.0,1890549.0
813,ERR2984773,metaSPAdes,Pseudomonas aeruginosa,6792330.0,1890564.0
814,ERR2984773,metaSPAdes,Pseudomonas aeruginosa,6792330.0,1890581.0
815,ERR2984773,metaSPAdes,Pseudomonas aeruginosa,6792330.0,1890596.0
816,ERR2984773,metaSPAdes,Pseudomonas aeruginosa,6792330.0,1890611.0
817,ERR2984773,metaSPAdes,Pseudomonas aeruginosa,6792330.0,1890624.0
818,ERR2984773,metaSPAdes,Pseudomonas aeruginosa,6792330.0,1890629.0
819,ERR2984773,metaSPAdes,Pseudomonas aeruginosa,6792330.0,1890632.0
820,ERR2984773,metaSPAdes,Pseudomonas aeruginosa,6792330.0,1890636.0
821,ERR2984773,metaSPAdes,Pseudomonas aeruginosa,6792330.0,1890638.0
822,ERR2984773,metaSPAdes,Pseudomonas aeruginosa,6792330.0,1890641.0
823,ERR2984773,metaSPAdes,Pseudomonas aeruginosa,6792330.0,1890644.0
824,ERR2984773,metaSPAdes,Pseudomonas aeruginosa,6792330.0,1890647.0
825,ERR2984773,metaSPAdes,Pseudomonas aeruginosa,6792330.0,1890671.0
826,ERR2984773,metaSPAdes,Pseudomonas aeruginosa,6792330.0,1890674.0
827,ERR2984773,metaSPAdes,Pseudomonas aeruginosa,6792330.0,1890689.0
828,ERR2984773,metaSPAdes,Pseudomonas aeruginosa,6792330.0,1890710.0
829,ERR2984773,metaSPAdes,Pseudomonas aeruginosa,6792330.0,1890741.0
830,ERR2984773,metaSPAdes,Pseudomonas aeruginosa,6792330.0,1890806.0
831,ERR2984773,metaSPAdes,Pseudomonas aeruginosa,6792330.0,1890807.0
832,ERR2984773,metaSPAdes,Pseudomonas aeruginosa,6792330.0,1890808.0
833,ERR2984773,metaSPAdes,Pseudomonas aeruginosa,6792330.0,1890809.0
834,ERR2984773,metaSPAdes,Pseudomonas aeruginosa,6792330.0,1890815.0
835,ERR2984773,metaSPAdes,Pseudomonas aeruginosa,6792330.0,1890846.0
836,ERR2984773,metaSPAdes,Pseudomonas aeruginosa,6792330.0,1890871.0
837,ERR2984773,metaSPAdes,Pseudomonas aeruginosa,6792330.0,1890904.0
838,ERR2984773,metaSPAdes,Pseudomonas aeruginosa,6792330.0,1891024.0
839,ERR2984773,metaSPAdes,Pseudomonas aeruginosa,6792330.0,1891038.0
840,ERR2984773,metaSPAdes,Pseudomonas aeruginosa,6792330.0,1892935.0
841,ERR2984773,metaSPAdes,Pseudomonas aeruginosa,6792330.0,1893795.0
842,ERR2984773,metaSPAdes,Pseudomonas aeruginosa,6792330.0,1893801.0
843,ERR2984773,metaSPAdes,Pseudomonas aeruginosa,6792330.0,1893804.0
844,ERR2984773,metaSPAdes,Pseudomonas aeruginosa,6792330.0,1893810.0
845,ERR2984773,metaSPAdes,Pseudomonas aeruginosa,6792330.0,1893813.0
846,ERR2984773,metaSPAdes,Pseudomonas aeruginosa,6792330.0,1893864.0
847,ERR2984773,metaSPAdes,Pseudomonas aeruginosa,6792330.0,1893867.0
848,ERR2984773,metaSPAdes,Pseudomonas aeruginosa,6792330.0,1893942.0
849,ERR2984773,metaSPAdes,Pseudomonas aeruginosa,6792330.0,1893951.0
850,ERR2984773,metaSPAdes,Pseudomonas aeruginosa,6792330.0,1893955.0
851,ERR2984773,metaSPAdes,Pseudomonas aeruginosa,6792330.0,1893956.0
852,ERR2984773,metaSPAdes,Pseudomonas aeruginosa,6792330.0,1893984.0
853,ERR2984773,metaSPAdes,Pseudomonas aeruginosa,6792330.0,1894188.0
854,ERR2984773,metaSPAdes,Pseudomonas aeruginosa,6792330.0,1894194.0
855,ERR2984773,metaSPAdes,Pseudomonas aeruginosa,6792330.0,1894628.0
856,ERR2984773,metaSPAdes,Pseudomonas aeruginosa,6792330.0,1894750.0
857,ERR2984773,metaSPAdes,Pseudomonas aeruginosa,6792330.0,1894990.0
858,ERR2984773,metaSPAdes,Pseudomonas aeruginosa,6792330.0,1895004.0
859,ERR2984773,metaSPAdes,Pseudomonas aeruginosa,6792330.0,1895005.0
860,ERR2984773,metaSPAdes,Pseudomonas aeruginosa,6792330.0,1895008.0
861,ERR2984773,metaSPAdes,Pseudomonas aeruginosa,6792330.0,1895014.0
862,ERR2984773,metaSPAdes,Pseudomonas aeruginosa,6792330.0,1896029.0
863,ERR2984773,metaSPAdes,Pseudomonas aeruginosa,6792330.0,1896031.0
864,ERR2984773,metaSPAdes,Pseudomonas aeruginosa,6792330.0,1896065.0
865,ERR2984773,metaSPAdes,Pseudomonas aeruginosa,6792330.0,1896067.0
866,ERR2984773,metaSPAdes,Pseudomonas aeruginosa,6792330.0,1896073.0
867,ERR2984773,metaSPAdes,Pseudomonas aeruginosa,6792330.0,1896079.0
868,ERR2984773,metaSPAdes,Pseudomonas aeruginosa,6792330.0,1896091.0
869,ERR2984773,metaSPAdes,Pseudomonas aeruginosa,6792330.0,1896094.0
870,ERR2984773,metaSPAdes,Pseudomonas aeruginosa,6792330.0,1896100.0
871,ERR2984773,metaSPAdes,Pseudomonas aeruginosa,6792330.0,1896106.0
872,ERR2984773,metaSPAdes,Pseudomonas aeruginosa,6792330.0,1896112.0
873,ERR2984773,metaSPAdes,Pseudomonas aeruginosa,6792330.0,1896139.0
874,ERR2984773,metaSPAdes,Pseudomonas aeruginosa,6792330.0,1896160.0
875,ERR2984773,metaSPAdes,Pseudomonas aeruginosa,6792330.0,1896328.0
876,ERR2984773,metaSPAdes,Pseudomonas aeruginosa,6792330.0,1896364.0
877,ERR2984773,metaSPAdes,Pseudomonas aeruginosa,6792330.0,1896400.0
878,ERR2984773,metaSPAdes,Pseudomonas aeruginosa,6792330.0,1896409.0
879,ERR2984773,metaSPAdes,Pseudomonas aeruginosa,6792330.0,1896421.0
880,ERR2984773,metaSPAdes,Pseudomonas aeruginosa,6792330.0,1896460.0
881,ERR2984773,metaSPAdes,Pseudomonas aeruginosa,6792330.0,1896511.0
882,ERR2984773,metaSPAdes,Pseudomonas aeruginosa,6792330.0,1896514.0
883,ERR2984773,metaSPAdes,Pseudomonas aeruginosa,6792330.0,1896517.0
884,ERR2984773,metaSPAdes,Pseudomonas aeruginosa,6792330.0,1896532.0
885,ERR2984773,metaSPAdes,Pseudomonas aeruginosa,6792330.0,1896544.0
886,ERR2984773,metaSPAdes,Pseudomonas aeruginosa,6792330.0,1896625.0
887,ERR2984773,metaSPAdes,Pseudomonas aeruginosa,6792330.0,1896628.0
888,ERR2984773,metaSPAdes,Pseudomonas aeruginosa,6792330.0,1896637.0
889,ERR2984773,metaSPAdes,Pseudomonas aeruginosa,6792330.0,1896640.0
890,ERR2984773,metaSPAdes,Pseudomonas aeruginosa,6792330.0,1897133.0
891,ERR2984773,metaSPAdes,Pseudomonas aeruginosa,6792330.0,1897164.0
892,ERR2984773,metaSPAdes,Pseudomonas aeruginosa,6792330.0,1897170.0
893,ERR2984773,metaSPAdes,Pseudomonas aeruginosa,6792330.0,1897173.0
894,ERR2984773,metaSPAdes,Pseudomonas aeruginosa,6792330.0,1897185.0
895,ERR2984773,metaSPAdes,Pseudomonas aeruginosa,6792330.0,1897188.0
896,ERR2984773,metaSPAdes,Pseudomonas aeruginosa,6792330.0,1897205.0
897,ERR2984773,metaSPAdes,Pseudomonas aeruginosa,6792330.0,1897215.0
898,ERR2984773,metaSPAdes,Pseudomonas aeruginosa,6792330.0,1897248.0
899,ERR2984773,metaSPAdes,Pseudomonas aeruginosa,6792330.0,1897923.0
900,ERR2984773,metaSPAdes,Pseudomonas aeruginosa,6792330.0,1897945.0
901,ERR2984773,metaSPAdes,Pseudomonas aeruginosa,6792330.0,1897959.0
902,ERR2984773,metaSPAdes,Pseudomonas aeruginosa,6792330.0,1897982.0
903,ERR2984773,metaSPAdes,Pseudomonas aeruginosa,6792330.0,1898013.0
904,ERR2984773,metaSPAdes,Pseudomonas aeruginosa,6792330.0,1898015.0
905,ERR2984773,metaSPAdes,Pseudomonas aeruginosa,6792330.0,3920438.0
906,ERR2984773,metaSPAdes,Pseudomonas aeruginosa,6792330.0,5208473.0
907,ERR2984773,metaSPAdes,Pseudomonas aeruginosa,6792330.0,5208478.0
908,ERR2984773,metaSPAdes,Pseudomonas aeruginosa,6792330.0,5208480.0
909,ERR2984773,metaSPAdes,Pseudomonas aeruginosa,6792330.0,508765
910,ERR2984773,metaSPAdes,Pseudomonas aeruginosa,6792330.0,508768
911,ERR2984773,metaSPAdes,Pseudomonas aeruginosa,6792330.0,3585820
912,ERR2984773,metaSPAdes,Pseudomonas aeruginosa,6792330.0,3585865
913,ERR2984773,metaSPAdes,Pseudomonas aeruginosa,6792330.0,3585891
914,ERR2984773,metaSPAdes,Pseudomonas aeruginosa,6792330.0,3585898
915,ERR2984773,metaSPAdes,Pseudomonas aeruginosa,6792330.0,3585900
916,ERR2984773,metaSPAdes,Pseudomonas aeruginosa,6792330.0,3585902
917,ERR2984773,metaSPAdes,Pseudomonas aeruginosa,6792330.0,3585904
918,ERR2984773,metaSPAdes,Pseudomonas aeruginosa,6792330.0,3585907
919,ERR2984773,metaSPAdes,Pseudomonas aeruginosa,6792330.0,3585930
920,ERR2984773,metaSPAdes,Pseudomonas aeruginosa,6792330.0,3585934
921,ERR2984773,metaSPAdes,Pseudomonas aeruginosa,6792330.0,3585940
922,ERR2984773,metaSPAdes,Pseudomonas aeruginosa,6792330.0,3585946
923,ERR2984773,metaSPAdes,Pseudomonas aeruginosa,6792330.0,3585952
924,ERR2984773,metaSPAdes,Pseudomonas aeruginosa,6792330.0,3585955
925,ERR2984773,metaSPAdes,Pseudomonas aeruginosa,6792330.0,508810.0
926,ERR2984773,metaSPAdes,Pseudomonas aeruginosa,6792330.0,508815.0
927,ERR2984773,metaSPAdes,Pseudomonas aeruginosa,6792330.0,508819.0
928,ERR2984773,metaSPAdes,Pseudomonas aeruginosa,6792330.0,508824.0
929,ERR2984773,metaSPAdes,Pseudomonas aeruginosa,6792330.0,508827.0
930,ERR2984773,metaSPAdes,Pseudomonas aeruginosa,6792330.0,495227.0
931,ERR2984773,metaSPAdes,Pseudomonas aeruginosa,6792330.0,495244.0
932,ERR2984773,metaSPAdes,Pseudomonas aeruginosa,6792330.0,495428.0
933,ERR2984773,metaSPAdes,Pseudomonas aeruginosa,6792330.0,495561.0
934,ERR2984773,metaSPAdes,Pseudomonas aeruginosa,6792330.0,496413.0
935,ERR2984773,metaSPAdes,Pseudomonas aeruginosa,6792330.0,496458.0
936,ERR2984773,metaSPAdes,Pseudomonas aeruginosa,6792330.0,496816.0
937,ERR2984773,metaSPAdes,Pseudomonas aeruginosa,6792330.0,497629.0
938,ERR2984773,metaSPAdes,Pseudomonas aeruginosa,6792330.0,497674.0
939,ERR2984773,metaSPAdes,Pseudomonas aeruginosa,6792330.0,497677.0
940,ERR2984773,metaSPAdes,Pseudomonas aeruginosa,6792330.0,499251.0
941,ERR2984773,metaSPAdes,Pseudomonas aeruginosa,6792330.0,499715.0
942,ERR2984773,metaSPAdes,Pseudomonas aeruginosa,6792330.0,499733.0
943,ERR2984773,metaSPAdes,Pseudomonas aeruginosa,6792330.0,499835.0
944,ERR2984773,metaSPAdes,Pseudomonas aeruginosa,6792330.0,499889.0
945,ERR2984773,metaSPAdes,Pseudomonas aeruginosa,6792330.0,500039.0
946,ERR2984773,metaSPAdes,Pseudomonas aeruginosa,6792330.0,4936212.0
947,ERR2984773,metaSPAdes,Pseudomonas aeruginosa,6792330.0,4936233.0
948,ERR2984773,metaSPAdes,Pseudomonas aeruginosa,6792330.0,4936665.0
949,ERR2984773,metaSPAdes,Pseudomonas aeruginosa,6792330.0,4936749.0
950,ERR2984773,metaSPAdes,Pseudomonas aeruginosa,6792330.0,4936758.0
951,ERR2984773,metaSPAdes,Pseudomonas aeruginosa,6792330.0,4936801.0
952,ERR2984773,metaSPAdes,Pseudomonas aeruginosa,6792330.0,4936809.0
953,ERR2984773,metaSPAdes,Pseudomonas aeruginosa,6792330.0,4936819.0
954,ERR2984773,metaSPAdes,Pseudomonas aeruginosa,6792330.0,4936821.0
955,ERR2984773,metaSPAdes,Pseudomonas aeruginosa,6792330.0,4936840.0
956,ERR2984773,metaSPAdes,Pseudomonas aeruginosa,6792330.0,4936842.0
957,ERR2984773,metaSPAdes,Pseudomonas aeruginosa,6792330.0,4936863.0
958,ERR2984773,metaSPAdes,Pseudomonas aeruginosa,6792330.0,4936893.0
959,ERR2984773,metaSPAdes,Pseudomonas aeruginosa,6792330.0,4940365.0
960,ERR2984773,metaSPAdes,Pseudomonas aeruginosa,6792330.0,4940392.0
961,ERR2984773,metaSPAdes,Pseudomonas aeruginosa,6792330.0,4940482.0
962,ERR2984773,metaSPAdes,Pseudomonas aeruginosa,6792330.0,4940512.0
963,ERR2984773,metaSPAdes,Pseudomonas aeruginosa,6792330.0,4940545.0
964,ERR2984773,metaSPAdes,Pseudomonas aeruginosa,6792330.0,4940557.0
965,ERR2984773,metaSPAdes,Pseudomonas aeruginosa,6792330.0,4940563.0
966,ERR2984773,metaSPAdes,Pseudomonas aeruginosa,6792330.0,4940565.0
967,ERR2984773,metaSPAdes,Pseudomonas aeruginosa,6792330.0,5610246
968,ERR2984773,metaSPAdes,Pseudomonas aeruginosa,6792330.0,5610264
969,ERR2984773,metaSPAdes,Pseudomonas aeruginosa,6792330.0,5610291
970,ERR2984773,metaSPAdes,Pseudomonas aeruginosa,6792330.0,5610338
971,ERR2984773,metaSPAdes,Pseudomonas aeruginosa,6792330.0,5610339
972,ERR2984773,metaSPAdes,Pseudomonas aeruginosa,6792330.0,5610818
973,ERR2984773,metaSPAdes,Pseudomonas aeruginosa,6792330.0,5610835
974,ERR2984773,metaSPAdes,Pseudomonas aeruginosa,6792330.0,5610883
975,ERR2984773,metaSPAdes,Pseudomonas aeruginosa,6792330.0,5610890
976,ERR2984773,metaSPAdes,Pseudomonas aeruginosa,6792330.0,5610909
977,ERR2984773,metaSPAdes,Pseudomonas aeruginosa,6792330.0,5610910
978,ERR2984773,metaSPAdes,Pseudomonas aeruginosa,6792330.0,5610913
979,ERR2984773,metaSPAdes,Pseudomonas aeruginosa,6792330.0,5610917
980,ERR2984773,metaSPAdes,Pseudomonas aeruginosa,6792330.0,5610919
981,ERR2984773,metaSPAdes,Pseudomonas aeruginosa,6792330.0,5610926
982,ERR2984773,metaSPAdes,Pseudomonas aeruginosa,6792330.0,5610931
983,ERR2984773,metaSPAdes,Pseudomonas aeruginosa,6792330.0,5610934
984,ERR2984773,metaSPAdes,Pseudomonas aeruginosa,6792330.0,5610938
985,ERR2984773,metaSPAdes,Pseudomonas aeruginosa,6792330.0,5610939
986,ERR2984773,metaSPAdes,Pseudomonas aeruginosa,6792330.0,5611721
987,ERR2984773,metaSPAdes,Pseudomonas aeruginosa,6792330.0,5611733
988,ERR2984773,metaSPAdes,Pseudomonas aeruginosa,6792330.0,5612970
989,ERR2984773,metaSPAdes,Pseudomonas aeruginosa,6792330.0,5613099
990,ERR2984773,metaSPAdes,Pseudomonas aeruginosa,6792330.0,5613244
991,ERR2984773,metaSPAdes,Pseudomonas aeruginosa,6792330.0,5613482
992,ERR2984773,metaSPAdes,Pseudomonas aeruginosa,6792330.0,5613497
993,ERR2984773,metaSPAdes,Pseudomonas aeruginosa,6792330.0,5613726
994,ERR2984773,metaSPAdes,Pseudomonas aeruginosa,6792330.0,6543781
995,ERR2984773,metaSPAdes,Pseudomonas aeruginosa,6792330.0,6543805
996,ERR2984773,metaSPAdes,Pseudomonas aeruginosa,6792330.0,6544549
997,ERR2984773,metaSPAdes,Pseudomonas aeruginosa,6792330.0,6544689
998,ERR2984773,metaSPAdes,Pseudomonas aeruginosa,6792330.0,6546158
999,ERR2984773,metaSPAdes,Pseudomonas aeruginosa,6792330.0,6546191
1000,ERR2984773,metaSPAdes,Pseudomonas aeruginosa,6792330.0,2853361.0
1001,ERR2984773,metaSPAdes,Pseudomonas aeruginosa,6792330.0,2854510.0
1002,ERR2984773,metaSPAdes,Pseudomonas aeruginosa,6792330.0,5483039.0
1003,ERR2984773,metaSPAdes,Pseudomonas aeruginosa,6792330.0,5483047.0
1004,ERR2984773,metaSPAdes,Pseudomonas aeruginosa,6792330.0,5483064.0
1005,ERR2984773,metaSPAdes,Pseudomonas aeruginosa,6792330.0,5483088.0
1006,ERR2984773,metaSPAdes,Pseudomonas aeruginosa,6792330.0,5483160.0
1007,ERR2984773,metaSPAdes,Pseudomonas aeruginosa,6792330.0,5483193.0
1008,ERR2984773,metaSPAdes,Pseudomonas aeruginosa,6792330.0,3137861.0
1009,ERR2984773,metaSPAdes,Pseudomonas aeruginosa,6792330.0,3138168.0
1010,ERR2984773,metaSPAdes,Pseudomonas aeruginosa,6792330.0,3138169.0
1011,ERR2984773,metaSPAdes,Pseudomonas aeruginosa,6792330.0,3138170.0
1012,ERR2984773,metaSPAdes,Pseudomonas aeruginosa,6792330.0,3138173.0
1013,ERR2984773,metaSPAdes,Pseudomonas aeruginosa,6792330.0,3138174.0
1014,ERR2984773,metaSPAdes,Pseudomonas aeruginosa,6792330.0,3138176.0
1015,ERR2984773,metaSPAdes,Pseudomonas aeruginosa,6792330.0,3138179.0
1016,ERR2984773,metaSPAdes,Pseudomonas aeruginosa,6792330.0,3138181.0
1017,ERR2984773,metaSPAdes,Pseudomonas aeruginosa,6792330.0,3138182.0
1018,ERR2984773,metaSPAdes,Pseudomonas aeruginosa,6792330.0,3138185.0
1019,ERR2984773,metaSPAdes,Pseudomonas aeruginosa,6792330.0,3138187.0
1020,ERR2984773,metaSPAdes,Pseudomonas aeruginosa,6792330.0,3138191.0
1021,ERR2984773,metaSPAdes,Pseudomonas aeruginosa,6792330.0,3138197.0
1022,ERR2984773,metaSPAdes,Pseudomonas aeruginosa,6792330.0,3138206.0
1023,ERR2984773,metaSPAdes,Pseudomonas aeruginosa,6792330.0,3138207.0
1024,ERR2984773,metaSPAdes,Pseudomonas aeruginosa,6792330.0,3138220.0
1025,ERR2984773,metaSPAdes,Pseudomonas aeruginosa,6792330.0,3138224.0
1026,ERR2984773,metaSPAdes,Pseudomonas aeruginosa,6792330.0,3138230.0
1027,ERR2984773,metaSPAdes,Pseudomonas aeruginosa,6792330.0,3138231.0
1028,ERR2984773,metaSPAdes,Pseudomonas aeruginosa,6792330.0,3138254.0
1029,ERR2984773,metaSPAdes,Pseudomonas aeruginosa,6792330.0,3138307.0
1030,ERR2984773,metaSPAdes,Pseudomonas aeruginosa,6792330.0,5609145.0
1031,ERR2984773,metaSPAdes,Pseudomonas aeruginosa,6792330.0,5609149.0
1032,ERR2984773,metaSPAdes,Pseudomonas aeruginosa,6792330.0,5609151.0
1033,ERR2984773,metaSPAdes,Pseudomonas aeruginosa,6792330.0,36889
1034,ERR2984773,metaSPAdes,Pseudomonas aeruginosa,6792330.0,36910
1035,ERR2984773,metaSPAdes,Pseudomonas aeruginosa,6792330.0,36913
1036,ERR2984773,metaSPAdes,Salmonella enterica,4759746.0,130734
1037,ERR2984773,metaSPAdes,Salmonella enterica,4759746.0,130758
1038,ERR2984773,metaSPAdes,Salmonella enterica,4759746.0,130761
1039,ERR2984773,metaSPAdes,Salmonella enterica,4759746.0,130764
1040,ERR2984773,metaSPAdes,Salmonella enterica,4759746.0,130776
1041,ERR2984773,metaSPAdes,Salmonella enterica,4759746.0,130785
1042,ERR2984773,metaSPAdes,Salmonella enterica,4759746.0,130803
1043,ERR2984773,metaSPAdes,Salmonella enterica,4759746.0,130824
1044,ERR2984773,metaSPAdes,Salmonella enterica,4759746.0,130827
1045,ERR2984773,metaSPAdes,Salmonella enterica,4759746.0,130830
1046,ERR2984773,metaSPAdes,Salmonella enterica,4759746.0,130848
1047,ERR2984773,metaSPAdes,Salmonella enterica,4759746.0,130923
1048,ERR2984773,metaSPAdes,Salmonella enterica,4759746.0,2907474.0
1049,ERR2984773,metaSPAdes,Salmonella enterica,4759746.0,2907478.0
1050,ERR2984773,metaSPAdes,Salmonella enterica,4759746.0,2907496.0
1051,ERR2984773,metaSPAdes,Salmonella enterica,4759746.0,2907497.0
1052,ERR2984773,metaSPAdes,Salmonella enterica,4759746.0,2907504.0
1053,ERR2984773,metaSPAdes,Salmonella enterica,4759746.0,2907543.0
1054,ERR2984773,metaSPAdes,Salmonella enterica,4759746.0,2907584.0
1055,ERR2984773,metaSPAdes,Salmonella enterica,4759746.0,2907586.0
1056,ERR2984773,metaSPAdes,Salmonella enterica,4759746.0,2907599.0
1057,ERR2984773,metaSPAdes,Salmonella enterica,4759746.0,2910757.0
1058,ERR2984773,metaSPAdes,Salmonella enterica,4759746.0,3430703
1059,ERR2984773,metaSPAdes,Salmonella enterica,4759746.0,3430706
1060,ERR2984773,metaSPAdes,Salmonella enterica,4759746.0,3430715
1061,ERR2984773,metaSPAdes,Salmonella enterica,4759746.0,3430727
1062,ERR2984773,metaSPAdes,Salmonella enterica,4759746.0,3430728
1063,ERR2984773,metaSPAdes,Salmonella enterica,4759746.0,3430730
1064,ERR2984773,metaSPAdes,Salmonella enterica,4759746.0,3430733
1065,ERR2984773,metaSPAdes,Salmonella enterica,4759746.0,3430736
1066,ERR2984773,metaSPAdes,Salmonella enterica,4759746.0,3430747
1067,ERR2984773,metaSPAdes,Salmonella enterica,4759746.0,3430757
1068,ERR2984773,metaSPAdes,Salmonella enterica,4759746.0,3495099
1069,ERR2984773,metaSPAdes,Salmonella enterica,4759746.0,3495103
1070,ERR2984773,metaSPAdes,Salmonella enterica,4759746.0,3532861
1071,ERR2984773,metaSPAdes,Salmonella enterica,4759746.0,3532864
1072,ERR2984773,metaSPAdes,Salmonella enterica,4759746.0,3532882
1073,ERR2984773,metaSPAdes,Salmonella enterica,4759746.0,3532903
1074,ERR2984773,metaSPAdes,Salmonella enterica,4759746.0,3532918
1075,ERR2984773,metaSPAdes,Salmonella enterica,4759746.0,3532960
1076,ERR2984773,metaSPAdes,Salmonella enterica,4759746.0,3532987
1077,ERR2984773,metaSPAdes,Salmonella enterica,4759746.0,3533005
1078,ERR2984773,metaSPAdes,Salmonella enterica,4759746.0,3533007
1079,ERR2984773,metaSPAdes,Salmonella enterica,4759746.0,3533019
1080,ERR2984773,metaSPAdes,Salmonella enterica,4759746.0,3533026
1081,ERR2984773,metaSPAdes,Salmonella enterica,4759746.0,3533038
1082,ERR2984773,metaSPAdes,Salmonella enterica,4759746.0,3533095
1083,ERR2984773,metaSPAdes,Salmonella enterica,4759746.0,3533120
1084,ERR2984773,metaSPAdes,Salmonella enterica,4759746.0,3533140
1085,ERR2984773,metaSPAdes,Salmonella enterica,4759746.0,3030182
1086,ERR2984773,metaSPAdes,Salmonella enterica,4759746.0,3030311
1087,ERR2984773,metaSPAdes,Salmonella enterica,4759746.0,3030437
1088,ERR2984773,metaSPAdes,Salmonella enterica,4759746.0,3030443
1089,ERR2984773,metaSPAdes,Salmonella enterica,4759746.0,3030527
1090,ERR2984773,metaSPAdes,Salmonella enterica,4759746.0,3030554
1091,ERR2984773,metaSPAdes,Salmonella enterica,4759746.0,3030578
1092,ERR2984773,metaSPAdes,Salmonella enterica,4759746.0,3030932
1093,ERR2984773,metaSPAdes,Salmonella enterica,4759746.0,3030971
1094,ERR2984773,metaSPAdes,Salmonella enterica,4759746.0,3030974
1095,ERR2984773,metaSPAdes,Salmonella enterica,4759746.0,3030989
1096,ERR2984773,metaSPAdes,Salmonella enterica,4759746.0,3031021
1097,ERR2984773,metaSPAdes,Salmonella enterica,4759746.0,3031022
1098,ERR2984773,metaSPAdes,Salmonella enterica,4759746.0,3031028
1099,ERR2984773,metaSPAdes,Salmonella enterica,4759746.0,3031034
1100,ERR2984773,metaSPAdes,Salmonella enterica,4759746.0,3031037
1101,ERR2984773,metaSPAdes,Salmonella enterica,4759746.0,3031121
1102,ERR2984773,metaSPAdes,Salmonella enterica,4759746.0,3031133
1103,ERR2984773,metaSPAdes,Salmonella enterica,4759746.0,3031154
1104,ERR2984773,metaSPAdes,Salmonella enterica,4759746.0,3031325
1105,ERR2984773,metaSPAdes,Salmonella enterica,4759746.0,3031343
1106,ERR2984773,metaSPAdes,Salmonella enterica,4759746.0,3031349
1107,ERR2984773,metaSPAdes,Salmonella enterica,4759746.0,3031352
1108,ERR2984773,metaSPAdes,Salmonella enterica,4759746.0,3031361
1109,ERR2984773,metaSPAdes,Salmonella enterica,4759746.0,3031367
1110,ERR2984773,metaSPAdes,Salmonella enterica,4759746.0,3031370
1111,ERR2984773,metaSPAdes,Salmonella enterica,4759746.0,3031379
1112,ERR2984773,metaSPAdes,Salmonella enterica,4759746.0,3031382
1113,ERR2984773,metaSPAdes,Salmonella enterica,4759746.0,3031394
1114,ERR2984773,metaSPAdes,Salmonella enterica,4759746.0,3031397
1115,ERR2984773,metaSPAdes,Salmonella enterica,4759746.0,3031428
1116,ERR2984773,metaSPAdes,Salmonella enterica,4759746.0,3031455
1117,ERR2984773,metaSPAdes,Salmonella enterica,4759746.0,3031464
1118,ERR2984773,metaSPAdes,Salmonella enterica,4759746.0,3052149
1119,ERR2984773,metaSPAdes,Salmonella enterica,4759746.0,3052170
1120,ERR2984773,metaSPAdes,Salmonella enterica,4759746.0,3052176
1121,ERR2984773,metaSPAdes,Salmonella enterica,4759746.0,3052197
1122,ERR2984773,metaSPAdes,Salmonella enterica,4759746.0,3052213
1123,ERR2984773,metaSPAdes,Salmonella enterica,4759746.0,3052584
1124,ERR2984773,metaSPAdes,Salmonella enterica,4759746.0,3052623
1125,ERR2984773,metaSPAdes,Salmonella enterica,4759746.0,3052641
1126,ERR2984773,metaSPAdes,Salmonella enterica,4759746.0,3052657
1127,ERR2984773,metaSPAdes,Salmonella enterica,4759746.0,3052664
1128,ERR2984773,metaSPAdes,Salmonella enterica,4759746.0,3052707
1129,ERR2984773,metaSPAdes,Salmonella enterica,4759746.0,3052716
1130,ERR2984773,metaSPAdes,Salmonella enterica,4759746.0,3052722
1131,ERR2984773,metaSPAdes,Salmonella enterica,4759746.0,3052728
1132,ERR2984773,metaSPAdes,Salmonella enterica,4759746.0,3052734
1133,ERR2984773,metaSPAdes,Salmonella enterica,4759746.0,3052746
1134,ERR2984773,metaSPAdes,Salmonella enterica,4759746.0,3052749
1135,ERR2984773,metaSPAdes,Salmonella enterica,4759746.0,3052758
1136,ERR2984773,metaSPAdes,Salmonella enterica,4759746.0,3052764
1137,ERR2984773,metaSPAdes,Salmonella enterica,4759746.0,3052779
1138,ERR2984773,metaSPAdes,Salmonella enterica,4759746.0,3082549
1139,ERR2984773,metaSPAdes,Salmonella enterica,4759746.0,3082555
1140,ERR2984773,metaSPAdes,Salmonella enterica,4759746.0,4445146.0
1141,ERR2984773,metaSPAdes,Salmonella enterica,4759746.0,4535210.0
1142,ERR2984773,metaSPAdes,Salmonella enterica,4759746.0,4535219.0
1143,ERR2984773,metaSPAdes,Salmonella enterica,4759746.0,4535222.0
1144,ERR2984773,metaSPAdes,Salmonella enterica,4759746.0,4535227.0
1145,ERR2984773,metaSPAdes,Salmonella enterica,4759746.0,4535238.0
1146,ERR2984773,metaSPAdes,Salmonella enterica,4759746.0,4535239.0
1147,ERR2984773,metaSPAdes,Salmonella enterica,4759746.0,4535240.0
1148,ERR2984773,metaSPAdes,Salmonella enterica,4759746.0,4535243.0
1149,ERR2984773,metaSPAdes,Salmonella enterica,4759746.0,4535249.0
1150,ERR2984773,metaSPAdes,Salmonella enterica,4759746.0,4535250.0
1151,ERR2984773,metaSPAdes,Salmonella enterica,4759746.0,4535258.0
1152,ERR2984773,metaSPAdes,Salmonella enterica,4759746.0,4535261.0
1153,ERR2984773,metaSPAdes,Salmonella enterica,4759746.0,4535276.0
1154,ERR2984773,metaSPAdes,Salmonella enterica,4759746.0,4535285.0
1155,ERR2984773,metaSPAdes,Salmonella enterica,4759746.0,4535294.0
1156,ERR2984773,metaSPAdes,Salmonella enterica,4759746.0,4535295.0
1157,ERR2984773,metaSPAdes,Salmonella enterica,4759746.0,4535315.0
1158,ERR2984773,metaSPAdes,Salmonella enterica,4759746.0,4535321.0
1159,ERR2984773,metaSPAdes,Salmonella enterica,4759746.0,4535327.0
1160,ERR2984773,metaSPAdes,Salmonella enterica,4759746.0,4535333.0
1161,ERR2984773,metaSPAdes,Salmonella enterica,4759746.0,4535363.0
1162,ERR2984773,metaSPAdes,Salmonella enterica,4759746.0,4535375.0
1163,ERR2984773,metaSPAdes,Salmonella enterica,4759746.0,4535387.0
1164,ERR2984773,metaSPAdes,Salmonella enterica,4759746.0,4535402.0
1165,ERR2984773,metaSPAdes,Salmonella enterica,4759746.0,4535405.0
1166,ERR2984773,metaSPAdes,Salmonella enterica,4759746.0,4535407.0
1167,ERR2984773,metaSPAdes,Salmonella enterica,4759746.0,4535566.0
1168,ERR2984773,metaSPAdes,Salmonella enterica,4759746.0,4535570.0
1169,ERR2984773,metaSPAdes,Salmonella enterica,4759746.0,4535571.0
1170,ERR2984773,metaSPAdes,Salmonella enterica,4759746.0,4535578.0
1171,ERR2984773,metaSPAdes,Salmonella enterica,4759746.0,4535579.0
1172,ERR2984773,metaSPAdes,Salmonella enterica,4759746.0,4535581.0
1173,ERR2984773,metaSPAdes,Salmonella enterica,4759746.0,4535582.0
1174,ERR2984773,metaSPAdes,Salmonella enterica,4759746.0,4535583.0
1175,ERR2984773,metaSPAdes,Salmonella enterica,4759746.0,4535585.0
1176,ERR2984773,metaSPAdes,Salmonella enterica,4759746.0,4535678.0
1177,ERR2984773,metaSPAdes,Salmonella enterica,4759746.0,3239428
1178,ERR2984773,metaSPAdes,Salmonella enterica,4759746.0,3280663
1179,ERR2984773,metaSPAdes,Salmonella enterica,4759746.0,3280822
1180,ERR2984773,metaSPAdes,Salmonella enterica,4759746.0,3280823
1181,ERR2984773,metaSPAdes,Salmonella enterica,4759746.0,3280933
1182,ERR2984773,metaSPAdes,Salmonella enterica,4759746.0,3280999
1183,ERR2984773,metaSPAdes,Salmonella enterica,4759746.0,3281001
1184,ERR2984773,metaSPAdes,Salmonella enterica,4759746.0,3281002
1185,ERR2984773,metaSPAdes,Salmonella enterica,4759746.0,3281012
1186,ERR2984773,metaSPAdes,Salmonella enterica,4759746.0,3328754
1187,ERR2984773,metaSPAdes,Salmonella enterica,4759746.0,3328863
1188,ERR2984773,metaSPAdes,Salmonella enterica,4759746.0,485521.0
1189,ERR2984773,metaSPAdes,Salmonella enterica,4759746.0,485530.0
1190,ERR2984773,metaSPAdes,Salmonella enterica,4759746.0,514797.0
1191,ERR2984773,metaSPAdes,Salmonella enterica,4759746.0,1354952.0
1192,ERR2984773,metaSPAdes,Salmonella enterica,4759746.0,1354957.0
1193,ERR2984773,metaSPAdes,Salmonella enterica,4759746.0,1354982.0
1194,ERR2984773,metaSPAdes,Salmonella enterica,4759746.0,1354994.0
1195,ERR2984773,metaSPAdes,Salmonella enterica,4759746.0,1355017.0
1196,ERR2984773,metaSPAdes,Salmonella enterica,4759746.0,1355103.0
1197,ERR2984773,metaSPAdes,Salmonella enterica,4759746.0,1355106.0
1198,ERR2984773,metaSPAdes,Salmonella enterica,4759746.0,1355127.0
1199,ERR2984773,metaSPAdes,Salmonella enterica,4759746.0,1355145.0
1200,ERR2984773,metaSPAdes,Salmonella enterica,4759746.0,1383931.0
1201,ERR2984773,metaSPAdes,Salmonella enterica,4759746.0,1383935.0
1202,ERR2984773,metaSPAdes,Salmonella enterica,4759746.0,1383964.0
1203,ERR2984773,metaSPAdes,Salmonella enterica,4759746.0,1383977.0
1204,ERR2984773,metaSPAdes,Salmonella enterica,4759746.0,1383980.0
1205,ERR2984773,metaSPAdes,Salmonella enterica,4759746.0,1384002.0
1206,ERR2984773,metaSPAdes,Salmonella enterica,4759746.0,1384005.0
1207,ERR2984773,metaSPAdes,Salmonella enterica,4759746.0,1384008.0
1208,ERR2984773,metaSPAdes,Salmonella enterica,4759746.0,1390539.0
1209,ERR2984773,metaSPAdes,Salmonella enterica,4759746.0,1445816.0
1210,ERR2984773,metaSPAdes,Salmonella enterica,4759746.0,1445826.0
1211,ERR2984773,metaSPAdes,Salmonella enterica,4759746.0,1445836.0
1212,ERR2984773,metaSPAdes,Salmonella enterica,4759746.0,1445840.0
1213,ERR2984773,metaSPAdes,Salmonella enterica,4759746.0,2564430.0
1214,ERR2984773,metaSPAdes,Salmonella enterica,4759746.0,2564433.0
1215,ERR2984773,metaSPAdes,Salmonella enterica,4759746.0,2564446.0
1216,ERR2984773,metaSPAdes,Salmonella enterica,4759746.0,2607937.0
1217,ERR2984773,metaSPAdes,Salmonella enterica,4759746.0,2607938.0
1218,ERR2984773,metaSPAdes,Salmonella enterica,4759746.0,2607943.0
1219,ERR2984773,metaSPAdes,Salmonella enterica,4759746.0,2607944.0
1220,ERR2984773,metaSPAdes,Salmonella enterica,4759746.0,2607945.0
1221,ERR2984773,metaSPAdes,Salmonella enterica,4759746.0,2607948.0
1222,ERR2984773,metaSPAdes,Salmonella enterica,4759746.0,2607952.0
1223,ERR2984773,metaSPAdes,Salmonella enterica,4759746.0,2607954.0
1224,ERR2984773,metaSPAdes,Salmonella enterica,4759746.0,2607955.0
1225,ERR2984773,metaSPAdes,Salmonella enterica,4759746.0,2607965.0
1226,ERR2984773,metaSPAdes,Salmonella enterica,4759746.0,2607968.0
1227,ERR2984773,metaSPAdes,Salmonella enterica,4759746.0,2607971.0
1228,ERR2984773,metaSPAdes,Salmonella enterica,4759746.0,2607973.0
1229,ERR2984773,metaSPAdes,Salmonella enterica,4759746.0,2607976.0
1230,ERR2984773,metaSPAdes,Salmonella enterica,4759746.0,2607996.0
1231,ERR2984773,metaSPAdes,Salmonella enterica,4759746.0,2607999.0
1232,ERR2984773,metaSPAdes,Salmonella enterica,4759746.0,2608003.0
1233,ERR2984773,metaSPAdes,Salmonella enterica,4759746.0,2608007.0
1234,ERR2984773,metaSPAdes,Salmonella enterica,4759746.0,2608008.0
1235,ERR2984773,metaSPAdes,Salmonella enterica,4759746.0,2608010.0
1236,ERR2984773,metaSPAdes,Salmonella enterica,4759746.0,2608017.0
1237,ERR2984773,metaSPAdes,Salmonella enterica,4759746.0,2608022.0
1238,ERR2984773,metaSPAdes,Salmonella enterica,4759746.0,2327399
1239,ERR2984773,metaSPAdes,Salmonella enterica,4759746.0,2327403
1240,ERR2984773,metaSPAdes,Salmonella enterica,4759746.0,2327404
1241,ERR2984773,metaSPAdes,Salmonella enterica,4759746.0,2327419
1242,ERR2984773,metaSPAdes,Salmonella enterica,4759746.0,2327424
1243,ERR2984773,metaSPAdes,Salmonella enterica,4759746.0,2327425
1244,ERR2984773,metaSPAdes,Salmonella enterica,4759746.0,2327437
1245,ERR2984773,metaSPAdes,Salmonella enterica,4759746.0,2327451
1246,ERR2984773,metaSPAdes,Salmonella enterica,4759746.0,2327463
1247,ERR2984773,metaSPAdes,Salmonella enterica,4759746.0,2327468
1248,ERR2984773,metaSPAdes,Salmonella enterica,4759746.0,2327471
1249,ERR2984773,metaSPAdes,Salmonella enterica,4759746.0,2327472
1250,ERR2984773,metaSPAdes,Salmonella enterica,4759746.0,2327473
1251,ERR2984773,metaSPAdes,Salmonella enterica,4759746.0,2327476
1252,ERR2984773,metaSPAdes,Salmonella enterica,4759746.0,2327479
1253,ERR2984773,metaSPAdes,Salmonella enterica,4759746.0,2327481
1254,ERR2984773,metaSPAdes,Salmonella enterica,4759746.0,2327482
1255,ERR2984773,metaSPAdes,Salmonella enterica,4759746.0,2327483
1256,ERR2984773,metaSPAdes,Salmonella enterica,4759746.0,2327485
1257,ERR2984773,metaSPAdes,Salmonella enterica,4759746.0,2327486
1258,ERR2984773,metaSPAdes,Salmonella enterica,4759746.0,2327490
1259,ERR2984773,metaSPAdes,Salmonella enterica,4759746.0,2327492
1260,ERR2984773,metaSPAdes,Salmonella enterica,4759746.0,2327496
1261,ERR2984773,metaSPAdes,Salmonella enterica,4759746.0,2327499
1262,ERR2984773,metaSPAdes,Salmonella enterica,4759746.0,2327500
1263,ERR2984773,metaSPAdes,Salmonella enterica,4759746.0,2327501
1264,ERR2984773,metaSPAdes,Salmonella enterica,4759746.0,2327503
1265,ERR2984773,metaSPAdes,Salmonella enterica,4759746.0,2327504
1266,ERR2984773,metaSPAdes,Salmonella enterica,4759746.0,2327515
1267,ERR2984773,metaSPAdes,Salmonella enterica,4759746.0,2327564
1268,ERR2984773,metaSPAdes,Salmonella enterica,4759746.0,2327567
1269,ERR2984773,metaSPAdes,Salmonella enterica,4759746.0,881883.0
1270,ERR2984773,metaSPAdes,Salmonella enterica,4759746.0,3578925.0
1271,ERR2984773,metaSPAdes,Salmonella enterica,4759746.0,3578946.0
1272,ERR2984773,metaSPAdes,Salmonella enterica,4759746.0,3578952.0
1273,ERR2984773,metaSPAdes,Salmonella enterica,4759746.0,3578958.0
1274,ERR2984773,metaSPAdes,Salmonella enterica,4759746.0,1909051
1275,ERR2984773,metaSPAdes,Salmonella enterica,4759746.0,1909066
1276,ERR2984773,metaSPAdes,Salmonella enterica,4759746.0,1909068
1277,ERR2984773,metaSPAdes,Salmonella enterica,4759746.0,1947085
1278,ERR2984773,metaSPAdes,Salmonella enterica,4759746.0,1947097
1279,ERR2984773,metaSPAdes,Salmonella enterica,4759746.0,1947130
1280,ERR2984773,metaSPAdes,Salmonella enterica,4759746.0,1947148
1281,ERR2984773,metaSPAdes,Salmonella enterica,4759746.0,1947160
1282,ERR2984773,metaSPAdes,Salmonella enterica,4759746.0,1947166
1283,ERR2984773,metaSPAdes,Salmonella enterica,4759746.0,1947172
1284,ERR2984773,metaSPAdes,Salmonella enterica,4759746.0,1947175
1285,ERR2984773,metaSPAdes,Salmonella enterica,4759746.0,1947183
1286,ERR2984773,metaSPAdes,Salmonella enterica,4759746.0,1947223
1287,ERR2984773,metaSPAdes,Salmonella enterica,4759746.0,4308943
1288,ERR2984773,metaSPAdes,Salmonella enterica,4759746.0,4308985
1289,ERR2984773,metaSPAdes,Salmonella enterica,4759746.0,4308994
1290,ERR2984773,metaSPAdes,Salmonella enterica,4759746.0,4309021
1291,ERR2984773,metaSPAdes,Salmonella enterica,4759746.0,4309048
1292,ERR2984773,metaSPAdes,Salmonella enterica,4759746.0,4309051
1293,ERR2984773,metaSPAdes,Salmonella enterica,4759746.0,4309054
1294,ERR2984773,metaSPAdes,Salmonella enterica,4759746.0,4309060
1295,ERR2984773,metaSPAdes,Salmonella enterica,4759746.0,4309075
1296,ERR2984773,metaSPAdes,Salmonella enterica,4759746.0,4309117
1297,ERR2984773,metaSPAdes,Salmonella enterica,4759746.0,4309127
1298,ERR2984773,metaSPAdes,Salmonella enterica,4759746.0,4309151
1299,ERR2984773,metaSPAdes,Salmonella enterica,4759746.0,4309225
1300,ERR2984773,metaSPAdes,Salmonella enterica,4759746.0,4319092
1301,ERR2984773,metaSPAdes,Salmonella enterica,4759746.0,4319095
1302,ERR2984773,metaSPAdes,Salmonella enterica,4759746.0,4319098
1303,ERR2984773,metaSPAdes,Salmonella enterica,4759746.0,4319104
1304,ERR2984773,metaSPAdes,Salmonella enterica,4759746.0,4319122
1305,ERR2984773,metaSPAdes,Salmonella enterica,4759746.0,4319128
1306,ERR2984773,metaSPAdes,Salmonella enterica,4759746.0,4319137
1307,ERR2984773,metaSPAdes,Salmonella enterica,4759746.0,2363546.0
1308,ERR2984773,metaSPAdes,Salmonella enterica,4759746.0,2363547.0
1309,ERR2984773,metaSPAdes,Salmonella enterica,4759746.0,2363548.0
1310,ERR2984773,metaSPAdes,Salmonella enterica,4759746.0,2363588.0
1311,ERR2984773,metaSPAdes,Salmonella enterica,4759746.0,1870514
1312,ERR2984773,metaSPAdes,Salmonella enterica,4759746.0,1870517
1313,ERR2984773,metaSPAdes,Salmonella enterica,4759746.0,1870526
1314,ERR2984773,metaSPAdes,Salmonella enterica,4759746.0,1870532
1315,ERR2984773,metaSPAdes,Salmonella enterica,4759746.0,1870547
1316,ERR2984773,metaSPAdes,Salmonella enterica,4759746.0,1870562
1317,ERR2984773,metaSPAdes,Salmonella enterica,4759746.0,1870568
1318,ERR2984773,metaSPAdes,Salmonella enterica,4759746.0,1870571
1319,ERR2984773,metaSPAdes,Salmonella enterica,4759746.0,1870574
1320,ERR2984773,metaSPAdes,Salmonella enterica,4759746.0,1870583
1321,ERR2984773,metaSPAdes,Salmonella enterica,4759746.0,1870584
1322,ERR2984773,metaSPAdes,Salmonella enterica,4759746.0,1870586
1323,ERR2984773,metaSPAdes,Salmonella enterica,4759746.0,1870589
1324,ERR2984773,metaSPAdes,Salmonella enterica,4759746.0,1870615
1325,ERR2984773,metaSPAdes,Salmonella enterica,4759746.0,1870618
1326,ERR2984773,metaSPAdes,Salmonella enterica,4759746.0,1886190
1327,ERR2984773,metaSPAdes,Salmonella enterica,4759746.0,1886228
1328,ERR2984773,metaSPAdes,Salmonella enterica,4759746.0,1886244
1329,ERR2984773,metaSPAdes,Salmonella enterica,4759746.0,1886253
1330,ERR2984773,metaSPAdes,Salmonella enterica,4759746.0,1886256
1331,ERR2984773,metaSPAdes,Salmonella enterica,4759746.0,1886273
1332,ERR2984773,metaSPAdes,Salmonella enterica,4759746.0,1886352
1333,ERR2984773,metaSPAdes,Salmonella enterica,4759746.0,1886355
1334,ERR2984773,metaSPAdes,Salmonella enterica,4759746.0,1886367
1335,ERR2984773,metaSPAdes,Salmonella enterica,4759746.0,1886409
1336,ERR2984773,metaSPAdes,Salmonella enterica,4759746.0,1886435
1337,ERR2984773,metaSPAdes,Salmonella enterica,4759746.0,1886436
1338,ERR2984773,metaSPAdes,Salmonella enterica,4759746.0,1886438
1339,ERR2984773,metaSPAdes,Salmonella enterica,4759746.0,2492685
1340,ERR2984773,metaSPAdes,Salmonella enterica,4759746.0,2492694
1341,ERR2984773,metaSPAdes,Salmonella enterica,4759746.0,2496705
1342,ERR2984773,metaSPAdes,Salmonella enterica,4759746.0,2496711
1343,ERR2984773,metaSPAdes,Salmonella enterica,4759746.0,2497521
1344,ERR2984773,metaSPAdes,Salmonella enterica,4759746.0,2497539
1345,ERR2984773,metaSPAdes,Salmonella enterica,4759746.0,2497575
1346,ERR2984773,metaSPAdes,Salmonella enterica,4759746.0,2497626
1347,ERR2984773,metaSPAdes,Salmonella enterica,4759746.0,2497641
1348,ERR2984773,metaSPAdes,Salmonella enterica,4759746.0,2498198
1349,ERR2984773,metaSPAdes,Salmonella enterica,4759746.0,2498204
1350,ERR2984773,metaSPAdes,Salmonella enterica,4759746.0,2498225
1351,ERR2984773,metaSPAdes,Salmonella enterica,4759746.0,2498228
1352,ERR2984773,metaSPAdes,Salmonella enterica,4759746.0,2498255
1353,ERR2984773,metaSPAdes,Salmonella enterica,4759746.0,2498279
1354,ERR2984773,metaSPAdes,Salmonella enterica,4759746.0,2498282
1355,ERR2984773,metaSPAdes,Salmonella enterica,4759746.0,2498296
1356,ERR2984773,metaSPAdes,Salmonella enterica,4759746.0,2498297
1357,ERR2984773,metaSPAdes,Salmonella enterica,4759746.0,2498300
1358,ERR2984773,metaSPAdes,Salmonella enterica,4759746.0,2498311
1359,ERR2984773,metaSPAdes,Salmonella enterica,4759746.0,2498315
1360,ERR2984773,metaSPAdes,Salmonella enterica,4759746.0,2498321
1361,ERR2984773,metaSPAdes,Salmonella enterica,4759746.0,2498324
1362,ERR2984773,metaSPAdes,Salmonella enterica,4759746.0,2498330
1363,ERR2984773,metaSPAdes,Salmonella enterica,4759746.0,2498347
1364,ERR2984773,metaSPAdes,Salmonella enterica,4759746.0,2498352
1365,ERR2984773,metaSPAdes,Salmonella enterica,4759746.0,2498354
1366,ERR2984773,metaSPAdes,Salmonella enterica,4759746.0,2498369
1367,ERR2984773,metaSPAdes,Salmonella enterica,4759746.0,2498375
1368,ERR2984773,metaSPAdes,Salmonella enterica,4759746.0,2498381
1369,ERR2984773,metaSPAdes,Salmonella enterica,4759746.0,2498383
1370,ERR2984773,metaSPAdes,Salmonella enterica,4759746.0,2498393
1371,ERR2984773,metaSPAdes,Salmonella enterica,4759746.0,2498396
1372,ERR2984773,metaSPAdes,Salmonella enterica,4759746.0,2498397
1373,ERR2984773,metaSPAdes,Salmonella enterica,4759746.0,2498402
1374,ERR2984773,metaSPAdes,Salmonella enterica,4759746.0,2498408
1375,ERR2984773,metaSPAdes,Salmonella enterica,4759746.0,2499070
1376,ERR2984773,metaSPAdes,Salmonella enterica,4759746.0,2499081
1377,ERR2984773,metaSPAdes,Salmonella enterica,4759746.0,2499102
1378,ERR2984773,metaSPAdes,Salmonella enterica,4759746.0,2499136
1379,ERR2984773,metaSPAdes,Salmonella enterica,4759746.0,2499151
1380,ERR2984773,metaSPAdes,Salmonella enterica,4759746.0,2499154
1381,ERR2984773,metaSPAdes,Salmonella enterica,4759746.0,2499162
1382,ERR2984773,metaSPAdes,Salmonella enterica,4759746.0,2499169
1383,ERR2984773,metaSPAdes,Salmonella enterica,4759746.0,2499181
1384,ERR2984773,metaSPAdes,Salmonella enterica,4759746.0,2499223
1385,ERR2984773,metaSPAdes,Salmonella enterica,4759746.0,1322789.0
1386,ERR2984773,metaSPAdes,Salmonella enterica,4759746.0,3148975.0
1387,ERR2984773,metaSPAdes,Salmonella enterica,4759746.0,4401372.0
1388,ERR2984773,metaSPAdes,Salmonella enterica,4759746.0,4401385.0
1389,ERR2984773,metaSPAdes,Salmonella enterica,4759746.0,4401496.0
1390,ERR2984773,metaSPAdes,Salmonella enterica,4759746.0,3540539
1391,ERR2984773,metaSPAdes,Salmonella enterica,4759746.0,3540542
1392,ERR2984773,metaSPAdes,Salmonella enterica,4759746.0,3540560
1393,ERR2984773,metaSPAdes,Salmonella enterica,4759746.0,3540566
1394,ERR2984773,metaSPAdes,Salmonella enterica,4759746.0,3540584
1395,ERR2984773,metaSPAdes,Salmonella enterica,4759746.0,1568094
1396,ERR2984773,metaSPAdes,Salmonella enterica,4759746.0,1568108
1397,ERR2984773,metaSPAdes,Salmonella enterica,4759746.0,1568114
1398,ERR2984773,metaSPAdes,Salmonella enterica,4759746.0,1568126
1399,ERR2984773,metaSPAdes,Salmonella enterica,4759746.0,1568127
1400,ERR2984773,metaSPAdes,Salmonella enterica,4759746.0,1568132
1401,ERR2984773,metaSPAdes,Salmonella enterica,4759746.0,1568133
1402,ERR2984773,metaSPAdes,Salmonella enterica,4759746.0,1568134
1403,ERR2984773,metaSPAdes,Salmonella enterica,4759746.0,4369991
1404,ERR2984773,metaSPAdes,Salmonella enterica,4759746.0,4370158
1405,ERR2984773,metaSPAdes,Salmonella enterica,4759746.0,4370161
1406,ERR2984773,metaSPAdes,Salmonella enterica,4759746.0,4370194
1407,ERR2984773,metaSPAdes,Salmonella enterica,4759746.0,4370206
1408,ERR2984773,metaSPAdes,Salmonella enterica,4759746.0,4397749.0
1409,ERR2984773,metaSPAdes,Salmonella enterica,4759746.0,4397791.0
1410,ERR2984773,metaSPAdes,Salmonella enterica,4759746.0,4397838.0
1411,ERR2984773,metaSPAdes,Salmonella enterica,4759746.0,4398444.0
1412,ERR2984773,metaSPAdes,Salmonella enterica,4759746.0,4378093.0
1413,ERR2984773,metaSPAdes,Salmonella enterica,4759746.0,2004302.0
1414,ERR2984773,metaSPAdes,Salmonella enterica,4759746.0,2004478.0
1415,ERR2984773,metaSPAdes,Salmonella enterica,4759746.0,2004491.0
1416,ERR2984773,metaSPAdes,Salmonella enterica,4759746.0,2005112.0
1417,ERR2984773,metaSPAdes,Salmonella enterica,4759746.0,2005265.0
1418,ERR2984773,metaSPAdes,Salmonella enterica,4759746.0,2005328.0
1419,ERR2984773,metaSPAdes,Salmonella enterica,4759746.0,2005329.0
1420,ERR2984773,metaSPAdes,Salmonella enterica,4759746.0,2005330.0
1421,ERR2984773,metaSPAdes,Salmonella enterica,4759746.0,2005334.0
1422,ERR2984773,metaSPAdes,Salmonella enterica,4759746.0,2005738.0
1423,ERR2984773,metaSPAdes,Salmonella enterica,4759746.0,2005743.0
1424,ERR2984773,metaSPAdes,Salmonella enterica,4759746.0,2005824.0
1425,ERR2984773,metaSPAdes,Salmonella enterica,4759746.0,2787536.0
1426,ERR2984773,metaSPAdes,Salmonella enterica,4759746.0,2787579.0
1427,ERR2984773,metaSPAdes,Salmonella enterica,4759746.0,2787581.0
1428,ERR2984773,metaSPAdes,Salmonella enterica,4759746.0,2787582.0
1429,ERR2984773,metaSPAdes,Salmonella enterica,4759746.0,2787583.0
1430,ERR2984773,metaSPAdes,Staphylococcus aureus,2718780.0,910001
1431,ERR2984773,metaSPAdes,Staphylococcus aureus,2718780.0,910036
1432,ERR2984773,metaSPAdes,Staphylococcus aureus,2718780.0,910073
1433,ERR2984773,metaSPAdes,Staphylococcus aureus,2718780.0,910089
1434,ERR2984773,metaSPAdes,Staphylococcus aureus,2718780.0,910112
1435,ERR2984773,metaSPAdes,Staphylococcus aureus,2718780.0,910256
1436,ERR2984773,metaSPAdes,Staphylococcus aureus,2718780.0,911560
1437,ERR2984773,metaSPAdes,Staphylococcus aureus,2718780.0,1135138
1438,ERR2984773,metaSPAdes,Staphylococcus aureus,2718780.0,1135162
1439,ERR2984773,metaSPAdes,Staphylococcus aureus,2718780.0,1135268
1440,ERR2984773,metaSPAdes,Staphylococcus aureus,2718780.0,1135279
1441,ERR2984773,metaSPAdes,Staphylococcus aureus,2718780.0,1135324
1442,ERR2984773,metaSPAdes,Staphylococcus aureus,2718780.0,274024.0
1443,ERR2984773,metaSPAdes,Staphylococcus aureus,2718780.0,274029.0
1444,ERR2984773,metaSPAdes,Staphylococcus aureus,2718780.0,274145.0
1445,ERR2984773,metaSPAdes,Staphylococcus aureus,2718780.0,348226.0
1446,ERR2984773,metaSPAdes,Staphylococcus aureus,2718780.0,1707826
1447,ERR2984773,metaSPAdes,Staphylococcus aureus,2718780.0,1136688.0
1448,ERR2984773,metaSPAdes,Staphylococcus aureus,2718780.0,1136700.0
1449,ERR2984773,metaSPAdes,Staphylococcus aureus,2718780.0,1136835.0
1450,ERR2984773,metaSPAdes,Staphylococcus aureus,2718780.0,1136868.0
1451,ERR2984773,metaSPAdes,Staphylococcus aureus,2718780.0,1137215.0
1452,ERR2984773,metaSPAdes,Staphylococcus aureus,2718780.0,1137232.0
1453,ERR2984773,metaSPAdes,Staphylococcus aureus,2718780.0,1137730.0
1454,ERR2984773,metaSPAdes,Staphylococcus aureus,2718780.0,1137744.0
1455,ERR2984773,metaSPAdes,Staphylococcus aureus,2718780.0,1137760.0
1456,ERR2984773,metaSPAdes,Staphylococcus aureus,2718780.0,1200794.0
1457,ERR2984773,metaSPAdes,Staphylococcus aureus,2718780.0,1200821.0
1458,ERR2984773,metaSPAdes,Staphylococcus aureus,2718780.0,1200828.0
1459,ERR2984773,metaSPAdes,Staphylococcus aureus,2718780.0,1200831.0
1460,ERR2984773,metaSPAdes,Staphylococcus aureus,2718780.0,1200839.0
1461,ERR2984773,metaSPAdes,Staphylococcus aureus,2718780.0,1200842.0
1462,ERR2984773,metaSPAdes,Staphylococcus aureus,2718780.0,1200843.0
1463,ERR2984773,metaSPAdes,Staphylococcus aureus,2718780.0,1200844.0
1464,ERR2984773,metaSPAdes,Staphylococcus aureus,2718780.0,1200846.0
1465,ERR2984773,metaSPAdes,Staphylococcus aureus,2718780.0,1200858.0
1466,ERR2984773,metaSPAdes,Staphylococcus aureus,2718780.0,1200993.0
1467,ERR2984773,metaSPAdes,Staphylococcus aureus,2718780.0,1200999.0
1468,ERR2984773,metaSPAdes,Staphylococcus aureus,2718780.0,1201059.0
1469,ERR2984773,metaSPAdes,Staphylococcus aureus,2718780.0,1201062.0
1470,ERR2984773,metaSPAdes,Staphylococcus aureus,2718780.0,1201065.0
1471,ERR2984773,metaSPAdes,Staphylococcus aureus,2718780.0,1201270.0
1472,ERR2984773,metaSPAdes,Staphylococcus aureus,2718780.0,2186157
1473,ERR2984773,metaSPAdes,Staphylococcus aureus,2718780.0,2186168
1474,ERR2984773,metaSPAdes,Staphylococcus aureus,2718780.0,2186175
1475,ERR2984773,metaSPAdes,Staphylococcus aureus,2718780.0,2186185
1476,ERR2984773,metaSPAdes,Staphylococcus aureus,2718780.0,2186190
1477,ERR2984773,metaSPAdes,Staphylococcus aureus,2718780.0,2186192
1478,ERR2984773,metaSPAdes,Staphylococcus aureus,2718780.0,2186195
1479,ERR2984773,metaSPAdes,Staphylococcus aureus,2718780.0,2186202
1480,ERR2984773,metaSPAdes,Staphylococcus aureus,2718780.0,2186208
1481,ERR2984773,metaSPAdes,Staphylococcus aureus,2718780.0,2186217
1482,ERR2984773,metaSPAdes,Staphylococcus aureus,2718780.0,2186251
1483,ERR2984773,metaSPAdes,Staphylococcus aureus,2718780.0,734591.0
1484,ERR2984773,metaSPAdes,Staphylococcus aureus,2718780.0,734600.0
1485,ERR2984773,metaSPAdes,Staphylococcus aureus,2718780.0,734601.0
1486,ERR2984773,metaSPAdes,Staphylococcus aureus,2718780.0,734602.0
1487,ERR2984773,metaSPAdes,Staphylococcus aureus,2718780.0,734607.0
1488,ERR2984773,metaSPAdes,Staphylococcus aureus,2718780.0,2556578.0
1489,ERR2984773,metaSPAdes,Staphylococcus aureus,2718780.0,2562464.0
1490,ERR2984773,metaSPAdes,Staphylococcus aureus,2718780.0,2562499.0
1491,ERR2984773,metaSPAdes,Staphylococcus aureus,2718780.0,2562546.0
1492,ERR2984773,metaSPAdes,Staphylococcus aureus,2718780.0,2562548.0
1493,ERR2984773,metaSPAdes,Staphylococcus aureus,2718780.0,2562558.0
1494,ERR2984773,metaSPAdes,Staphylococcus aureus,2718780.0,2562584.0
1495,ERR2984773,metaSPAdes,Staphylococcus aureus,2718780.0,2562594.0
1496,ERR2984773,metaSPAdes,Staphylococcus aureus,2718780.0,2562614.0
1497,ERR2984773,metaSPAdes,Staphylococcus aureus,2718780.0,2562642.0
1498,ERR2984773,metaSPAdes,Staphylococcus aureus,2718780.0,597240.0
1499,ERR2984773,metaSPAdes,Staphylococcus aureus,2718780.0,1245944
1500,ERR2984773,metaSPAdes,Staphylococcus aureus,2718780.0,1245547.0
1501,ERR2984773,metaSPAdes,Staphylococcus aureus,2718780.0,1245553.0
1502,ERR2984773,metaSPAdes,Escherichia coli plasmid,110007.0,69370
1503,ERR2984773,metaSPAdes,Escherichia coli plasmid,110007.0,69391
1504,ERR2984773,metaSPAdes,Escherichia coli plasmid,110007.0,69394
1505,ERR2984773,metaSPAdes,Escherichia coli plasmid,110007.0,69406
1506,ERR2984773,metaSPAdes,Escherichia coli plasmid,110007.0,69418
1507,ERR2984773,metaSPAdes,Escherichia coli plasmid,110007.0,69448
1508,ERR2984773,metaSPAdes,Escherichia coli plasmid,110007.0,69451
1509,ERR2984773,metaSPAdes,Escherichia coli plasmid,110007.0,69514
1510,ERR2984773,metaSPAdes,Escherichia coli plasmid,110007.0,69535
1511,ERR2984773,metaSPAdes,Escherichia coli plasmid,110007.0,69565
1512,ERR2984773,metaSPAdes,Escherichia coli plasmid,110007.0,69567
1513,ERR2984773,metaSPAdes,Escherichia coli plasmid,110007.0,69569
1514,ERR2984773,metaSPAdes,Escherichia coli plasmid,110007.0,69570
1515,ERR2984773,metaSPAdes,Escherichia coli plasmid,110007.0,69571
1516,ERR2984773,metaSPAdes,Escherichia coli plasmid,110007.0,69604
1517,ERR2984773,metaSPAdes,Escherichia coli plasmid,110007.0,69715
