,Sample,Assembler,Reference,Reference Length,SNP Location
0,ERR2935805,MEGAHIT,Bacillus subtilis,4045677.0,2139670
1,ERR2935805,MEGAHIT,Bacillus subtilis,4045677.0,2416255
2,ERR2935805,MEGAHIT,Bacillus subtilis,4045677.0,2604201
3,ERR2935805,MEGAHIT,Bacillus subtilis,4045677.0,2955689
4,ERR2935805,MEGAHIT,Bacillus subtilis,4045677.0,1810041
5,ERR2935805,MEGAHIT,Bacillus subtilis,4045677.0,1810042
6,ERR2935805,MEGAHIT,Bacillus subtilis,4045677.0,371781.0
7,ERR2935805,MEGAHIT,Escherichia coli,4765434.0,1807002
8,ERR2935805,MEGAHIT,Escherichia coli,4765434.0,1807020
9,ERR2935805,MEGAHIT,Escherichia coli,4765434.0,1807028
10,ERR2935805,MEGAHIT,Escherichia coli,4765434.0,1807047
11,ERR2935805,MEGAHIT,Escherichia coli,4765434.0,1808436
12,ERR2935805,MEGAHIT,Escherichia coli,4765434.0,928992.0
13,ERR2935805,MEGAHIT,Escherichia coli,4765434.0,929011.0
14,ERR2935805,MEGAHIT,Escherichia coli,4765434.0,929040.0
15,ERR2935805,MEGAHIT,Escherichia coli,4765434.0,929072.0
16,ERR2935805,MEGAHIT,Escherichia coli,4765434.0,929082.0
17,ERR2935805,MEGAHIT,Escherichia coli,4765434.0,929113.0
18,ERR2935805,MEGAHIT,Escherichia coli,4765434.0,929352.0
19,ERR2935805,MEGAHIT,Escherichia coli,4765434.0,929403.0
20,ERR2935805,MEGAHIT,Escherichia coli,4765434.0,929421.0
21,ERR2935805,MEGAHIT,Escherichia coli,4765434.0,929478.0
22,ERR2935805,MEGAHIT,Escherichia coli,4765434.0,929532.0
23,ERR2935805,MEGAHIT,Escherichia coli,4765434.0,929646.0
24,ERR2935805,MEGAHIT,Escherichia coli,4765434.0,929658.0
25,ERR2935805,MEGAHIT,Escherichia coli,4765434.0,929681.0
26,ERR2935805,MEGAHIT,Escherichia coli,4765434.0,3977197
27,ERR2935805,MEGAHIT,Escherichia coli,4765434.0,3977238
28,ERR2935805,MEGAHIT,Escherichia coli,4765434.0,3977336
29,ERR2935805,MEGAHIT,Escherichia coli,4765434.0,3977338
30,ERR2935805,MEGAHIT,Escherichia coli,4765434.0,3977353
31,ERR2935805,MEGAHIT,Escherichia coli,4765434.0,3977504
32,ERR2935805,MEGAHIT,Escherichia coli,4765434.0,3977598
33,ERR2935805,MEGAHIT,Escherichia coli,4765434.0,3977601
34,ERR2935805,MEGAHIT,Escherichia coli,4765434.0,3977619
35,ERR2935805,MEGAHIT,Escherichia coli,4765434.0,3977631
36,ERR2935805,MEGAHIT,Escherichia coli,4765434.0,3977632
37,ERR2935805,MEGAHIT,Escherichia coli,4765434.0,3977640
38,ERR2935805,MEGAHIT,Escherichia coli,4765434.0,3977643
39,ERR2935805,MEGAHIT,Escherichia coli,4765434.0,3977646
40,ERR2935805,MEGAHIT,Escherichia coli,4765434.0,3977649
41,ERR2935805,MEGAHIT,Escherichia coli,4765434.0,3977652
42,ERR2935805,MEGAHIT,Escherichia coli,4765434.0,3977655
43,ERR2935805,MEGAHIT,Escherichia coli,4765434.0,3977659
44,ERR2935805,MEGAHIT,Escherichia coli,4765434.0,3977661
45,ERR2935805,MEGAHIT,Escherichia coli,4765434.0,3977670
46,ERR2935805,MEGAHIT,Escherichia coli,4765434.0,3977673
47,ERR2935805,MEGAHIT,Escherichia coli,4765434.0,3977700
48,ERR2935805,MEGAHIT,Escherichia coli,4765434.0,3977715
49,ERR2935805,MEGAHIT,Escherichia coli,4765434.0,3977716
50,ERR2935805,MEGAHIT,Escherichia coli,4765434.0,3977718
51,ERR2935805,MEGAHIT,Escherichia coli,4765434.0,3977724
52,ERR2935805,MEGAHIT,Escherichia coli,4765434.0,3977868
53,ERR2935805,MEGAHIT,Escherichia coli,4765434.0,3977869
54,ERR2935805,MEGAHIT,Escherichia coli,4765434.0,3977894
55,ERR2935805,MEGAHIT,Escherichia coli,4765434.0,3977895
56,ERR2935805,MEGAHIT,Escherichia coli,4765434.0,3977899
57,ERR2935805,MEGAHIT,Escherichia coli,4765434.0,3977907
58,ERR2935805,MEGAHIT,Escherichia coli,4765434.0,3977909
59,ERR2935805,MEGAHIT,Escherichia coli,4765434.0,3977911
60,ERR2935805,MEGAHIT,Escherichia coli,4765434.0,3977914
61,ERR2935805,MEGAHIT,Escherichia coli,4765434.0,3977915
62,ERR2935805,MEGAHIT,Escherichia coli,4765434.0,3977918
63,ERR2935805,MEGAHIT,Escherichia coli,4765434.0,3977919
64,ERR2935805,MEGAHIT,Escherichia coli,4765434.0,3977920
65,ERR2935805,MEGAHIT,Escherichia coli,4765434.0,3977922
66,ERR2935805,MEGAHIT,Escherichia coli,4765434.0,3977923
67,ERR2935805,MEGAHIT,Escherichia coli,4765434.0,3977930
68,ERR2935805,MEGAHIT,Escherichia coli,4765434.0,3977931
69,ERR2935805,MEGAHIT,Escherichia coli,4765434.0,3977934
70,ERR2935805,MEGAHIT,Escherichia coli,4765434.0,3977936
71,ERR2935805,MEGAHIT,Escherichia coli,4765434.0,3977950
72,ERR2935805,MEGAHIT,Escherichia coli,4765434.0,3977955
73,ERR2935805,MEGAHIT,Escherichia coli,4765434.0,2894248.0
74,ERR2935805,MEGAHIT,Escherichia coli,4765434.0,2894251.0
75,ERR2935805,MEGAHIT,Escherichia coli,4765434.0,2894269.0
76,ERR2935805,MEGAHIT,Escherichia coli,4765434.0,2894271.0
77,ERR2935805,MEGAHIT,Escherichia coli,4765434.0,2894272.0
78,ERR2935805,MEGAHIT,Escherichia coli,4765434.0,2894278.0
79,ERR2935805,MEGAHIT,Escherichia coli,4765434.0,2894284.0
80,ERR2935805,MEGAHIT,Escherichia coli,4765434.0,2894290.0
81,ERR2935805,MEGAHIT,Escherichia coli,4765434.0,2894296.0
82,ERR2935805,MEGAHIT,Escherichia coli,4765434.0,2894299.0
83,ERR2935805,MEGAHIT,Escherichia coli,4765434.0,2894302.0
84,ERR2935805,MEGAHIT,Escherichia coli,4765434.0,2894320.0
85,ERR2935805,MEGAHIT,Escherichia coli,4765434.0,2894323.0
86,ERR2935805,MEGAHIT,Escherichia coli,4765434.0,2894326.0
87,ERR2935805,MEGAHIT,Escherichia coli,4765434.0,2894335.0
88,ERR2935805,MEGAHIT,Escherichia coli,4765434.0,2894338.0
89,ERR2935805,MEGAHIT,Escherichia coli,4765434.0,2894350.0
90,ERR2935805,MEGAHIT,Escherichia coli,4765434.0,2894353.0
91,ERR2935805,MEGAHIT,Escherichia coli,4765434.0,2894356.0
92,ERR2935805,MEGAHIT,Escherichia coli,4765434.0,2894362.0
93,ERR2935805,MEGAHIT,Escherichia coli,4765434.0,2894364.0
94,ERR2935805,MEGAHIT,Escherichia coli,4765434.0,2894368.0
95,ERR2935805,MEGAHIT,Escherichia coli,4765434.0,2894377.0
96,ERR2935805,MEGAHIT,Escherichia coli,4765434.0,2894392.0
97,ERR2935805,MEGAHIT,Escherichia coli,4765434.0,2894398.0
98,ERR2935805,MEGAHIT,Escherichia coli,4765434.0,2894399.0
99,ERR2935805,MEGAHIT,Escherichia coli,4765434.0,2894404.0
100,ERR2935805,MEGAHIT,Escherichia coli,4765434.0,2894413.0
101,ERR2935805,MEGAHIT,Escherichia coli,4765434.0,2894419.0
102,ERR2935805,MEGAHIT,Escherichia coli,4765434.0,2894434.0
103,ERR2935805,MEGAHIT,Escherichia coli,4765434.0,2894446.0
104,ERR2935805,MEGAHIT,Escherichia coli,4765434.0,2894449.0
105,ERR2935805,MEGAHIT,Escherichia coli,4765434.0,2894452.0
106,ERR2935805,MEGAHIT,Escherichia coli,4765434.0,2894458.0
107,ERR2935805,MEGAHIT,Escherichia coli,4765434.0,2894464.0
108,ERR2935805,MEGAHIT,Escherichia coli,4765434.0,2894470.0
109,ERR2935805,MEGAHIT,Escherichia coli,4765434.0,2894476.0
110,ERR2935805,MEGAHIT,Escherichia coli,4765434.0,2894494.0
111,ERR2935805,MEGAHIT,Escherichia coli,4765434.0,2894500.0
112,ERR2935805,MEGAHIT,Escherichia coli,4765434.0,2894507.0
113,ERR2935805,MEGAHIT,Escherichia coli,4765434.0,2894509.0
114,ERR2935805,MEGAHIT,Escherichia coli,4765434.0,2894524.0
115,ERR2935805,MEGAHIT,Escherichia coli,4765434.0,2894533.0
116,ERR2935805,MEGAHIT,Escherichia coli,4765434.0,2894547.0
117,ERR2935805,MEGAHIT,Escherichia coli,4765434.0,2894548.0
118,ERR2935805,MEGAHIT,Escherichia coli,4765434.0,2894587.0
119,ERR2935805,MEGAHIT,Escherichia coli,4765434.0,2894596.0
120,ERR2935805,MEGAHIT,Escherichia coli,4765434.0,2894611.0
121,ERR2935805,MEGAHIT,Escherichia coli,4765434.0,2894613.0
122,ERR2935805,MEGAHIT,Escherichia coli,4765434.0,1387378
123,ERR2935805,MEGAHIT,Listeria monocytogenes,2992342.0,2006774.0
124,ERR2935805,MEGAHIT,Listeria monocytogenes,2992342.0,2006777.0
125,ERR2935805,MEGAHIT,Listeria monocytogenes,2992342.0,2006779.0
126,ERR2935805,MEGAHIT,Listeria monocytogenes,2992342.0,2006781.0
127,ERR2935805,MEGAHIT,Listeria monocytogenes,2992342.0,2006782.0
128,ERR2935805,MEGAHIT,Listeria monocytogenes,2992342.0,2006783.0
129,ERR2935805,MEGAHIT,Listeria monocytogenes,2992342.0,2006785.0
130,ERR2935805,MEGAHIT,Listeria monocytogenes,2992342.0,2006787.0
131,ERR2935805,MEGAHIT,Listeria monocytogenes,2992342.0,2006790.0
132,ERR2935805,MEGAHIT,Listeria monocytogenes,2992342.0,2501054
133,ERR2935805,MEGAHIT,Listeria monocytogenes,2992342.0,2501093
134,ERR2935805,MEGAHIT,Listeria monocytogenes,2992342.0,2501117
135,ERR2935805,MEGAHIT,Listeria monocytogenes,2992342.0,2501140
136,ERR2935805,MEGAHIT,Listeria monocytogenes,2992342.0,2501733
137,ERR2935805,MEGAHIT,Listeria monocytogenes,2992342.0,2501766
138,ERR2935805,MEGAHIT,Listeria monocytogenes,2992342.0,2501769
139,ERR2935805,MEGAHIT,Listeria monocytogenes,2992342.0,2501772
140,ERR2935805,MEGAHIT,Listeria monocytogenes,2992342.0,2501974
141,ERR2935805,MEGAHIT,Listeria monocytogenes,2992342.0,2496036
142,ERR2935805,MEGAHIT,Listeria monocytogenes,2992342.0,2583809.0
143,ERR2935805,MEGAHIT,Listeria monocytogenes,2992342.0,2583812.0
144,ERR2935805,MEGAHIT,Listeria monocytogenes,2992342.0,2583815.0
145,ERR2935805,MEGAHIT,Listeria monocytogenes,2992342.0,2884111
146,ERR2935805,MEGAHIT,Listeria monocytogenes,2992342.0,2884116
147,ERR2935805,MEGAHIT,Listeria monocytogenes,2992342.0,2884118
148,ERR2935805,MEGAHIT,Listeria monocytogenes,2992342.0,2884121
149,ERR2935805,MEGAHIT,Listeria monocytogenes,2992342.0,2884123
150,ERR2935805,MEGAHIT,Listeria monocytogenes,2992342.0,2884128
151,ERR2935805,MEGAHIT,Listeria monocytogenes,2992342.0,2908321
152,ERR2935805,MEGAHIT,Listeria monocytogenes,2992342.0,2908322
153,ERR2935805,MEGAHIT,Listeria monocytogenes,2992342.0,2971108
154,ERR2935805,MEGAHIT,Listeria monocytogenes,2992342.0,2971115
155,ERR2935805,MEGAHIT,Listeria monocytogenes,2992342.0,2276188.0
156,ERR2935805,MEGAHIT,Listeria monocytogenes,2992342.0,2281553.0
157,ERR2935805,MEGAHIT,Listeria monocytogenes,2992342.0,2281559.0
158,ERR2935805,MEGAHIT,Listeria monocytogenes,2992342.0,2281560.0
159,ERR2935805,MEGAHIT,Listeria monocytogenes,2992342.0,2281566.0
160,ERR2935805,MEGAHIT,Listeria monocytogenes,2992342.0,2366263.0
161,ERR2935805,MEGAHIT,Listeria monocytogenes,2992342.0,2366267.0
162,ERR2935805,MEGAHIT,Listeria monocytogenes,2992342.0,2366270.0
163,ERR2935805,MEGAHIT,Listeria monocytogenes,2992342.0,2366271.0
164,ERR2935805,MEGAHIT,Listeria monocytogenes,2992342.0,2366272.0
165,ERR2935805,MEGAHIT,Listeria monocytogenes,2992342.0,2366273.0
166,ERR2935805,MEGAHIT,Listeria monocytogenes,2992342.0,2366274.0
167,ERR2935805,MEGAHIT,Listeria monocytogenes,2992342.0,2366277.0
168,ERR2935805,MEGAHIT,Listeria monocytogenes,2992342.0,2366281.0
169,ERR2935805,MEGAHIT,Listeria monocytogenes,2992342.0,2434396.0
170,ERR2935805,MEGAHIT,Listeria monocytogenes,2992342.0,1154161
171,ERR2935805,MEGAHIT,Listeria monocytogenes,2992342.0,1313109
172,ERR2935805,MEGAHIT,Listeria monocytogenes,2992342.0,1345175
173,ERR2935805,MEGAHIT,Listeria monocytogenes,2992342.0,1345179
174,ERR2935805,MEGAHIT,Listeria monocytogenes,2992342.0,1345182
175,ERR2935805,MEGAHIT,Listeria monocytogenes,2992342.0,1345186
176,ERR2935805,MEGAHIT,Pseudomonas aeruginosa,6792330.0,1164408.0
177,ERR2935805,MEGAHIT,Pseudomonas aeruginosa,6792330.0,1164411.0
178,ERR2935805,MEGAHIT,Pseudomonas aeruginosa,6792330.0,1164462.0
179,ERR2935805,MEGAHIT,Pseudomonas aeruginosa,6792330.0,1164465.0
180,ERR2935805,MEGAHIT,Pseudomonas aeruginosa,6792330.0,1164471.0
181,ERR2935805,MEGAHIT,Pseudomonas aeruginosa,6792330.0,1164474.0
182,ERR2935805,MEGAHIT,Pseudomonas aeruginosa,6792330.0,1164480.0
183,ERR2935805,MEGAHIT,Pseudomonas aeruginosa,6792330.0,2836717.0
184,ERR2935805,MEGAHIT,Pseudomonas aeruginosa,6792330.0,2836738.0
185,ERR2935805,MEGAHIT,Pseudomonas aeruginosa,6792330.0,2836739.0
186,ERR2935805,MEGAHIT,Pseudomonas aeruginosa,6792330.0,1889682.0
187,ERR2935805,MEGAHIT,Pseudomonas aeruginosa,6792330.0,1889691.0
188,ERR2935805,MEGAHIT,Pseudomonas aeruginosa,6792330.0,1889694.0
189,ERR2935805,MEGAHIT,Pseudomonas aeruginosa,6792330.0,1889697.0
190,ERR2935805,MEGAHIT,Pseudomonas aeruginosa,6792330.0,1889716.0
191,ERR2935805,MEGAHIT,Pseudomonas aeruginosa,6792330.0,1889724.0
192,ERR2935805,MEGAHIT,Pseudomonas aeruginosa,6792330.0,1889748.0
193,ERR2935805,MEGAHIT,Pseudomonas aeruginosa,6792330.0,1889761.0
194,ERR2935805,MEGAHIT,Pseudomonas aeruginosa,6792330.0,1889830.0
195,ERR2935805,MEGAHIT,Pseudomonas aeruginosa,6792330.0,1889835.0
196,ERR2935805,MEGAHIT,Pseudomonas aeruginosa,6792330.0,1889841.0
197,ERR2935805,MEGAHIT,Pseudomonas aeruginosa,6792330.0,1889868.0
198,ERR2935805,MEGAHIT,Pseudomonas aeruginosa,6792330.0,1889871.0
199,ERR2935805,MEGAHIT,Pseudomonas aeruginosa,6792330.0,1889895.0
200,ERR2935805,MEGAHIT,Pseudomonas aeruginosa,6792330.0,1889901.0
201,ERR2935805,MEGAHIT,Pseudomonas aeruginosa,6792330.0,1889916.0
202,ERR2935805,MEGAHIT,Pseudomonas aeruginosa,6792330.0,1889988.0
203,ERR2935805,MEGAHIT,Pseudomonas aeruginosa,6792330.0,1890013.0
204,ERR2935805,MEGAHIT,Pseudomonas aeruginosa,6792330.0,1890015.0
205,ERR2935805,MEGAHIT,Pseudomonas aeruginosa,6792330.0,1890033.0
206,ERR2935805,MEGAHIT,Pseudomonas aeruginosa,6792330.0,1890045.0
207,ERR2935805,MEGAHIT,Pseudomonas aeruginosa,6792330.0,1890063.0
208,ERR2935805,MEGAHIT,Pseudomonas aeruginosa,6792330.0,1890066.0
209,ERR2935805,MEGAHIT,Pseudomonas aeruginosa,6792330.0,1890075.0
210,ERR2935805,MEGAHIT,Pseudomonas aeruginosa,6792330.0,1890078.0
211,ERR2935805,MEGAHIT,Pseudomonas aeruginosa,6792330.0,1890090.0
212,ERR2935805,MEGAHIT,Pseudomonas aeruginosa,6792330.0,1890096.0
213,ERR2935805,MEGAHIT,Pseudomonas aeruginosa,6792330.0,1890132.0
214,ERR2935805,MEGAHIT,Pseudomonas aeruginosa,6792330.0,1890148.0
215,ERR2935805,MEGAHIT,Pseudomonas aeruginosa,6792330.0,1890165.0
216,ERR2935805,MEGAHIT,Pseudomonas aeruginosa,6792330.0,1890168.0
217,ERR2935805,MEGAHIT,Pseudomonas aeruginosa,6792330.0,1890184.0
218,ERR2935805,MEGAHIT,Pseudomonas aeruginosa,6792330.0,1890193.0
219,ERR2935805,MEGAHIT,Pseudomonas aeruginosa,6792330.0,1890225.0
220,ERR2935805,MEGAHIT,Pseudomonas aeruginosa,6792330.0,1890270.0
221,ERR2935805,MEGAHIT,Pseudomonas aeruginosa,6792330.0,1890279.0
222,ERR2935805,MEGAHIT,Pseudomonas aeruginosa,6792330.0,1890285.0
223,ERR2935805,MEGAHIT,Pseudomonas aeruginosa,6792330.0,1890305.0
224,ERR2935805,MEGAHIT,Pseudomonas aeruginosa,6792330.0,1890316.0
225,ERR2935805,MEGAHIT,Pseudomonas aeruginosa,6792330.0,1890343.0
226,ERR2935805,MEGAHIT,Pseudomonas aeruginosa,6792330.0,1890350.0
227,ERR2935805,MEGAHIT,Pseudomonas aeruginosa,6792330.0,1890363.0
228,ERR2935805,MEGAHIT,Pseudomonas aeruginosa,6792330.0,1890366.0
229,ERR2935805,MEGAHIT,Pseudomonas aeruginosa,6792330.0,1890387.0
230,ERR2935805,MEGAHIT,Pseudomonas aeruginosa,6792330.0,1890388.0
231,ERR2935805,MEGAHIT,Pseudomonas aeruginosa,6792330.0,1890390.0
232,ERR2935805,MEGAHIT,Pseudomonas aeruginosa,6792330.0,1890393.0
233,ERR2935805,MEGAHIT,Pseudomonas aeruginosa,6792330.0,1890396.0
234,ERR2935805,MEGAHIT,Pseudomonas aeruginosa,6792330.0,1890403.0
235,ERR2935805,MEGAHIT,Pseudomonas aeruginosa,6792330.0,1890421.0
236,ERR2935805,MEGAHIT,Pseudomonas aeruginosa,6792330.0,1890423.0
237,ERR2935805,MEGAHIT,Pseudomonas aeruginosa,6792330.0,1890428.0
238,ERR2935805,MEGAHIT,Pseudomonas aeruginosa,6792330.0,1890429.0
239,ERR2935805,MEGAHIT,Pseudomonas aeruginosa,6792330.0,1890434.0
240,ERR2935805,MEGAHIT,Pseudomonas aeruginosa,6792330.0,1890435.0
241,ERR2935805,MEGAHIT,Pseudomonas aeruginosa,6792330.0,1890436.0
242,ERR2935805,MEGAHIT,Pseudomonas aeruginosa,6792330.0,1890447.0
243,ERR2935805,MEGAHIT,Pseudomonas aeruginosa,6792330.0,1890449.0
244,ERR2935805,MEGAHIT,Pseudomonas aeruginosa,6792330.0,1890457.0
245,ERR2935805,MEGAHIT,Pseudomonas aeruginosa,6792330.0,1890458.0
246,ERR2935805,MEGAHIT,Pseudomonas aeruginosa,6792330.0,1890460.0
247,ERR2935805,MEGAHIT,Pseudomonas aeruginosa,6792330.0,1890462.0
248,ERR2935805,MEGAHIT,Pseudomonas aeruginosa,6792330.0,1890495.0
249,ERR2935805,MEGAHIT,Pseudomonas aeruginosa,6792330.0,1890496.0
250,ERR2935805,MEGAHIT,Pseudomonas aeruginosa,6792330.0,1890500.0
251,ERR2935805,MEGAHIT,Pseudomonas aeruginosa,6792330.0,1890501.0
252,ERR2935805,MEGAHIT,Pseudomonas aeruginosa,6792330.0,1890506.0
253,ERR2935805,MEGAHIT,Pseudomonas aeruginosa,6792330.0,1890509.0
254,ERR2935805,MEGAHIT,Pseudomonas aeruginosa,6792330.0,1890517.0
255,ERR2935805,MEGAHIT,Pseudomonas aeruginosa,6792330.0,1890519.0
256,ERR2935805,MEGAHIT,Pseudomonas aeruginosa,6792330.0,1890529.0
257,ERR2935805,MEGAHIT,Pseudomonas aeruginosa,6792330.0,1890538.0
258,ERR2935805,MEGAHIT,Pseudomonas aeruginosa,6792330.0,1890541.0
259,ERR2935805,MEGAHIT,Pseudomonas aeruginosa,6792330.0,1890549.0
260,ERR2935805,MEGAHIT,Pseudomonas aeruginosa,6792330.0,1890564.0
261,ERR2935805,MEGAHIT,Pseudomonas aeruginosa,6792330.0,1890581.0
262,ERR2935805,MEGAHIT,Pseudomonas aeruginosa,6792330.0,1890596.0
263,ERR2935805,MEGAHIT,Pseudomonas aeruginosa,6792330.0,1890611.0
264,ERR2935805,MEGAHIT,Pseudomonas aeruginosa,6792330.0,1890624.0
265,ERR2935805,MEGAHIT,Pseudomonas aeruginosa,6792330.0,1890629.0
266,ERR2935805,MEGAHIT,Pseudomonas aeruginosa,6792330.0,1890632.0
267,ERR2935805,MEGAHIT,Pseudomonas aeruginosa,6792330.0,1890636.0
268,ERR2935805,MEGAHIT,Pseudomonas aeruginosa,6792330.0,1890638.0
269,ERR2935805,MEGAHIT,Pseudomonas aeruginosa,6792330.0,1890641.0
270,ERR2935805,MEGAHIT,Pseudomonas aeruginosa,6792330.0,1890644.0
271,ERR2935805,MEGAHIT,Pseudomonas aeruginosa,6792330.0,1890647.0
272,ERR2935805,MEGAHIT,Pseudomonas aeruginosa,6792330.0,1890671.0
273,ERR2935805,MEGAHIT,Pseudomonas aeruginosa,6792330.0,1890674.0
274,ERR2935805,MEGAHIT,Pseudomonas aeruginosa,6792330.0,1890689.0
275,ERR2935805,MEGAHIT,Pseudomonas aeruginosa,6792330.0,1890710.0
276,ERR2935805,MEGAHIT,Pseudomonas aeruginosa,6792330.0,1890741.0
277,ERR2935805,MEGAHIT,Pseudomonas aeruginosa,6792330.0,1890806.0
278,ERR2935805,MEGAHIT,Pseudomonas aeruginosa,6792330.0,1890807.0
279,ERR2935805,MEGAHIT,Pseudomonas aeruginosa,6792330.0,1890808.0
280,ERR2935805,MEGAHIT,Pseudomonas aeruginosa,6792330.0,1890809.0
281,ERR2935805,MEGAHIT,Pseudomonas aeruginosa,6792330.0,1890815.0
282,ERR2935805,MEGAHIT,Pseudomonas aeruginosa,6792330.0,1890846.0
283,ERR2935805,MEGAHIT,Pseudomonas aeruginosa,6792330.0,1890871.0
284,ERR2935805,MEGAHIT,Pseudomonas aeruginosa,6792330.0,1890904.0
285,ERR2935805,MEGAHIT,Pseudomonas aeruginosa,6792330.0,3931676.0
286,ERR2935805,MEGAHIT,Pseudomonas aeruginosa,6792330.0,3931699.0
287,ERR2935805,MEGAHIT,Pseudomonas aeruginosa,6792330.0,3931727.0
288,ERR2935805,MEGAHIT,Pseudomonas aeruginosa,6792330.0,3931736.0
289,ERR2935805,MEGAHIT,Pseudomonas aeruginosa,6792330.0,3548164
290,ERR2935805,MEGAHIT,Pseudomonas aeruginosa,6792330.0,3549419
291,ERR2935805,MEGAHIT,Pseudomonas aeruginosa,6792330.0,3549953
292,ERR2935805,MEGAHIT,Pseudomonas aeruginosa,6792330.0,3550277
293,ERR2935805,MEGAHIT,Pseudomonas aeruginosa,6792330.0,3550280
294,ERR2935805,MEGAHIT,Pseudomonas aeruginosa,6792330.0,3550926
295,ERR2935805,MEGAHIT,Pseudomonas aeruginosa,6792330.0,3550976
296,ERR2935805,MEGAHIT,Pseudomonas aeruginosa,6792330.0,3550991
297,ERR2935805,MEGAHIT,Pseudomonas aeruginosa,6792330.0,3551575
298,ERR2935805,MEGAHIT,Pseudomonas aeruginosa,6792330.0,3551578
299,ERR2935805,MEGAHIT,Pseudomonas aeruginosa,6792330.0,3551734
300,ERR2935805,MEGAHIT,Pseudomonas aeruginosa,6792330.0,3552438
301,ERR2935805,MEGAHIT,Pseudomonas aeruginosa,6792330.0,3552492
302,ERR2935805,MEGAHIT,Pseudomonas aeruginosa,6792330.0,2718563.0
303,ERR2935805,MEGAHIT,Pseudomonas aeruginosa,6792330.0,2715001
304,ERR2935805,MEGAHIT,Pseudomonas aeruginosa,6792330.0,2715025
305,ERR2935805,MEGAHIT,Pseudomonas aeruginosa,6792330.0,2715211
306,ERR2935805,MEGAHIT,Pseudomonas aeruginosa,6792330.0,2715286
307,ERR2935805,MEGAHIT,Pseudomonas aeruginosa,6792330.0,2715343
308,ERR2935805,MEGAHIT,Pseudomonas aeruginosa,6792330.0,2715769
309,ERR2935805,MEGAHIT,Pseudomonas aeruginosa,6792330.0,2716683
310,ERR2935805,MEGAHIT,Pseudomonas aeruginosa,6792330.0,2716923
311,ERR2935805,MEGAHIT,Pseudomonas aeruginosa,6792330.0,2716964
312,ERR2935805,MEGAHIT,Pseudomonas aeruginosa,6792330.0,2854510.0
313,ERR2935805,MEGAHIT,Pseudomonas aeruginosa,6792330.0,4936956.0
314,ERR2935805,MEGAHIT,Pseudomonas aeruginosa,6792330.0,4940365.0
315,ERR2935805,MEGAHIT,Pseudomonas aeruginosa,6792330.0,4940392.0
316,ERR2935805,MEGAHIT,Pseudomonas aeruginosa,6792330.0,6618925
317,ERR2935805,MEGAHIT,Pseudomonas aeruginosa,6792330.0,2828144.0
318,ERR2935805,MEGAHIT,Pseudomonas aeruginosa,6792330.0,2828164.0
319,ERR2935805,MEGAHIT,Pseudomonas aeruginosa,6792330.0,2828281.0
320,ERR2935805,MEGAHIT,Pseudomonas aeruginosa,6792330.0,2828311.0
321,ERR2935805,MEGAHIT,Pseudomonas aeruginosa,6792330.0,2828315.0
322,ERR2935805,MEGAHIT,Pseudomonas aeruginosa,6792330.0,2828348.0
323,ERR2935805,MEGAHIT,Pseudomonas aeruginosa,6792330.0,2828362.0
324,ERR2935805,MEGAHIT,Pseudomonas aeruginosa,6792330.0,2828368.0
325,ERR2935805,MEGAHIT,Pseudomonas aeruginosa,6792330.0,2828383.0
326,ERR2935805,MEGAHIT,Pseudomonas aeruginosa,6792330.0,2828385.0
327,ERR2935805,MEGAHIT,Pseudomonas aeruginosa,6792330.0,2828386.0
328,ERR2935805,MEGAHIT,Pseudomonas aeruginosa,6792330.0,2828388.0
329,ERR2935805,MEGAHIT,Pseudomonas aeruginosa,6792330.0,2828389.0
330,ERR2935805,MEGAHIT,Pseudomonas aeruginosa,6792330.0,2828391.0
331,ERR2935805,MEGAHIT,Pseudomonas aeruginosa,6792330.0,2828392.0
332,ERR2935805,MEGAHIT,Pseudomonas aeruginosa,6792330.0,2828393.0
333,ERR2935805,MEGAHIT,Pseudomonas aeruginosa,6792330.0,2828399.0
334,ERR2935805,MEGAHIT,Pseudomonas aeruginosa,6792330.0,2828407.0
335,ERR2935805,MEGAHIT,Pseudomonas aeruginosa,6792330.0,2828408.0
336,ERR2935805,MEGAHIT,Pseudomonas aeruginosa,6792330.0,2828411.0
337,ERR2935805,MEGAHIT,Pseudomonas aeruginosa,6792330.0,2828412.0
338,ERR2935805,MEGAHIT,Pseudomonas aeruginosa,6792330.0,2828415.0
339,ERR2935805,MEGAHIT,Pseudomonas aeruginosa,6792330.0,2828416.0
340,ERR2935805,MEGAHIT,Pseudomonas aeruginosa,6792330.0,2828418.0
341,ERR2935805,MEGAHIT,Pseudomonas aeruginosa,6792330.0,2828425.0
342,ERR2935805,MEGAHIT,Pseudomonas aeruginosa,6792330.0,2828427.0
343,ERR2935805,MEGAHIT,Pseudomonas aeruginosa,6792330.0,2828428.0
344,ERR2935805,MEGAHIT,Pseudomonas aeruginosa,6792330.0,2828429.0
345,ERR2935805,MEGAHIT,Pseudomonas aeruginosa,6792330.0,2828431.0
346,ERR2935805,MEGAHIT,Pseudomonas aeruginosa,6792330.0,2828432.0
347,ERR2935805,MEGAHIT,Pseudomonas aeruginosa,6792330.0,2828434.0
348,ERR2935805,MEGAHIT,Pseudomonas aeruginosa,6792330.0,2828437.0
349,ERR2935805,MEGAHIT,Pseudomonas aeruginosa,6792330.0,2828438.0
350,ERR2935805,MEGAHIT,Pseudomonas aeruginosa,6792330.0,2828440.0
351,ERR2935805,MEGAHIT,Pseudomonas aeruginosa,6792330.0,2828449.0
352,ERR2935805,MEGAHIT,Pseudomonas aeruginosa,6792330.0,2828452.0
353,ERR2935805,MEGAHIT,Pseudomonas aeruginosa,6792330.0,2828476.0
354,ERR2935805,MEGAHIT,Pseudomonas aeruginosa,6792330.0,2828485.0
355,ERR2935805,MEGAHIT,Pseudomonas aeruginosa,6792330.0,2828512.0
356,ERR2935805,MEGAHIT,Pseudomonas aeruginosa,6792330.0,2828530.0
357,ERR2935805,MEGAHIT,Pseudomonas aeruginosa,6792330.0,2828557.0
358,ERR2935805,MEGAHIT,Pseudomonas aeruginosa,6792330.0,2828569.0
359,ERR2935805,MEGAHIT,Pseudomonas aeruginosa,6792330.0,2828633.0
360,ERR2935805,MEGAHIT,Pseudomonas aeruginosa,6792330.0,2828659.0
361,ERR2935805,MEGAHIT,Pseudomonas aeruginosa,6792330.0,2828683.0
362,ERR2935805,MEGAHIT,Pseudomonas aeruginosa,6792330.0,2828699.0
363,ERR2935805,MEGAHIT,Pseudomonas aeruginosa,6792330.0,2828710.0
364,ERR2935805,MEGAHIT,Pseudomonas aeruginosa,6792330.0,2828770.0
365,ERR2935805,MEGAHIT,Pseudomonas aeruginosa,6792330.0,2828775.0
366,ERR2935805,MEGAHIT,Pseudomonas aeruginosa,6792330.0,2828781.0
367,ERR2935805,MEGAHIT,Pseudomonas aeruginosa,6792330.0,2828815.0
368,ERR2935805,MEGAHIT,Pseudomonas aeruginosa,6792330.0,2828839.0
369,ERR2935805,MEGAHIT,Pseudomonas aeruginosa,6792330.0,2829055.0
370,ERR2935805,MEGAHIT,Pseudomonas aeruginosa,6792330.0,2724349.0
371,ERR2935805,MEGAHIT,Pseudomonas aeruginosa,6792330.0,3931727
372,ERR2935805,MEGAHIT,Pseudomonas aeruginosa,6792330.0,3931736
373,ERR2935805,MEGAHIT,Pseudomonas aeruginosa,6792330.0,3931826
374,ERR2935805,MEGAHIT,Pseudomonas aeruginosa,6792330.0,3931829
375,ERR2935805,MEGAHIT,Pseudomonas aeruginosa,6792330.0,3931853
376,ERR2935805,MEGAHIT,Pseudomonas aeruginosa,6792330.0,3931872
377,ERR2935805,MEGAHIT,Pseudomonas aeruginosa,6792330.0,3931884
378,ERR2935805,MEGAHIT,Pseudomonas aeruginosa,6792330.0,3931896
379,ERR2935805,MEGAHIT,Pseudomonas aeruginosa,6792330.0,3931900
380,ERR2935805,MEGAHIT,Pseudomonas aeruginosa,6792330.0,3931901
381,ERR2935805,MEGAHIT,Pseudomonas aeruginosa,6792330.0,3931904
382,ERR2935805,MEGAHIT,Pseudomonas aeruginosa,6792330.0,3931908
383,ERR2935805,MEGAHIT,Pseudomonas aeruginosa,6792330.0,3931909
384,ERR2935805,MEGAHIT,Pseudomonas aeruginosa,6792330.0,3931912
385,ERR2935805,MEGAHIT,Pseudomonas aeruginosa,6792330.0,3931923
386,ERR2935805,MEGAHIT,Pseudomonas aeruginosa,6792330.0,3978874
387,ERR2935805,MEGAHIT,Pseudomonas aeruginosa,6792330.0,2429461
388,ERR2935805,MEGAHIT,Pseudomonas aeruginosa,6792330.0,2426365.0
389,ERR2935805,MEGAHIT,Pseudomonas aeruginosa,6792330.0,2426374.0
390,ERR2935805,MEGAHIT,Pseudomonas aeruginosa,6792330.0,2426389.0
391,ERR2935805,MEGAHIT,Pseudomonas aeruginosa,6792330.0,2426483.0
392,ERR2935805,MEGAHIT,Pseudomonas aeruginosa,6792330.0,4940365
393,ERR2935805,MEGAHIT,Pseudomonas aeruginosa,6792330.0,4940392
394,ERR2935805,MEGAHIT,Pseudomonas aeruginosa,6792330.0,3136814.0
395,ERR2935805,MEGAHIT,Pseudomonas aeruginosa,6792330.0,5398257.0
396,ERR2935805,MEGAHIT,Pseudomonas aeruginosa,6792330.0,5398269.0
397,ERR2935805,MEGAHIT,Pseudomonas aeruginosa,6792330.0,5398307.0
398,ERR2935805,MEGAHIT,Pseudomonas aeruginosa,6792330.0,5398308.0
399,ERR2935805,MEGAHIT,Pseudomonas aeruginosa,6792330.0,5398323.0
400,ERR2935805,MEGAHIT,Pseudomonas aeruginosa,6792330.0,5454644.0
401,ERR2935805,MEGAHIT,Pseudomonas aeruginosa,6792330.0,5454841.0
402,ERR2935805,MEGAHIT,Pseudomonas aeruginosa,6792330.0,5454994.0
403,ERR2935805,MEGAHIT,Pseudomonas aeruginosa,6792330.0,5456505.0
404,ERR2935805,MEGAHIT,Pseudomonas aeruginosa,6792330.0,5456517.0
405,ERR2935805,MEGAHIT,Pseudomonas aeruginosa,6792330.0,5456970.0
406,ERR2935805,MEGAHIT,Pseudomonas aeruginosa,6792330.0,5457006.0
407,ERR2935805,MEGAHIT,Pseudomonas aeruginosa,6792330.0,5457008.0
408,ERR2935805,MEGAHIT,Pseudomonas aeruginosa,6792330.0,5457020.0
409,ERR2935805,MEGAHIT,Pseudomonas aeruginosa,6792330.0,5457028.0
410,ERR2935805,MEGAHIT,Pseudomonas aeruginosa,6792330.0,5457029.0
411,ERR2935805,MEGAHIT,Pseudomonas aeruginosa,6792330.0,5457033.0
412,ERR2935805,MEGAHIT,Pseudomonas aeruginosa,6792330.0,5457034.0
413,ERR2935805,MEGAHIT,Pseudomonas aeruginosa,6792330.0,5457061.0
414,ERR2935805,MEGAHIT,Pseudomonas aeruginosa,6792330.0,5457070.0
415,ERR2935805,MEGAHIT,Pseudomonas aeruginosa,6792330.0,5457078.0
416,ERR2935805,MEGAHIT,Pseudomonas aeruginosa,6792330.0,5457081.0
417,ERR2935805,MEGAHIT,Pseudomonas aeruginosa,6792330.0,2835496.0
418,ERR2935805,MEGAHIT,Pseudomonas aeruginosa,6792330.0,2835547.0
419,ERR2935805,MEGAHIT,Pseudomonas aeruginosa,6792330.0,2835548.0
420,ERR2935805,MEGAHIT,Pseudomonas aeruginosa,6792330.0,2835549.0
421,ERR2935805,MEGAHIT,Pseudomonas aeruginosa,6792330.0,2835550.0
422,ERR2935805,MEGAHIT,Pseudomonas aeruginosa,6792330.0,2835589.0
423,ERR2935805,MEGAHIT,Pseudomonas aeruginosa,6792330.0,430267.0
424,ERR2935805,MEGAHIT,Pseudomonas aeruginosa,6792330.0,430333.0
425,ERR2935805,MEGAHIT,Pseudomonas aeruginosa,6792330.0,430447.0
426,ERR2935805,MEGAHIT,Salmonella enterica,4759746.0,1967024
427,ERR2935805,MEGAHIT,Salmonella enterica,4759746.0,965.0
428,ERR2935805,MEGAHIT,Salmonella enterica,4759746.0,984.0
429,ERR2935805,MEGAHIT,Salmonella enterica,4759746.0,1000.0
430,ERR2935805,MEGAHIT,Salmonella enterica,4759746.0,1001.0
431,ERR2935805,MEGAHIT,Salmonella enterica,4759746.0,1003.0
432,ERR2935805,MEGAHIT,Salmonella enterica,4759746.0,2774781.0
433,ERR2935805,MEGAHIT,Salmonella enterica,4759746.0,2775064.0
434,ERR2935805,MEGAHIT,Salmonella enterica,4759746.0,2775144.0
435,ERR2935805,MEGAHIT,Salmonella enterica,4759746.0,2775166.0
436,ERR2935805,MEGAHIT,Salmonella enterica,4759746.0,2775634.0
437,ERR2935805,MEGAHIT,Salmonella enterica,4759746.0,2775638.0
438,ERR2935805,MEGAHIT,Salmonella enterica,4759746.0,2775639.0
439,ERR2935805,MEGAHIT,Salmonella enterica,4759746.0,2775640.0
440,ERR2935805,MEGAHIT,Salmonella enterica,4759746.0,2776055.0
441,ERR2935805,MEGAHIT,Salmonella enterica,4759746.0,2776301.0
442,ERR2935805,MEGAHIT,Salmonella enterica,4759746.0,2776309.0
443,ERR2935805,MEGAHIT,Salmonella enterica,4759746.0,2776310.0
444,ERR2935805,MEGAHIT,Salmonella enterica,4759746.0,2776319.0
445,ERR2935805,MEGAHIT,Salmonella enterica,4759746.0,2776320.0
446,ERR2935805,MEGAHIT,Salmonella enterica,4759746.0,2776570.0
447,ERR2935805,MEGAHIT,Salmonella enterica,4759746.0,2776571.0
448,ERR2935805,MEGAHIT,Salmonella enterica,4759746.0,2776572.0
449,ERR2935805,MEGAHIT,Salmonella enterica,4759746.0,2776575.0
450,ERR2935805,MEGAHIT,Salmonella enterica,4759746.0,2776583.0
451,ERR2935805,MEGAHIT,Salmonella enterica,4759746.0,2776594.0
452,ERR2935805,MEGAHIT,Salmonella enterica,4759746.0,2776596.0
453,ERR2935805,MEGAHIT,Salmonella enterica,4759746.0,2776597.0
454,ERR2935805,MEGAHIT,Salmonella enterica,4759746.0,2776599.0
455,ERR2935805,MEGAHIT,Salmonella enterica,4759746.0,2776602.0
456,ERR2935805,MEGAHIT,Salmonella enterica,4759746.0,2776603.0
457,ERR2935805,MEGAHIT,Salmonella enterica,4759746.0,2776974.0
458,ERR2935805,MEGAHIT,Salmonella enterica,4759746.0,2777224.0
459,ERR2935805,MEGAHIT,Salmonella enterica,4759746.0,2777229.0
460,ERR2935805,MEGAHIT,Salmonella enterica,4759746.0,2777255.0
461,ERR2935805,MEGAHIT,Salmonella enterica,4759746.0,2815638.0
462,ERR2935805,MEGAHIT,Salmonella enterica,4759746.0,2815640.0
463,ERR2935805,MEGAHIT,Salmonella enterica,4759746.0,2815643.0
464,ERR2935805,MEGAHIT,Salmonella enterica,4759746.0,2816030.0
465,ERR2935805,MEGAHIT,Salmonella enterica,4759746.0,2816039.0
466,ERR2935805,MEGAHIT,Salmonella enterica,4759746.0,2816405.0
467,ERR2935805,MEGAHIT,Salmonella enterica,4759746.0,2816406.0
468,ERR2935805,MEGAHIT,Salmonella enterica,4759746.0,2816407.0
469,ERR2935805,MEGAHIT,Salmonella enterica,4759746.0,2816409.0
470,ERR2935805,MEGAHIT,Salmonella enterica,4759746.0,2816410.0
471,ERR2935805,MEGAHIT,Salmonella enterica,4759746.0,2816411.0
472,ERR2935805,MEGAHIT,Salmonella enterica,4759746.0,2816422.0
473,ERR2935805,MEGAHIT,Salmonella enterica,4759746.0,2816423.0
474,ERR2935805,MEGAHIT,Salmonella enterica,4759746.0,2816424.0
475,ERR2935805,MEGAHIT,Salmonella enterica,4759746.0,2816427.0
476,ERR2935805,MEGAHIT,Salmonella enterica,4759746.0,710320.0
477,ERR2935805,MEGAHIT,Salmonella enterica,4759746.0,710409.0
478,ERR2935805,MEGAHIT,Salmonella enterica,4759746.0,710490.0
479,ERR2935805,MEGAHIT,Salmonella enterica,4759746.0,710493.0
480,ERR2935805,MEGAHIT,Salmonella enterica,4759746.0,710538.0
481,ERR2935805,MEGAHIT,Salmonella enterica,4759746.0,710547.0
482,ERR2935805,MEGAHIT,Salmonella enterica,4759746.0,710550.0
483,ERR2935805,MEGAHIT,Salmonella enterica,4759746.0,710730.0
484,ERR2935805,MEGAHIT,Salmonella enterica,4759746.0,710748.0
485,ERR2935805,MEGAHIT,Salmonella enterica,4759746.0,3945287.0
486,ERR2935805,MEGAHIT,Salmonella enterica,4759746.0,3311550.0
