,Sample,Assembler,Reference,Reference Length,SNP Location
0,ERR2935805,MINIA,Bacillus subtilis,4045677.0,2785920
1,ERR2935805,MINIA,Bacillus subtilis,4045677.0,2785925
2,ERR2935805,MINIA,Bacillus subtilis,4045677.0,2785926
3,ERR2935805,MINIA,Bacillus subtilis,4045677.0,2785931
4,ERR2935805,MINIA,Bacillus subtilis,4045677.0,3822715.0
5,ERR2935805,MINIA,Bacillus subtilis,4045677.0,2342180.0
6,ERR2935805,MINIA,Bacillus subtilis,4045677.0,2342181.0
7,ERR2935805,MINIA,Bacillus subtilis,4045677.0,1324922
8,ERR2935805,MINIA,Pseudomonas aeruginosa,6792330.0,5581686.0
