,Sample,Assembler,Reference,Reference Length,SNP Location
0,ERR2984773,Unicycler,Bacillus subtilis,4045677.0,1810041.0
1,ERR2984773,Unicycler,Bacillus subtilis,4045677.0,1810042.0
2,ERR2984773,Unicycler,Enterococcus faecalis,2845392.0,539443.0
3,ERR2984773,Unicycler,Enterococcus faecalis,2845392.0,539449.0
4,ERR2984773,Unicycler,Enterococcus faecalis,2845392.0,539617.0
5,ERR2984773,Unicycler,Enterococcus faecalis,2845392.0,1805340.0
6,ERR2984773,Unicycler,Enterococcus faecalis,2845392.0,1805341.0
7,ERR2984773,Unicycler,Enterococcus faecalis,2845392.0,1805346.0
8,ERR2984773,Unicycler,Enterococcus faecalis,2845392.0,1805347.0
9,ERR2984773,Unicycler,Escherichia coli,4765434.0,4386030.0
10,ERR2984773,Unicycler,Escherichia coli,4765434.0,2960177.0
11,ERR2984773,Unicycler,Escherichia coli,4765434.0,3191610.0
12,ERR2984773,Unicycler,Escherichia coli,4765434.0,1001766.0
13,ERR2984773,Unicycler,Escherichia coli,4765434.0,1001772.0
14,ERR2984773,Unicycler,Escherichia coli,4765434.0,1102335.0
15,ERR2984773,Unicycler,Escherichia coli,4765434.0,1102341.0
16,ERR2984773,Unicycler,Escherichia coli,4765434.0,1102344.0
17,ERR2984773,Unicycler,Escherichia coli,4765434.0,1102359.0
18,ERR2984773,Unicycler,Escherichia coli,4765434.0,1102365.0
19,ERR2984773,Unicycler,Escherichia coli,4765434.0,1102371.0
20,ERR2984773,Unicycler,Escherichia coli,4765434.0,1102374.0
21,ERR2984773,Unicycler,Escherichia coli,4765434.0,1776099.0
22,ERR2984773,Unicycler,Escherichia coli,4765434.0,1584838.0
23,ERR2984773,Unicycler,Escherichia coli,4765434.0,1584896.0
24,ERR2984773,Unicycler,Escherichia coli,4765434.0,1584936.0
25,ERR2984773,Unicycler,Escherichia coli,4765434.0,4553846.0
26,ERR2984773,Unicycler,Escherichia coli,4765434.0,4591231.0
27,ERR2984773,Unicycler,Escherichia coli,4765434.0,4591232.0
28,ERR2984773,Unicycler,Escherichia coli,4765434.0,4591233.0
29,ERR2984773,Unicycler,Escherichia coli,4765434.0,4591235.0
30,ERR2984773,Unicycler,Escherichia coli,4765434.0,4591236.0
31,ERR2984773,Unicycler,Escherichia coli,4765434.0,4591252.0
32,ERR2984773,Unicycler,Escherichia coli,4765434.0,4591277.0
33,ERR2984773,Unicycler,Escherichia coli,4765434.0,3480394.0
34,ERR2984773,Unicycler,Escherichia coli,4765434.0,3480415.0
35,ERR2984773,Unicycler,Escherichia coli,4765434.0,3480421.0
36,ERR2984773,Unicycler,Escherichia coli,4765434.0,3480426.0
37,ERR2984773,Unicycler,Escherichia coli,4765434.0,3480430.0
38,ERR2984773,Unicycler,Escherichia coli,4765434.0,3480436.0
39,ERR2984773,Unicycler,Escherichia coli,4765434.0,3480469.0
40,ERR2984773,Unicycler,Escherichia coli,4765434.0,3480477.0
41,ERR2984773,Unicycler,Escherichia coli,4765434.0,3480479.0
42,ERR2984773,Unicycler,Escherichia coli,4765434.0,3480511.0
43,ERR2984773,Unicycler,Escherichia coli,4765434.0,3480534.0
44,ERR2984773,Unicycler,Escherichia coli,4765434.0,1041131.0
45,ERR2984773,Unicycler,Escherichia coli,4765434.0,1041132.0
46,ERR2984773,Unicycler,Escherichia coli,4765434.0,1041158.0
47,ERR2984773,Unicycler,Escherichia coli,4765434.0,1041306.0
48,ERR2984773,Unicycler,Escherichia coli,4765434.0,1571708.0
49,ERR2984773,Unicycler,Escherichia coli,4765434.0,1571711.0
50,ERR2984773,Unicycler,Escherichia coli,4765434.0,1571721.0
51,ERR2984773,Unicycler,Escherichia coli,4765434.0,1571747.0
52,ERR2984773,Unicycler,Escherichia coli,4765434.0,1571749.0
53,ERR2984773,Unicycler,Escherichia coli,4765434.0,1571750.0
54,ERR2984773,Unicycler,Escherichia coli,4765434.0,1571759.0
55,ERR2984773,Unicycler,Escherichia coli,4765434.0,1571786.0
56,ERR2984773,Unicycler,Escherichia coli,4765434.0,1572224.0
57,ERR2984773,Unicycler,Escherichia coli,4765434.0,1572227.0
58,ERR2984773,Unicycler,Escherichia coli,4765434.0,1116924.0
59,ERR2984773,Unicycler,Escherichia coli,4765434.0,1116987.0
60,ERR2984773,Unicycler,Escherichia coli,4765434.0,1116990.0
61,ERR2984773,Unicycler,Escherichia coli,4765434.0,1116999.0
62,ERR2984773,Unicycler,Escherichia coli,4765434.0,1117002.0
63,ERR2984773,Unicycler,Escherichia coli,4765434.0,1117005.0
64,ERR2984773,Unicycler,Escherichia coli,4765434.0,1117008.0
65,ERR2984773,Unicycler,Escherichia coli,4765434.0,1117013.0
66,ERR2984773,Unicycler,Escherichia coli,4765434.0,1117032.0
67,ERR2984773,Unicycler,Escherichia coli,4765434.0,1117035.0
68,ERR2984773,Unicycler,Escherichia coli,4765434.0,1117038.0
69,ERR2984773,Unicycler,Escherichia coli,4765434.0,1117053.0
70,ERR2984773,Unicycler,Escherichia coli,4765434.0,1117062.0
71,ERR2984773,Unicycler,Escherichia coli,4765434.0,1117071.0
72,ERR2984773,Unicycler,Escherichia coli,4765434.0,1117166.0
73,ERR2984773,Unicycler,Escherichia coli,4765434.0,1117178.0
74,ERR2984773,Unicycler,Escherichia coli,4765434.0,1117182.0
75,ERR2984773,Unicycler,Escherichia coli,4765434.0,1117184.0
76,ERR2984773,Unicycler,Escherichia coli,4765434.0,1117200.0
77,ERR2984773,Unicycler,Escherichia coli,4765434.0,1117214.0
78,ERR2984773,Unicycler,Escherichia coli,4765434.0,1117215.0
79,ERR2984773,Unicycler,Escherichia coli,4765434.0,1117224.0
80,ERR2984773,Unicycler,Escherichia coli,4765434.0,1117227.0
81,ERR2984773,Unicycler,Escherichia coli,4765434.0,1117236.0
82,ERR2984773,Unicycler,Escherichia coli,4765434.0,1117242.0
83,ERR2984773,Unicycler,Escherichia coli,4765434.0,1117243.0
84,ERR2984773,Unicycler,Escherichia coli,4765434.0,1117245.0
85,ERR2984773,Unicycler,Escherichia coli,4765434.0,1117248.0
86,ERR2984773,Unicycler,Escherichia coli,4765434.0,1117256.0
87,ERR2984773,Unicycler,Escherichia coli,4765434.0,1260668.0
88,ERR2984773,Unicycler,Escherichia coli,4765434.0,1570257.0
89,ERR2984773,Unicycler,Escherichia coli,4765434.0,1570273.0
90,ERR2984773,Unicycler,Escherichia coli,4765434.0,1570274.0
91,ERR2984773,Unicycler,Escherichia coli,4765434.0,1570276.0
92,ERR2984773,Unicycler,Escherichia coli,4765434.0,1570277.0
93,ERR2984773,Unicycler,Escherichia coli,4765434.0,1570286.0
94,ERR2984773,Unicycler,Escherichia coli,4765434.0,1570297.0
95,ERR2984773,Unicycler,Escherichia coli,4765434.0,1570298.0
96,ERR2984773,Unicycler,Escherichia coli,4765434.0,1570318.0
97,ERR2984773,Unicycler,Escherichia coli,4765434.0,1570331.0
98,ERR2984773,Unicycler,Escherichia coli,4765434.0,907930.0
99,ERR2984773,Unicycler,Escherichia coli,4765434.0,907966.0
100,ERR2984773,Unicycler,Escherichia coli,4765434.0,908075.0
101,ERR2984773,Unicycler,Escherichia coli,4765434.0,908090.0
102,ERR2984773,Unicycler,Escherichia coli,4765434.0,908966.0
103,ERR2984773,Unicycler,Escherichia coli,4765434.0,909019.0
104,ERR2984773,Unicycler,Escherichia coli,4765434.0,1265035.0
105,ERR2984773,Unicycler,Escherichia coli,4765434.0,1265058.0
106,ERR2984773,Unicycler,Escherichia coli,4765434.0,1265059.0
107,ERR2984773,Unicycler,Escherichia coli,4765434.0,1265068.0
108,ERR2984773,Unicycler,Escherichia coli,4765434.0,1265177.0
109,ERR2984773,Unicycler,Escherichia coli,4765434.0,1265189.0
110,ERR2984773,Unicycler,Escherichia coli,4765434.0,1265193.0
111,ERR2984773,Unicycler,Escherichia coli,4765434.0,3486953.0
112,ERR2984773,Unicycler,Escherichia coli,4765434.0,3679089.0
113,ERR2984773,Unicycler,Escherichia coli,4765434.0,1562751.0
114,ERR2984773,Unicycler,Escherichia coli,4765434.0,460375.0
115,ERR2984773,Unicycler,Escherichia coli,4765434.0,460424.0
116,ERR2984773,Unicycler,Escherichia coli,4765434.0,460478.0
117,ERR2984773,Unicycler,Escherichia coli,4765434.0,460832.0
118,ERR2984773,Unicycler,Lactobacillus fermentum,1905333.0,1595362.0
119,ERR2984773,Unicycler,Lactobacillus fermentum,1905333.0,1595582.0
120,ERR2984773,Unicycler,Lactobacillus fermentum,1905333.0,1438958.0
121,ERR2984773,Unicycler,Lactobacillus fermentum,1905333.0,36824.0
122,ERR2984773,Unicycler,Pseudomonas aeruginosa,6792330.0,3920438.0
123,ERR2984773,Unicycler,Pseudomonas aeruginosa,6792330.0,945895.0
124,ERR2984773,Unicycler,Pseudomonas aeruginosa,6792330.0,945946.0
125,ERR2984773,Unicycler,Pseudomonas aeruginosa,6792330.0,945949.0
126,ERR2984773,Unicycler,Pseudomonas aeruginosa,6792330.0,945985.0
127,ERR2984773,Unicycler,Pseudomonas aeruginosa,6792330.0,946021.0
128,ERR2984773,Unicycler,Pseudomonas aeruginosa,6792330.0,946030.0
129,ERR2984773,Unicycler,Pseudomonas aeruginosa,6792330.0,946032.0
130,ERR2984773,Unicycler,Pseudomonas aeruginosa,6792330.0,946043.0
131,ERR2984773,Unicycler,Pseudomonas aeruginosa,6792330.0,946060.0
132,ERR2984773,Unicycler,Pseudomonas aeruginosa,6792330.0,946072.0
133,ERR2984773,Unicycler,Pseudomonas aeruginosa,6792330.0,946075.0
134,ERR2984773,Unicycler,Pseudomonas aeruginosa,6792330.0,946080.0
135,ERR2984773,Unicycler,Pseudomonas aeruginosa,6792330.0,946084.0
136,ERR2984773,Unicycler,Pseudomonas aeruginosa,6792330.0,946087.0
137,ERR2984773,Unicycler,Pseudomonas aeruginosa,6792330.0,946090.0
138,ERR2984773,Unicycler,Pseudomonas aeruginosa,6792330.0,946093.0
139,ERR2984773,Unicycler,Pseudomonas aeruginosa,6792330.0,946095.0
140,ERR2984773,Unicycler,Pseudomonas aeruginosa,6792330.0,946096.0
141,ERR2984773,Unicycler,Pseudomonas aeruginosa,6792330.0,946099.0
142,ERR2984773,Unicycler,Pseudomonas aeruginosa,6792330.0,946102.0
143,ERR2984773,Unicycler,Pseudomonas aeruginosa,6792330.0,946105.0
144,ERR2984773,Unicycler,Pseudomonas aeruginosa,6792330.0,946107.0
145,ERR2984773,Unicycler,Pseudomonas aeruginosa,6792330.0,946108.0
146,ERR2984773,Unicycler,Pseudomonas aeruginosa,6792330.0,946111.0
147,ERR2984773,Unicycler,Pseudomonas aeruginosa,6792330.0,946128.0
148,ERR2984773,Unicycler,Pseudomonas aeruginosa,6792330.0,946148.0
149,ERR2984773,Unicycler,Pseudomonas aeruginosa,6792330.0,946149.0
150,ERR2984773,Unicycler,Pseudomonas aeruginosa,6792330.0,946190.0
151,ERR2984773,Unicycler,Pseudomonas aeruginosa,6792330.0,946207.0
152,ERR2984773,Unicycler,Pseudomonas aeruginosa,6792330.0,946213.0
153,ERR2984773,Unicycler,Pseudomonas aeruginosa,6792330.0,946222.0
154,ERR2984773,Unicycler,Pseudomonas aeruginosa,6792330.0,946234.0
155,ERR2984773,Unicycler,Pseudomonas aeruginosa,6792330.0,946242.0
156,ERR2984773,Unicycler,Pseudomonas aeruginosa,6792330.0,946245.0
157,ERR2984773,Unicycler,Pseudomonas aeruginosa,6792330.0,946254.0
158,ERR2984773,Unicycler,Pseudomonas aeruginosa,6792330.0,946258.0
159,ERR2984773,Unicycler,Pseudomonas aeruginosa,6792330.0,946270.0
160,ERR2984773,Unicycler,Pseudomonas aeruginosa,6792330.0,946339.0
161,ERR2984773,Unicycler,Pseudomonas aeruginosa,6792330.0,946351.0
162,ERR2984773,Unicycler,Pseudomonas aeruginosa,6792330.0,946372.0
163,ERR2984773,Unicycler,Pseudomonas aeruginosa,6792330.0,946374.0
164,ERR2984773,Unicycler,Pseudomonas aeruginosa,6792330.0,946393.0
165,ERR2984773,Unicycler,Pseudomonas aeruginosa,6792330.0,946402.0
166,ERR2984773,Unicycler,Pseudomonas aeruginosa,6792330.0,946423.0
167,ERR2984773,Unicycler,Pseudomonas aeruginosa,6792330.0,946446.0
168,ERR2984773,Unicycler,Pseudomonas aeruginosa,6792330.0,946449.0
169,ERR2984773,Unicycler,Pseudomonas aeruginosa,6792330.0,946459.0
170,ERR2984773,Unicycler,Pseudomonas aeruginosa,6792330.0,946477.0
171,ERR2984773,Unicycler,Pseudomonas aeruginosa,6792330.0,946533.0
172,ERR2984773,Unicycler,Pseudomonas aeruginosa,6792330.0,946556.0
173,ERR2984773,Unicycler,Pseudomonas aeruginosa,6792330.0,1889532.0
174,ERR2984773,Unicycler,Pseudomonas aeruginosa,6792330.0,1889682.0
175,ERR2984773,Unicycler,Pseudomonas aeruginosa,6792330.0,1889691.0
176,ERR2984773,Unicycler,Pseudomonas aeruginosa,6792330.0,1889694.0
177,ERR2984773,Unicycler,Pseudomonas aeruginosa,6792330.0,1889697.0
178,ERR2984773,Unicycler,Pseudomonas aeruginosa,6792330.0,1889716.0
179,ERR2984773,Unicycler,Pseudomonas aeruginosa,6792330.0,1889724.0
180,ERR2984773,Unicycler,Pseudomonas aeruginosa,6792330.0,1889748.0
181,ERR2984773,Unicycler,Pseudomonas aeruginosa,6792330.0,1889761.0
182,ERR2984773,Unicycler,Pseudomonas aeruginosa,6792330.0,1889830.0
183,ERR2984773,Unicycler,Pseudomonas aeruginosa,6792330.0,1889835.0
184,ERR2984773,Unicycler,Pseudomonas aeruginosa,6792330.0,1889841.0
185,ERR2984773,Unicycler,Pseudomonas aeruginosa,6792330.0,1889868.0
186,ERR2984773,Unicycler,Pseudomonas aeruginosa,6792330.0,1889871.0
187,ERR2984773,Unicycler,Pseudomonas aeruginosa,6792330.0,1889895.0
188,ERR2984773,Unicycler,Pseudomonas aeruginosa,6792330.0,1889901.0
189,ERR2984773,Unicycler,Pseudomonas aeruginosa,6792330.0,1889916.0
190,ERR2984773,Unicycler,Pseudomonas aeruginosa,6792330.0,1889988.0
191,ERR2984773,Unicycler,Pseudomonas aeruginosa,6792330.0,1890013.0
192,ERR2984773,Unicycler,Pseudomonas aeruginosa,6792330.0,1890015.0
193,ERR2984773,Unicycler,Pseudomonas aeruginosa,6792330.0,1890033.0
194,ERR2984773,Unicycler,Pseudomonas aeruginosa,6792330.0,1890045.0
195,ERR2984773,Unicycler,Pseudomonas aeruginosa,6792330.0,1890063.0
196,ERR2984773,Unicycler,Pseudomonas aeruginosa,6792330.0,1890066.0
197,ERR2984773,Unicycler,Pseudomonas aeruginosa,6792330.0,1890075.0
198,ERR2984773,Unicycler,Pseudomonas aeruginosa,6792330.0,1890078.0
199,ERR2984773,Unicycler,Pseudomonas aeruginosa,6792330.0,1890090.0
200,ERR2984773,Unicycler,Pseudomonas aeruginosa,6792330.0,1890096.0
201,ERR2984773,Unicycler,Pseudomonas aeruginosa,6792330.0,1890132.0
202,ERR2984773,Unicycler,Pseudomonas aeruginosa,6792330.0,1890148.0
203,ERR2984773,Unicycler,Pseudomonas aeruginosa,6792330.0,1890165.0
204,ERR2984773,Unicycler,Pseudomonas aeruginosa,6792330.0,1890168.0
205,ERR2984773,Unicycler,Pseudomonas aeruginosa,6792330.0,1890184.0
206,ERR2984773,Unicycler,Pseudomonas aeruginosa,6792330.0,1890193.0
207,ERR2984773,Unicycler,Pseudomonas aeruginosa,6792330.0,1890225.0
208,ERR2984773,Unicycler,Pseudomonas aeruginosa,6792330.0,1890270.0
209,ERR2984773,Unicycler,Pseudomonas aeruginosa,6792330.0,1890279.0
210,ERR2984773,Unicycler,Pseudomonas aeruginosa,6792330.0,1890285.0
211,ERR2984773,Unicycler,Pseudomonas aeruginosa,6792330.0,1890305.0
212,ERR2984773,Unicycler,Pseudomonas aeruginosa,6792330.0,1890316.0
213,ERR2984773,Unicycler,Pseudomonas aeruginosa,6792330.0,1890343.0
214,ERR2984773,Unicycler,Pseudomonas aeruginosa,6792330.0,1890350.0
215,ERR2984773,Unicycler,Pseudomonas aeruginosa,6792330.0,1890363.0
216,ERR2984773,Unicycler,Pseudomonas aeruginosa,6792330.0,1890366.0
217,ERR2984773,Unicycler,Pseudomonas aeruginosa,6792330.0,1890387.0
218,ERR2984773,Unicycler,Pseudomonas aeruginosa,6792330.0,1890388.0
219,ERR2984773,Unicycler,Pseudomonas aeruginosa,6792330.0,1890390.0
220,ERR2984773,Unicycler,Pseudomonas aeruginosa,6792330.0,1890393.0
221,ERR2984773,Unicycler,Pseudomonas aeruginosa,6792330.0,1890396.0
222,ERR2984773,Unicycler,Pseudomonas aeruginosa,6792330.0,1890403.0
223,ERR2984773,Unicycler,Pseudomonas aeruginosa,6792330.0,1890421.0
224,ERR2984773,Unicycler,Pseudomonas aeruginosa,6792330.0,1890423.0
225,ERR2984773,Unicycler,Pseudomonas aeruginosa,6792330.0,1890428.0
226,ERR2984773,Unicycler,Pseudomonas aeruginosa,6792330.0,1890429.0
227,ERR2984773,Unicycler,Pseudomonas aeruginosa,6792330.0,1890434.0
228,ERR2984773,Unicycler,Pseudomonas aeruginosa,6792330.0,1890435.0
229,ERR2984773,Unicycler,Pseudomonas aeruginosa,6792330.0,1890436.0
230,ERR2984773,Unicycler,Pseudomonas aeruginosa,6792330.0,1890447.0
231,ERR2984773,Unicycler,Pseudomonas aeruginosa,6792330.0,1890449.0
232,ERR2984773,Unicycler,Pseudomonas aeruginosa,6792330.0,1890457.0
233,ERR2984773,Unicycler,Pseudomonas aeruginosa,6792330.0,1890458.0
234,ERR2984773,Unicycler,Pseudomonas aeruginosa,6792330.0,1890460.0
235,ERR2984773,Unicycler,Pseudomonas aeruginosa,6792330.0,1890462.0
236,ERR2984773,Unicycler,Pseudomonas aeruginosa,6792330.0,1890495.0
237,ERR2984773,Unicycler,Pseudomonas aeruginosa,6792330.0,1890496.0
238,ERR2984773,Unicycler,Pseudomonas aeruginosa,6792330.0,1890500.0
239,ERR2984773,Unicycler,Pseudomonas aeruginosa,6792330.0,1890501.0
240,ERR2984773,Unicycler,Pseudomonas aeruginosa,6792330.0,1890506.0
241,ERR2984773,Unicycler,Pseudomonas aeruginosa,6792330.0,1890509.0
242,ERR2984773,Unicycler,Pseudomonas aeruginosa,6792330.0,1890517.0
243,ERR2984773,Unicycler,Pseudomonas aeruginosa,6792330.0,1890519.0
244,ERR2984773,Unicycler,Pseudomonas aeruginosa,6792330.0,1890529.0
245,ERR2984773,Unicycler,Pseudomonas aeruginosa,6792330.0,1890538.0
246,ERR2984773,Unicycler,Pseudomonas aeruginosa,6792330.0,1890541.0
247,ERR2984773,Unicycler,Pseudomonas aeruginosa,6792330.0,1890549.0
248,ERR2984773,Unicycler,Pseudomonas aeruginosa,6792330.0,1890564.0
249,ERR2984773,Unicycler,Pseudomonas aeruginosa,6792330.0,1890581.0
250,ERR2984773,Unicycler,Pseudomonas aeruginosa,6792330.0,1890596.0
251,ERR2984773,Unicycler,Pseudomonas aeruginosa,6792330.0,1890611.0
252,ERR2984773,Unicycler,Pseudomonas aeruginosa,6792330.0,1890624.0
253,ERR2984773,Unicycler,Pseudomonas aeruginosa,6792330.0,1890629.0
254,ERR2984773,Unicycler,Pseudomonas aeruginosa,6792330.0,1890632.0
255,ERR2984773,Unicycler,Pseudomonas aeruginosa,6792330.0,1890636.0
256,ERR2984773,Unicycler,Pseudomonas aeruginosa,6792330.0,1890638.0
257,ERR2984773,Unicycler,Pseudomonas aeruginosa,6792330.0,1890641.0
258,ERR2984773,Unicycler,Pseudomonas aeruginosa,6792330.0,1890644.0
259,ERR2984773,Unicycler,Pseudomonas aeruginosa,6792330.0,1890647.0
260,ERR2984773,Unicycler,Pseudomonas aeruginosa,6792330.0,1890671.0
261,ERR2984773,Unicycler,Pseudomonas aeruginosa,6792330.0,1890674.0
262,ERR2984773,Unicycler,Pseudomonas aeruginosa,6792330.0,1890689.0
263,ERR2984773,Unicycler,Pseudomonas aeruginosa,6792330.0,1890710.0
264,ERR2984773,Unicycler,Pseudomonas aeruginosa,6792330.0,1890741.0
265,ERR2984773,Unicycler,Pseudomonas aeruginosa,6792330.0,1890806.0
266,ERR2984773,Unicycler,Pseudomonas aeruginosa,6792330.0,1890807.0
267,ERR2984773,Unicycler,Pseudomonas aeruginosa,6792330.0,1890808.0
268,ERR2984773,Unicycler,Pseudomonas aeruginosa,6792330.0,1890809.0
269,ERR2984773,Unicycler,Pseudomonas aeruginosa,6792330.0,1890815.0
270,ERR2984773,Unicycler,Pseudomonas aeruginosa,6792330.0,1890846.0
271,ERR2984773,Unicycler,Pseudomonas aeruginosa,6792330.0,1890871.0
272,ERR2984773,Unicycler,Pseudomonas aeruginosa,6792330.0,1890904.0
273,ERR2984773,Unicycler,Pseudomonas aeruginosa,6792330.0,430267.0
274,ERR2984773,Unicycler,Pseudomonas aeruginosa,6792330.0,430333.0
275,ERR2984773,Unicycler,Pseudomonas aeruginosa,6792330.0,430738.0
276,ERR2984773,Unicycler,Pseudomonas aeruginosa,6792330.0,430774.0
277,ERR2984773,Unicycler,Pseudomonas aeruginosa,6792330.0,446772.0
278,ERR2984773,Unicycler,Pseudomonas aeruginosa,6792330.0,446838.0
279,ERR2984773,Unicycler,Pseudomonas aeruginosa,6792330.0,447243.0
280,ERR2984773,Unicycler,Pseudomonas aeruginosa,6792330.0,447279.0
281,ERR2984773,Unicycler,Pseudomonas aeruginosa,6792330.0,3138197.0
282,ERR2984773,Unicycler,Pseudomonas aeruginosa,6792330.0,3138206.0
283,ERR2984773,Unicycler,Pseudomonas aeruginosa,6792330.0,3138207.0
284,ERR2984773,Unicycler,Pseudomonas aeruginosa,6792330.0,3138220.0
285,ERR2984773,Unicycler,Pseudomonas aeruginosa,6792330.0,3138224.0
286,ERR2984773,Unicycler,Pseudomonas aeruginosa,6792330.0,3138230.0
287,ERR2984773,Unicycler,Pseudomonas aeruginosa,6792330.0,3138231.0
288,ERR2984773,Unicycler,Pseudomonas aeruginosa,6792330.0,3138254.0
289,ERR2984773,Unicycler,Pseudomonas aeruginosa,6792330.0,3138307.0
290,ERR2984773,Unicycler,Pseudomonas aeruginosa,6792330.0,3138367.0
291,ERR2984773,Unicycler,Pseudomonas aeruginosa,6792330.0,4830593.0
292,ERR2984773,Unicycler,Pseudomonas aeruginosa,6792330.0,6331948.0
293,ERR2984773,Unicycler,Pseudomonas aeruginosa,6792330.0,6331950.0
294,ERR2984773,Unicycler,Pseudomonas aeruginosa,6792330.0,6331987.0
295,ERR2984773,Unicycler,Pseudomonas aeruginosa,6792330.0,2835496.0
296,ERR2984773,Unicycler,Pseudomonas aeruginosa,6792330.0,2835547.0
297,ERR2984773,Unicycler,Pseudomonas aeruginosa,6792330.0,2835548.0
298,ERR2984773,Unicycler,Pseudomonas aeruginosa,6792330.0,2835549.0
299,ERR2984773,Unicycler,Pseudomonas aeruginosa,6792330.0,2835550.0
300,ERR2984773,Unicycler,Pseudomonas aeruginosa,6792330.0,5454292.0
301,ERR2984773,Unicycler,Pseudomonas aeruginosa,6792330.0,5454295.0
302,ERR2984773,Unicycler,Pseudomonas aeruginosa,6792330.0,5454341.0
303,ERR2984773,Unicycler,Pseudomonas aeruginosa,6792330.0,5454359.0
304,ERR2984773,Unicycler,Pseudomonas aeruginosa,6792330.0,5454391.0
305,ERR2984773,Unicycler,Pseudomonas aeruginosa,6792330.0,5454410.0
306,ERR2984773,Unicycler,Pseudomonas aeruginosa,6792330.0,5454414.0
307,ERR2984773,Unicycler,Pseudomonas aeruginosa,6792330.0,5454452.0
308,ERR2984773,Unicycler,Pseudomonas aeruginosa,6792330.0,5454455.0
309,ERR2984773,Unicycler,Pseudomonas aeruginosa,6792330.0,5454512.0
310,ERR2984773,Unicycler,Pseudomonas aeruginosa,6792330.0,5454994.0
311,ERR2984773,Unicycler,Pseudomonas aeruginosa,6792330.0,5455139.0
312,ERR2984773,Unicycler,Pseudomonas aeruginosa,6792330.0,5455268.0
313,ERR2984773,Unicycler,Pseudomonas aeruginosa,6792330.0,5456505.0
314,ERR2984773,Unicycler,Pseudomonas aeruginosa,6792330.0,5456517.0
315,ERR2984773,Unicycler,Pseudomonas aeruginosa,6792330.0,5457299.0
316,ERR2984773,Unicycler,Pseudomonas aeruginosa,6792330.0,5457300.0
317,ERR2984773,Unicycler,Pseudomonas aeruginosa,6792330.0,5457304.0
318,ERR2984773,Unicycler,Pseudomonas aeruginosa,6792330.0,5457307.0
319,ERR2984773,Unicycler,Pseudomonas aeruginosa,6792330.0,5457312.0
320,ERR2984773,Unicycler,Pseudomonas aeruginosa,6792330.0,5457319.0
321,ERR2984773,Unicycler,Pseudomonas aeruginosa,6792330.0,5457321.0
322,ERR2984773,Unicycler,Pseudomonas aeruginosa,6792330.0,5457325.0
323,ERR2984773,Unicycler,Pseudomonas aeruginosa,6792330.0,5457328.0
324,ERR2984773,Unicycler,Pseudomonas aeruginosa,6792330.0,5457329.0
325,ERR2984773,Unicycler,Pseudomonas aeruginosa,6792330.0,5457348.0
326,ERR2984773,Unicycler,Pseudomonas aeruginosa,6792330.0,5457355.0
327,ERR2984773,Unicycler,Pseudomonas aeruginosa,6792330.0,5457403.0
328,ERR2984773,Unicycler,Pseudomonas aeruginosa,6792330.0,5457420.0
329,ERR2984773,Unicycler,Pseudomonas aeruginosa,6792330.0,5457899.0
330,ERR2984773,Unicycler,Pseudomonas aeruginosa,6792330.0,5457900.0
331,ERR2984773,Unicycler,Pseudomonas aeruginosa,6792330.0,5457947.0
332,ERR2984773,Unicycler,Pseudomonas aeruginosa,6792330.0,5457974.0
333,ERR2984773,Unicycler,Pseudomonas aeruginosa,6792330.0,5457992.0
334,ERR2984773,Unicycler,Pseudomonas aeruginosa,6792330.0,2428680.0
335,ERR2984773,Unicycler,Pseudomonas aeruginosa,6792330.0,2428692.0
336,ERR2984773,Unicycler,Pseudomonas aeruginosa,6792330.0,2428700.0
337,ERR2984773,Unicycler,Pseudomonas aeruginosa,6792330.0,2428733.0
338,ERR2984773,Unicycler,Pseudomonas aeruginosa,6792330.0,2428736.0
339,ERR2984773,Unicycler,Pseudomonas aeruginosa,6792330.0,2428752.0
340,ERR2984773,Unicycler,Pseudomonas aeruginosa,6792330.0,2428823.0
341,ERR2984773,Unicycler,Pseudomonas aeruginosa,6792330.0,2428976.0
342,ERR2984773,Unicycler,Pseudomonas aeruginosa,6792330.0,2429054.0
343,ERR2984773,Unicycler,Pseudomonas aeruginosa,6792330.0,2429126.0
344,ERR2984773,Unicycler,Pseudomonas aeruginosa,6792330.0,6548897.0
345,ERR2984773,Unicycler,Pseudomonas aeruginosa,6792330.0,6549179.0
346,ERR2984773,Unicycler,Pseudomonas aeruginosa,6792330.0,6549201.0
347,ERR2984773,Unicycler,Pseudomonas aeruginosa,6792330.0,6549224.0
348,ERR2984773,Unicycler,Pseudomonas aeruginosa,6792330.0,6549552.0
349,ERR2984773,Unicycler,Pseudomonas aeruginosa,6792330.0,6549976.0
350,ERR2984773,Unicycler,Pseudomonas aeruginosa,6792330.0,3137861.0
351,ERR2984773,Unicycler,Pseudomonas aeruginosa,6792330.0,2854510.0
352,ERR2984773,Unicycler,Salmonella enterica,4759746.0,4397749.0
353,ERR2984773,Unicycler,Salmonella enterica,4759746.0,4397791.0
354,ERR2984773,Unicycler,Salmonella enterica,4759746.0,4397838.0
355,ERR2984773,Unicycler,Salmonella enterica,4759746.0,4398444.0
356,ERR2984773,Unicycler,Staphylococcus aureus,2718780.0,348296.0
357,ERR2984773,Unicycler,Staphylococcus aureus,2718780.0,348319.0
358,ERR2984773,Unicycler,Escherichia coli plasmid,110007.0,69370.0
359,ERR2984773,Unicycler,Escherichia coli plasmid,110007.0,69391.0
360,ERR2984773,Unicycler,Escherichia coli plasmid,110007.0,69394.0
361,ERR2984773,Unicycler,Escherichia coli plasmid,110007.0,69406.0
362,ERR2984773,Unicycler,Escherichia coli plasmid,110007.0,69418.0
363,ERR2984773,Unicycler,Escherichia coli plasmid,110007.0,69448.0
364,ERR2984773,Unicycler,Escherichia coli plasmid,110007.0,69451.0
365,ERR2984773,Unicycler,Escherichia coli plasmid,110007.0,69514.0
366,ERR2984773,Unicycler,Escherichia coli plasmid,110007.0,69535.0
367,ERR2984773,Unicycler,Escherichia coli plasmid,110007.0,69565.0
368,ERR2984773,Unicycler,Escherichia coli plasmid,110007.0,69567.0
369,ERR2984773,Unicycler,Escherichia coli plasmid,110007.0,69569.0
370,ERR2984773,Unicycler,Escherichia coli plasmid,110007.0,69570.0
371,ERR2984773,Unicycler,Escherichia coli plasmid,110007.0,69571.0
372,ERR2984773,Unicycler,Escherichia coli plasmid,110007.0,69604.0
373,ERR2984773,Unicycler,Escherichia coli plasmid,110007.0,69715.0
374,ERR2984773,Unicycler,Escherichia coli plasmid,110007.0,69802.0
