,Sample,Assembler,Reference,Reference Length,SNP Location
0,ERR2935805,SPAdes,Bacillus subtilis,4045677.0,3702680.0
1,ERR2935805,SPAdes,Bacillus subtilis,4045677.0,3702682.0
2,ERR2935805,SPAdes,Bacillus subtilis,4045677.0,1810041.0
3,ERR2935805,SPAdes,Bacillus subtilis,4045677.0,1810042.0
4,ERR2935805,SPAdes,Bacillus subtilis,4045677.0,3173862.0
5,ERR2935805,SPAdes,Bacillus subtilis,4045677.0,3174000.0
6,ERR2935805,SPAdes,Bacillus subtilis,4045677.0,3174327.0
7,ERR2935805,SPAdes,Bacillus subtilis,4045677.0,3174363.0
8,ERR2935805,SPAdes,Bacillus subtilis,4045677.0,3174393.0
9,ERR2935805,SPAdes,Bacillus subtilis,4045677.0,3174405.0
10,ERR2935805,SPAdes,Enterococcus faecalis,2845392.0,668327.0
11,ERR2935805,SPAdes,Enterococcus faecalis,2845392.0,668328.0
12,ERR2935805,SPAdes,Enterococcus faecalis,2845392.0,668336.0
13,ERR2935805,SPAdes,Enterococcus faecalis,2845392.0,668344.0
14,ERR2935805,SPAdes,Enterococcus faecalis,2845392.0,668345.0
15,ERR2935805,SPAdes,Escherichia coli,4765434.0,1807002.0
16,ERR2935805,SPAdes,Escherichia coli,4765434.0,1807020.0
17,ERR2935805,SPAdes,Escherichia coli,4765434.0,1807028.0
18,ERR2935805,SPAdes,Escherichia coli,4765434.0,1807047.0
19,ERR2935805,SPAdes,Escherichia coli,4765434.0,3461446.0
20,ERR2935805,SPAdes,Escherichia coli,4765434.0,3461448.0
21,ERR2935805,SPAdes,Escherichia coli,4765434.0,3461449.0
22,ERR2935805,SPAdes,Escherichia coli,4765434.0,3461451.0
23,ERR2935805,SPAdes,Escherichia coli,4765434.0,3731777.0
24,ERR2935805,SPAdes,Escherichia coli,4765434.0,3731786.0
25,ERR2935805,SPAdes,Escherichia coli,4765434.0,3731792.0
26,ERR2935805,SPAdes,Escherichia coli,4765434.0,3731801.0
27,ERR2935805,SPAdes,Escherichia coli,4765434.0,3731803.0
28,ERR2935805,SPAdes,Escherichia coli,4765434.0,3731804.0
29,ERR2935805,SPAdes,Escherichia coli,4765434.0,3731817.0
30,ERR2935805,SPAdes,Escherichia coli,4765434.0,3731819.0
31,ERR2935805,SPAdes,Escherichia coli,4765434.0,3731834.0
32,ERR2935805,SPAdes,Escherichia coli,4765434.0,3731837.0
33,ERR2935805,SPAdes,Escherichia coli,4765434.0,3731840.0
34,ERR2935805,SPAdes,Escherichia coli,4765434.0,3731855.0
35,ERR2935805,SPAdes,Escherichia coli,4765434.0,3731858.0
36,ERR2935805,SPAdes,Escherichia coli,4765434.0,3731861.0
37,ERR2935805,SPAdes,Escherichia coli,4765434.0,3731870.0
38,ERR2935805,SPAdes,Escherichia coli,4765434.0,3731876.0
39,ERR2935805,SPAdes,Escherichia coli,4765434.0,3731882.0
40,ERR2935805,SPAdes,Escherichia coli,4765434.0,3731885.0
41,ERR2935805,SPAdes,Escherichia coli,4765434.0,3731888.0
42,ERR2935805,SPAdes,Escherichia coli,4765434.0,3731891.0
43,ERR2935805,SPAdes,Escherichia coli,4765434.0,3731894.0
44,ERR2935805,SPAdes,Escherichia coli,4765434.0,3731897.0
45,ERR2935805,SPAdes,Escherichia coli,4765434.0,3731900.0
46,ERR2935805,SPAdes,Escherichia coli,4765434.0,3732046.0
47,ERR2935805,SPAdes,Escherichia coli,4765434.0,3732056.0
48,ERR2935805,SPAdes,Escherichia coli,4765434.0,3732068.0
49,ERR2935805,SPAdes,Escherichia coli,4765434.0,3732074.0
50,ERR2935805,SPAdes,Escherichia coli,4765434.0,3732076.0
51,ERR2935805,SPAdes,Escherichia coli,4765434.0,3732077.0
52,ERR2935805,SPAdes,Escherichia coli,4765434.0,3732080.0
53,ERR2935805,SPAdes,Escherichia coli,4765434.0,3732083.0
54,ERR2935805,SPAdes,Escherichia coli,4765434.0,3732086.0
55,ERR2935805,SPAdes,Escherichia coli,4765434.0,3732089.0
56,ERR2935805,SPAdes,Escherichia coli,4765434.0,3732090.0
57,ERR2935805,SPAdes,Escherichia coli,4765434.0,3732092.0
58,ERR2935805,SPAdes,Escherichia coli,4765434.0,3732095.0
59,ERR2935805,SPAdes,Escherichia coli,4765434.0,3732096.0
60,ERR2935805,SPAdes,Escherichia coli,4765434.0,3732098.0
61,ERR2935805,SPAdes,Escherichia coli,4765434.0,3732101.0
62,ERR2935805,SPAdes,Escherichia coli,4765434.0,3732102.0
63,ERR2935805,SPAdes,Escherichia coli,4765434.0,3732107.0
64,ERR2935805,SPAdes,Escherichia coli,4765434.0,3732116.0
65,ERR2935805,SPAdes,Escherichia coli,4765434.0,3732119.0
66,ERR2935805,SPAdes,Escherichia coli,4765434.0,3732120.0
67,ERR2935805,SPAdes,Escherichia coli,4765434.0,3732121.0
68,ERR2935805,SPAdes,Escherichia coli,4765434.0,3732122.0
69,ERR2935805,SPAdes,Escherichia coli,4765434.0,3732124.0
70,ERR2935805,SPAdes,Escherichia coli,4765434.0,3732126.0
71,ERR2935805,SPAdes,Escherichia coli,4765434.0,3732127.0
72,ERR2935805,SPAdes,Escherichia coli,4765434.0,3732131.0
73,ERR2935805,SPAdes,Escherichia coli,4765434.0,3732136.0
74,ERR2935805,SPAdes,Escherichia coli,4765434.0,3732137.0
75,ERR2935805,SPAdes,Escherichia coli,4765434.0,3732145.0
76,ERR2935805,SPAdes,Escherichia coli,4765434.0,3732146.0
77,ERR2935805,SPAdes,Escherichia coli,4765434.0,3732162.0
78,ERR2935805,SPAdes,Escherichia coli,4765434.0,3732182.0
79,ERR2935805,SPAdes,Escherichia coli,4765434.0,3732188.0
80,ERR2935805,SPAdes,Escherichia coli,4765434.0,3732190.0
81,ERR2935805,SPAdes,Escherichia coli,4765434.0,3732192.0
82,ERR2935805,SPAdes,Escherichia coli,4765434.0,3732195.0
83,ERR2935805,SPAdes,Escherichia coli,4765434.0,3732196.0
84,ERR2935805,SPAdes,Escherichia coli,4765434.0,3732198.0
85,ERR2935805,SPAdes,Escherichia coli,4765434.0,3732208.0
86,ERR2935805,SPAdes,Escherichia coli,4765434.0,3732210.0
87,ERR2935805,SPAdes,Escherichia coli,4765434.0,3732211.0
88,ERR2935805,SPAdes,Escherichia coli,4765434.0,3732221.0
89,ERR2935805,SPAdes,Escherichia coli,4765434.0,3732227.0
90,ERR2935805,SPAdes,Escherichia coli,4765434.0,3732233.0
91,ERR2935805,SPAdes,Escherichia coli,4765434.0,3732237.0
92,ERR2935805,SPAdes,Escherichia coli,4765434.0,3732265.0
93,ERR2935805,SPAdes,Escherichia coli,4765434.0,3732268.0
94,ERR2935805,SPAdes,Escherichia coli,4765434.0,3732271.0
95,ERR2935805,SPAdes,Escherichia coli,4765434.0,3732280.0
96,ERR2935805,SPAdes,Escherichia coli,4765434.0,3732295.0
97,ERR2935805,SPAdes,Escherichia coli,4765434.0,3732310.0
98,ERR2935805,SPAdes,Escherichia coli,4765434.0,3732313.0
99,ERR2935805,SPAdes,Escherichia coli,4765434.0,3732323.0
100,ERR2935805,SPAdes,Escherichia coli,4765434.0,3732325.0
101,ERR2935805,SPAdes,Escherichia coli,4765434.0,1972526.0
102,ERR2935805,SPAdes,Escherichia coli,4765434.0,1972536.0
103,ERR2935805,SPAdes,Escherichia coli,4765434.0,1973379.0
104,ERR2935805,SPAdes,Escherichia coli,4765434.0,1973580.0
105,ERR2935805,SPAdes,Escherichia coli,4765434.0,1973600.0
106,ERR2935805,SPAdes,Escherichia coli,4765434.0,2889228.0
107,ERR2935805,SPAdes,Escherichia coli,4765434.0,2889695.0
108,ERR2935805,SPAdes,Escherichia coli,4765434.0,2889704.0
109,ERR2935805,SPAdes,Escherichia coli,4765434.0,2889731.0
110,ERR2935805,SPAdes,Escherichia coli,4765434.0,2889762.0
111,ERR2935805,SPAdes,Escherichia coli,4765434.0,2889765.0
112,ERR2935805,SPAdes,Escherichia coli,4765434.0,2889777.0
113,ERR2935805,SPAdes,Escherichia coli,4765434.0,2889780.0
114,ERR2935805,SPAdes,Escherichia coli,4765434.0,2889789.0
115,ERR2935805,SPAdes,Escherichia coli,4765434.0,2889792.0
116,ERR2935805,SPAdes,Escherichia coli,4765434.0,2889798.0
117,ERR2935805,SPAdes,Escherichia coli,4765434.0,2889807.0
118,ERR2935805,SPAdes,Escherichia coli,4765434.0,2889810.0
119,ERR2935805,SPAdes,Escherichia coli,4765434.0,2889816.0
120,ERR2935805,SPAdes,Escherichia coli,4765434.0,2889834.0
121,ERR2935805,SPAdes,Escherichia coli,4765434.0,2890005.0
122,ERR2935805,SPAdes,Escherichia coli,4765434.0,1899767.0
123,ERR2935805,SPAdes,Escherichia coli,4765434.0,4444084.0
124,ERR2935805,SPAdes,Escherichia coli,4765434.0,4444098.0
125,ERR2935805,SPAdes,Escherichia coli,4765434.0,4444149.0
126,ERR2935805,SPAdes,Escherichia coli,4765434.0,4444155.0
127,ERR2935805,SPAdes,Escherichia coli,4765434.0,4444158.0
128,ERR2935805,SPAdes,Escherichia coli,4765434.0,4444164.0
129,ERR2935805,SPAdes,Escherichia coli,4765434.0,4444167.0
130,ERR2935805,SPAdes,Escherichia coli,4765434.0,4444173.0
131,ERR2935805,SPAdes,Escherichia coli,4765434.0,4444192.0
132,ERR2935805,SPAdes,Escherichia coli,4765434.0,4444193.0
133,ERR2935805,SPAdes,Escherichia coli,4765434.0,4444194.0
134,ERR2935805,SPAdes,Escherichia coli,4765434.0,4444200.0
135,ERR2935805,SPAdes,Escherichia coli,4765434.0,4444215.0
136,ERR2935805,SPAdes,Escherichia coli,4765434.0,4444227.0
137,ERR2935805,SPAdes,Escherichia coli,4765434.0,4444239.0
138,ERR2935805,SPAdes,Escherichia coli,4765434.0,4444242.0
139,ERR2935805,SPAdes,Escherichia coli,4765434.0,4444245.0
140,ERR2935805,SPAdes,Escherichia coli,4765434.0,4444278.0
141,ERR2935805,SPAdes,Escherichia coli,4765434.0,4444287.0
142,ERR2935805,SPAdes,Escherichia coli,4765434.0,4444293.0
143,ERR2935805,SPAdes,Escherichia coli,4765434.0,4444321.0
144,ERR2935805,SPAdes,Escherichia coli,4765434.0,4444326.0
145,ERR2935805,SPAdes,Escherichia coli,4765434.0,4444332.0
146,ERR2935805,SPAdes,Escherichia coli,4765434.0,4444335.0
147,ERR2935805,SPAdes,Escherichia coli,4765434.0,4444338.0
148,ERR2935805,SPAdes,Escherichia coli,4765434.0,4444344.0
149,ERR2935805,SPAdes,Escherichia coli,4765434.0,4444347.0
150,ERR2935805,SPAdes,Escherichia coli,4765434.0,4444353.0
151,ERR2935805,SPAdes,Escherichia coli,4765434.0,4444356.0
152,ERR2935805,SPAdes,Escherichia coli,4765434.0,4444368.0
153,ERR2935805,SPAdes,Escherichia coli,4765434.0,4444371.0
154,ERR2935805,SPAdes,Escherichia coli,4765434.0,4444374.0
155,ERR2935805,SPAdes,Escherichia coli,4765434.0,4444383.0
156,ERR2935805,SPAdes,Escherichia coli,4765434.0,4444398.0
157,ERR2935805,SPAdes,Escherichia coli,4765434.0,4444422.0
158,ERR2935805,SPAdes,Escherichia coli,4765434.0,2587620.0
159,ERR2935805,SPAdes,Escherichia coli,4765434.0,2587632.0
160,ERR2935805,SPAdes,Escherichia coli,4765434.0,2923063.0
161,ERR2935805,SPAdes,Escherichia coli,4765434.0,2923072.0
162,ERR2935805,SPAdes,Escherichia coli,4765434.0,2923075.0
163,ERR2935805,SPAdes,Escherichia coli,4765434.0,2923081.0
164,ERR2935805,SPAdes,Escherichia coli,4765434.0,2923084.0
165,ERR2935805,SPAdes,Escherichia coli,4765434.0,2923099.0
166,ERR2935805,SPAdes,Escherichia coli,4765434.0,2923104.0
167,ERR2935805,SPAdes,Escherichia coli,4765434.0,2923105.0
168,ERR2935805,SPAdes,Escherichia coli,4765434.0,2923112.0
169,ERR2935805,SPAdes,Escherichia coli,4765434.0,2923129.0
170,ERR2935805,SPAdes,Escherichia coli,4765434.0,2923138.0
171,ERR2935805,SPAdes,Escherichia coli,4765434.0,2923144.0
172,ERR2935805,SPAdes,Escherichia coli,4765434.0,2923156.0
173,ERR2935805,SPAdes,Escherichia coli,4765434.0,2923171.0
174,ERR2935805,SPAdes,Escherichia coli,4765434.0,2923183.0
175,ERR2935805,SPAdes,Escherichia coli,4765434.0,2923192.0
176,ERR2935805,SPAdes,Escherichia coli,4765434.0,2923195.0
177,ERR2935805,SPAdes,Escherichia coli,4765434.0,2923207.0
178,ERR2935805,SPAdes,Escherichia coli,4765434.0,2923222.0
179,ERR2935805,SPAdes,Escherichia coli,4765434.0,2923246.0
180,ERR2935805,SPAdes,Escherichia coli,4765434.0,2923270.0
181,ERR2935805,SPAdes,Escherichia coli,4765434.0,2923297.0
182,ERR2935805,SPAdes,Escherichia coli,4765434.0,2923309.0
183,ERR2935805,SPAdes,Escherichia coli,4765434.0,2923326.0
184,ERR2935805,SPAdes,Escherichia coli,4765434.0,2923327.0
185,ERR2935805,SPAdes,Escherichia coli,4765434.0,2923357.0
186,ERR2935805,SPAdes,Escherichia coli,4765434.0,2923363.0
187,ERR2935805,SPAdes,Escherichia coli,4765434.0,2923969.0
188,ERR2935805,SPAdes,Escherichia coli,4765434.0,2923975.0
189,ERR2935805,SPAdes,Escherichia coli,4765434.0,2924101.0
190,ERR2935805,SPAdes,Escherichia coli,4765434.0,2924107.0
191,ERR2935805,SPAdes,Escherichia coli,4765434.0,1387378.0
192,ERR2935805,SPAdes,Escherichia coli,4765434.0,3012246.0
193,ERR2935805,SPAdes,Escherichia coli,4765434.0,3012258.0
194,ERR2935805,SPAdes,Escherichia coli,4765434.0,3012261.0
195,ERR2935805,SPAdes,Escherichia coli,4765434.0,3012273.0
196,ERR2935805,SPAdes,Escherichia coli,4765434.0,3012274.0
197,ERR2935805,SPAdes,Escherichia coli,4765434.0,3012276.0
198,ERR2935805,SPAdes,Escherichia coli,4765434.0,3012294.0
199,ERR2935805,SPAdes,Escherichia coli,4765434.0,3012309.0
200,ERR2935805,SPAdes,Escherichia coli,4765434.0,3012312.0
201,ERR2935805,SPAdes,Escherichia coli,4765434.0,3012318.0
202,ERR2935805,SPAdes,Escherichia coli,4765434.0,3012334.0
203,ERR2935805,SPAdes,Escherichia coli,4765434.0,3012339.0
204,ERR2935805,SPAdes,Escherichia coli,4765434.0,3012342.0
205,ERR2935805,SPAdes,Escherichia coli,4765434.0,3012351.0
206,ERR2935805,SPAdes,Escherichia coli,4765434.0,3012357.0
207,ERR2935805,SPAdes,Escherichia coli,4765434.0,3012363.0
208,ERR2935805,SPAdes,Escherichia coli,4765434.0,3012378.0
209,ERR2935805,SPAdes,Escherichia coli,4765434.0,3012381.0
210,ERR2935805,SPAdes,Escherichia coli,4765434.0,3012384.0
211,ERR2935805,SPAdes,Escherichia coli,4765434.0,3012387.0
212,ERR2935805,SPAdes,Escherichia coli,4765434.0,3012399.0
213,ERR2935805,SPAdes,Escherichia coli,4765434.0,3012411.0
214,ERR2935805,SPAdes,Escherichia coli,4765434.0,3012414.0
215,ERR2935805,SPAdes,Escherichia coli,4765434.0,3012417.0
216,ERR2935805,SPAdes,Escherichia coli,4765434.0,3012426.0
217,ERR2935805,SPAdes,Escherichia coli,4765434.0,3012438.0
218,ERR2935805,SPAdes,Escherichia coli,4765434.0,3012441.0
219,ERR2935805,SPAdes,Escherichia coli,4765434.0,3012444.0
220,ERR2935805,SPAdes,Escherichia coli,4765434.0,3012450.0
221,ERR2935805,SPAdes,Escherichia coli,4765434.0,3012462.0
222,ERR2935805,SPAdes,Escherichia coli,4765434.0,3012463.0
223,ERR2935805,SPAdes,Escherichia coli,4765434.0,3012468.0
224,ERR2935805,SPAdes,Escherichia coli,4765434.0,3012469.0
225,ERR2935805,SPAdes,Escherichia coli,4765434.0,3012472.0
226,ERR2935805,SPAdes,Escherichia coli,4765434.0,3012474.0
227,ERR2935805,SPAdes,Escherichia coli,4765434.0,3012477.0
228,ERR2935805,SPAdes,Escherichia coli,4765434.0,3012486.0
229,ERR2935805,SPAdes,Escherichia coli,4765434.0,3012498.0
230,ERR2935805,SPAdes,Escherichia coli,4765434.0,3012507.0
231,ERR2935805,SPAdes,Escherichia coli,4765434.0,3012510.0
232,ERR2935805,SPAdes,Escherichia coli,4765434.0,3012516.0
233,ERR2935805,SPAdes,Escherichia coli,4765434.0,3012537.0
234,ERR2935805,SPAdes,Escherichia coli,4765434.0,3012549.0
235,ERR2935805,SPAdes,Escherichia coli,4765434.0,3012564.0
236,ERR2935805,SPAdes,Escherichia coli,4765434.0,3976874.0
237,ERR2935805,SPAdes,Escherichia coli,4765434.0,3976879.0
238,ERR2935805,SPAdes,Escherichia coli,4765434.0,3976886.0
239,ERR2935805,SPAdes,Escherichia coli,4765434.0,3976895.0
240,ERR2935805,SPAdes,Escherichia coli,4765434.0,3976913.0
241,ERR2935805,SPAdes,Escherichia coli,4765434.0,3976924.0
242,ERR2935805,SPAdes,Escherichia coli,4765434.0,3976931.0
243,ERR2935805,SPAdes,Escherichia coli,4765434.0,3976961.0
244,ERR2935805,SPAdes,Escherichia coli,4765434.0,3977197.0
245,ERR2935805,SPAdes,Escherichia coli,4765434.0,3977238.0
246,ERR2935805,SPAdes,Escherichia coli,4765434.0,3977336.0
247,ERR2935805,SPAdes,Escherichia coli,4765434.0,3977338.0
248,ERR2935805,SPAdes,Escherichia coli,4765434.0,3977353.0
249,ERR2935805,SPAdes,Escherichia coli,4765434.0,3977504.0
250,ERR2935805,SPAdes,Escherichia coli,4765434.0,3977598.0
251,ERR2935805,SPAdes,Escherichia coli,4765434.0,3977601.0
252,ERR2935805,SPAdes,Escherichia coli,4765434.0,3977619.0
253,ERR2935805,SPAdes,Escherichia coli,4765434.0,3977631.0
254,ERR2935805,SPAdes,Escherichia coli,4765434.0,3977632.0
255,ERR2935805,SPAdes,Escherichia coli,4765434.0,3977640.0
256,ERR2935805,SPAdes,Escherichia coli,4765434.0,3977643.0
257,ERR2935805,SPAdes,Escherichia coli,4765434.0,3977646.0
258,ERR2935805,SPAdes,Escherichia coli,4765434.0,3977649.0
259,ERR2935805,SPAdes,Escherichia coli,4765434.0,3977652.0
260,ERR2935805,SPAdes,Escherichia coli,4765434.0,3977655.0
261,ERR2935805,SPAdes,Escherichia coli,4765434.0,3977659.0
262,ERR2935805,SPAdes,Escherichia coli,4765434.0,3977661.0
263,ERR2935805,SPAdes,Escherichia coli,4765434.0,3977670.0
264,ERR2935805,SPAdes,Escherichia coli,4765434.0,3977673.0
265,ERR2935805,SPAdes,Escherichia coli,4765434.0,3977700.0
266,ERR2935805,SPAdes,Escherichia coli,4765434.0,3977715.0
267,ERR2935805,SPAdes,Escherichia coli,4765434.0,3977716.0
268,ERR2935805,SPAdes,Escherichia coli,4765434.0,3977718.0
269,ERR2935805,SPAdes,Escherichia coli,4765434.0,3977724.0
270,ERR2935805,SPAdes,Listeria monocytogenes,2992342.0,1518512.0
271,ERR2935805,SPAdes,Listeria monocytogenes,2992342.0,2677088.0
272,ERR2935805,SPAdes,Listeria monocytogenes,2992342.0,1125027.0
273,ERR2935805,SPAdes,Listeria monocytogenes,2992342.0,1125028.0
274,ERR2935805,SPAdes,Listeria monocytogenes,2992342.0,727277.0
275,ERR2935805,SPAdes,Listeria monocytogenes,2992342.0,62906.0
276,ERR2935805,SPAdes,Listeria monocytogenes,2992342.0,62907.0
277,ERR2935805,SPAdes,Listeria monocytogenes,2992342.0,62908.0
278,ERR2935805,SPAdes,Listeria monocytogenes,2992342.0,62909.0
279,ERR2935805,SPAdes,Listeria monocytogenes,2992342.0,2415712.0
280,ERR2935805,SPAdes,Listeria monocytogenes,2992342.0,2415715.0
281,ERR2935805,SPAdes,Listeria monocytogenes,2992342.0,958360.0
282,ERR2935805,SPAdes,Listeria monocytogenes,2992342.0,2616433.0
283,ERR2935805,SPAdes,Listeria monocytogenes,2992342.0,2616434.0
284,ERR2935805,SPAdes,Listeria monocytogenes,2992342.0,2616436.0
285,ERR2935805,SPAdes,Listeria monocytogenes,2992342.0,2616438.0
286,ERR2935805,SPAdes,Listeria monocytogenes,2992342.0,2616439.0
287,ERR2935805,SPAdes,Listeria monocytogenes,2992342.0,203786.0
288,ERR2935805,SPAdes,Listeria monocytogenes,2992342.0,950301.0
289,ERR2935805,SPAdes,Listeria monocytogenes,2992342.0,950302.0
290,ERR2935805,SPAdes,Listeria monocytogenes,2992342.0,1553442.0
291,ERR2935805,SPAdes,Listeria monocytogenes,2992342.0,1553447.0
292,ERR2935805,SPAdes,Listeria monocytogenes,2992342.0,348923.0
293,ERR2935805,SPAdes,Listeria monocytogenes,2992342.0,348924.0
294,ERR2935805,SPAdes,Listeria monocytogenes,2992342.0,348925.0
295,ERR2935805,SPAdes,Listeria monocytogenes,2992342.0,1804194.0
296,ERR2935805,SPAdes,Listeria monocytogenes,2992342.0,1804201.0
297,ERR2935805,SPAdes,Listeria monocytogenes,2992342.0,1804203.0
298,ERR2935805,SPAdes,Listeria monocytogenes,2992342.0,1804205.0
299,ERR2935805,SPAdes,Listeria monocytogenes,2992342.0,1804212.0
300,ERR2935805,SPAdes,Listeria monocytogenes,2992342.0,1102513.0
301,ERR2935805,SPAdes,Listeria monocytogenes,2992342.0,1102529.0
302,ERR2935805,SPAdes,Listeria monocytogenes,2992342.0,561635.0
303,ERR2935805,SPAdes,Listeria monocytogenes,2992342.0,561640.0
304,ERR2935805,SPAdes,Listeria monocytogenes,2992342.0,2572742.0
305,ERR2935805,SPAdes,Listeria monocytogenes,2992342.0,2572748.0
306,ERR2935805,SPAdes,Listeria monocytogenes,2992342.0,2572754.0
307,ERR2935805,SPAdes,Listeria monocytogenes,2992342.0,382218.0
308,ERR2935805,SPAdes,Listeria monocytogenes,2992342.0,509131.0
309,ERR2935805,SPAdes,Listeria monocytogenes,2992342.0,509134.0
310,ERR2935805,SPAdes,Listeria monocytogenes,2992342.0,2818694.0
311,ERR2935805,SPAdes,Listeria monocytogenes,2992342.0,583535.0
312,ERR2935805,SPAdes,Listeria monocytogenes,2992342.0,583540.0
313,ERR2935805,SPAdes,Listeria monocytogenes,2992342.0,583545.0
314,ERR2935805,SPAdes,Listeria monocytogenes,2992342.0,2618978.0
315,ERR2935805,SPAdes,Listeria monocytogenes,2992342.0,2262220.0
316,ERR2935805,SPAdes,Listeria monocytogenes,2992342.0,2262227.0
317,ERR2935805,SPAdes,Listeria monocytogenes,2992342.0,2262234.0
318,ERR2935805,SPAdes,Listeria monocytogenes,2992342.0,911562.0
319,ERR2935805,SPAdes,Listeria monocytogenes,2992342.0,911567.0
320,ERR2935805,SPAdes,Listeria monocytogenes,2992342.0,911572.0
321,ERR2935805,SPAdes,Listeria monocytogenes,2992342.0,1469651.0
322,ERR2935805,SPAdes,Listeria monocytogenes,2992342.0,567825.0
323,ERR2935805,SPAdes,Listeria monocytogenes,2992342.0,567827.0
324,ERR2935805,SPAdes,Listeria monocytogenes,2992342.0,567830.0
325,ERR2935805,SPAdes,Listeria monocytogenes,2992342.0,567832.0
326,ERR2935805,SPAdes,Listeria monocytogenes,2992342.0,1802023.0
327,ERR2935805,SPAdes,Listeria monocytogenes,2992342.0,1345175.0
328,ERR2935805,SPAdes,Listeria monocytogenes,2992342.0,1345179.0
329,ERR2935805,SPAdes,Listeria monocytogenes,2992342.0,1345182.0
330,ERR2935805,SPAdes,Listeria monocytogenes,2992342.0,1345186.0
331,ERR2935805,SPAdes,Listeria monocytogenes,2992342.0,624108.0
332,ERR2935805,SPAdes,Listeria monocytogenes,2992342.0,624109.0
333,ERR2935805,SPAdes,Listeria monocytogenes,2992342.0,624110.0
334,ERR2935805,SPAdes,Listeria monocytogenes,2992342.0,2213719.0
335,ERR2935805,SPAdes,Listeria monocytogenes,2992342.0,2399123.0
336,ERR2935805,SPAdes,Listeria monocytogenes,2992342.0,1303015.0
337,ERR2935805,SPAdes,Listeria monocytogenes,2992342.0,1303020.0
338,ERR2935805,SPAdes,Listeria monocytogenes,2992342.0,1323598.0
339,ERR2935805,SPAdes,Listeria monocytogenes,2992342.0,345512.0
340,ERR2935805,SPAdes,Listeria monocytogenes,2992342.0,345517.0
341,ERR2935805,SPAdes,Listeria monocytogenes,2992342.0,1447449.0
342,ERR2935805,SPAdes,Listeria monocytogenes,2992342.0,87187.0
343,ERR2935805,SPAdes,Listeria monocytogenes,2992342.0,757810.0
344,ERR2935805,SPAdes,Listeria monocytogenes,2992342.0,757814.0
345,ERR2935805,SPAdes,Listeria monocytogenes,2992342.0,757818.0
346,ERR2935805,SPAdes,Listeria monocytogenes,2992342.0,757821.0
347,ERR2935805,SPAdes,Listeria monocytogenes,2992342.0,757825.0
348,ERR2935805,SPAdes,Listeria monocytogenes,2992342.0,757829.0
349,ERR2935805,SPAdes,Listeria monocytogenes,2992342.0,2968205.0
350,ERR2935805,SPAdes,Listeria monocytogenes,2992342.0,497139.0
351,ERR2935805,SPAdes,Listeria monocytogenes,2992342.0,497142.0
352,ERR2935805,SPAdes,Listeria monocytogenes,2992342.0,497143.0
353,ERR2935805,SPAdes,Listeria monocytogenes,2992342.0,497146.0
354,ERR2935805,SPAdes,Listeria monocytogenes,2992342.0,302597.0
355,ERR2935805,SPAdes,Listeria monocytogenes,2992342.0,302601.0
356,ERR2935805,SPAdes,Listeria monocytogenes,2992342.0,302604.0
357,ERR2935805,SPAdes,Listeria monocytogenes,2992342.0,302608.0
358,ERR2935805,SPAdes,Listeria monocytogenes,2992342.0,1049664.0
359,ERR2935805,SPAdes,Listeria monocytogenes,2992342.0,1713990.0
360,ERR2935805,SPAdes,Listeria monocytogenes,2992342.0,1713995.0
361,ERR2935805,SPAdes,Listeria monocytogenes,2992342.0,1714000.0
362,ERR2935805,SPAdes,Listeria monocytogenes,2992342.0,2746708.0
363,ERR2935805,SPAdes,Listeria monocytogenes,2992342.0,2746712.0
364,ERR2935805,SPAdes,Listeria monocytogenes,2992342.0,2746714.0
365,ERR2935805,SPAdes,Listeria monocytogenes,2992342.0,2746716.0
366,ERR2935805,SPAdes,Listeria monocytogenes,2992342.0,2746720.0
367,ERR2935805,SPAdes,Listeria monocytogenes,2992342.0,624108.0
368,ERR2935805,SPAdes,Listeria monocytogenes,2992342.0,624109.0
369,ERR2935805,SPAdes,Listeria monocytogenes,2992342.0,624110.0
370,ERR2935805,SPAdes,Listeria monocytogenes,2992342.0,2451491.0
371,ERR2935805,SPAdes,Listeria monocytogenes,2992342.0,824407.0
372,ERR2935805,SPAdes,Listeria monocytogenes,2992342.0,824408.0
373,ERR2935805,SPAdes,Listeria monocytogenes,2992342.0,1015030.0
374,ERR2935805,SPAdes,Listeria monocytogenes,2992342.0,1015036.0
375,ERR2935805,SPAdes,Listeria monocytogenes,2992342.0,1015042.0
376,ERR2935805,SPAdes,Listeria monocytogenes,2992342.0,635241.0
377,ERR2935805,SPAdes,Listeria monocytogenes,2992342.0,635242.0
378,ERR2935805,SPAdes,Listeria monocytogenes,2992342.0,635243.0
379,ERR2935805,SPAdes,Listeria monocytogenes,2992342.0,1231356.0
380,ERR2935805,SPAdes,Listeria monocytogenes,2992342.0,2737664.0
381,ERR2935805,SPAdes,Listeria monocytogenes,2992342.0,1501570.0
382,ERR2935805,SPAdes,Listeria monocytogenes,2992342.0,596267.0
383,ERR2935805,SPAdes,Listeria monocytogenes,2992342.0,596268.0
384,ERR2935805,SPAdes,Listeria monocytogenes,2992342.0,596269.0
385,ERR2935805,SPAdes,Listeria monocytogenes,2992342.0,1045632.0
386,ERR2935805,SPAdes,Listeria monocytogenes,2992342.0,1045636.0
387,ERR2935805,SPAdes,Listeria monocytogenes,2992342.0,1045640.0
388,ERR2935805,SPAdes,Listeria monocytogenes,2992342.0,2876536.0
389,ERR2935805,SPAdes,Listeria monocytogenes,2992342.0,1536419.0
390,ERR2935805,SPAdes,Listeria monocytogenes,2992342.0,1536420.0
391,ERR2935805,SPAdes,Listeria monocytogenes,2992342.0,1536421.0
392,ERR2935805,SPAdes,Listeria monocytogenes,2992342.0,2496446.0
393,ERR2935805,SPAdes,Listeria monocytogenes,2992342.0,2496451.0
394,ERR2935805,SPAdes,Listeria monocytogenes,2992342.0,2743771.0
395,ERR2935805,SPAdes,Listeria monocytogenes,2992342.0,2743775.0
396,ERR2935805,SPAdes,Listeria monocytogenes,2992342.0,2743779.0
397,ERR2935805,SPAdes,Listeria monocytogenes,2992342.0,33000.0
398,ERR2935805,SPAdes,Listeria monocytogenes,2992342.0,33007.0
399,ERR2935805,SPAdes,Listeria monocytogenes,2992342.0,551198.0
400,ERR2935805,SPAdes,Listeria monocytogenes,2992342.0,1865695.0
401,ERR2935805,SPAdes,Listeria monocytogenes,2992342.0,1865701.0
402,ERR2935805,SPAdes,Listeria monocytogenes,2992342.0,1865702.0
403,ERR2935805,SPAdes,Listeria monocytogenes,2992342.0,1865703.0
404,ERR2935805,SPAdes,Listeria monocytogenes,2992342.0,1865709.0
405,ERR2935805,SPAdes,Listeria monocytogenes,2992342.0,1639829.0
406,ERR2935805,SPAdes,Listeria monocytogenes,2992342.0,1597830.0
407,ERR2935805,SPAdes,Listeria monocytogenes,2992342.0,1597833.0
408,ERR2935805,SPAdes,Listeria monocytogenes,2992342.0,422073.0
409,ERR2935805,SPAdes,Pseudomonas aeruginosa,6792330.0,5613783.0
410,ERR2935805,SPAdes,Pseudomonas aeruginosa,6792330.0,5613786.0
411,ERR2935805,SPAdes,Pseudomonas aeruginosa,6792330.0,5613824.0
412,ERR2935805,SPAdes,Pseudomonas aeruginosa,6792330.0,5613828.0
413,ERR2935805,SPAdes,Pseudomonas aeruginosa,6792330.0,5613847.0
414,ERR2935805,SPAdes,Pseudomonas aeruginosa,6792330.0,5613879.0
415,ERR2935805,SPAdes,Pseudomonas aeruginosa,6792330.0,5613897.0
416,ERR2935805,SPAdes,Pseudomonas aeruginosa,6792330.0,5613943.0
417,ERR2935805,SPAdes,Pseudomonas aeruginosa,6792330.0,5613946.0
418,ERR2935805,SPAdes,Pseudomonas aeruginosa,6792330.0,1878138.0
419,ERR2935805,SPAdes,Pseudomonas aeruginosa,6792330.0,1878156.0
420,ERR2935805,SPAdes,Pseudomonas aeruginosa,6792330.0,1878159.0
421,ERR2935805,SPAdes,Pseudomonas aeruginosa,6792330.0,6277535.0
422,ERR2935805,SPAdes,Pseudomonas aeruginosa,6792330.0,5397285.0
423,ERR2935805,SPAdes,Pseudomonas aeruginosa,6792330.0,5397286.0
424,ERR2935805,SPAdes,Pseudomonas aeruginosa,6792330.0,5397287.0
425,ERR2935805,SPAdes,Pseudomonas aeruginosa,6792330.0,5397291.0
426,ERR2935805,SPAdes,Pseudomonas aeruginosa,6792330.0,5397297.0
427,ERR2935805,SPAdes,Pseudomonas aeruginosa,6792330.0,5397319.0
428,ERR2935805,SPAdes,Pseudomonas aeruginosa,6792330.0,5397321.0
429,ERR2935805,SPAdes,Pseudomonas aeruginosa,6792330.0,5397333.0
430,ERR2935805,SPAdes,Pseudomonas aeruginosa,6792330.0,5397342.0
431,ERR2935805,SPAdes,Pseudomonas aeruginosa,6792330.0,5397351.0
432,ERR2935805,SPAdes,Pseudomonas aeruginosa,6792330.0,5397369.0
433,ERR2935805,SPAdes,Pseudomonas aeruginosa,6792330.0,5397381.0
434,ERR2935805,SPAdes,Pseudomonas aeruginosa,6792330.0,5397390.0
435,ERR2935805,SPAdes,Pseudomonas aeruginosa,6792330.0,5397393.0
436,ERR2935805,SPAdes,Pseudomonas aeruginosa,6792330.0,5397451.0
437,ERR2935805,SPAdes,Pseudomonas aeruginosa,6792330.0,5397453.0
438,ERR2935805,SPAdes,Pseudomonas aeruginosa,6792330.0,5397461.0
439,ERR2935805,SPAdes,Pseudomonas aeruginosa,6792330.0,5397483.0
440,ERR2935805,SPAdes,Pseudomonas aeruginosa,6792330.0,5397489.0
441,ERR2935805,SPAdes,Pseudomonas aeruginosa,6792330.0,5397492.0
442,ERR2935805,SPAdes,Pseudomonas aeruginosa,6792330.0,5397531.0
443,ERR2935805,SPAdes,Pseudomonas aeruginosa,6792330.0,5397537.0
444,ERR2935805,SPAdes,Pseudomonas aeruginosa,6792330.0,5397543.0
445,ERR2935805,SPAdes,Pseudomonas aeruginosa,6792330.0,5397559.0
446,ERR2935805,SPAdes,Pseudomonas aeruginosa,6792330.0,5397581.0
447,ERR2935805,SPAdes,Pseudomonas aeruginosa,6792330.0,5397582.0
448,ERR2935805,SPAdes,Pseudomonas aeruginosa,6792330.0,5397591.0
449,ERR2935805,SPAdes,Pseudomonas aeruginosa,6792330.0,5397597.0
450,ERR2935805,SPAdes,Pseudomonas aeruginosa,6792330.0,5397603.0
451,ERR2935805,SPAdes,Pseudomonas aeruginosa,6792330.0,5397615.0
452,ERR2935805,SPAdes,Pseudomonas aeruginosa,6792330.0,5397616.0
453,ERR2935805,SPAdes,Pseudomonas aeruginosa,6792330.0,5397617.0
454,ERR2935805,SPAdes,Pseudomonas aeruginosa,6792330.0,5397621.0
455,ERR2935805,SPAdes,Pseudomonas aeruginosa,6792330.0,5397624.0
456,ERR2935805,SPAdes,Pseudomonas aeruginosa,6792330.0,5397630.0
457,ERR2935805,SPAdes,Pseudomonas aeruginosa,6792330.0,5397637.0
458,ERR2935805,SPAdes,Pseudomonas aeruginosa,6792330.0,5397638.0
459,ERR2935805,SPAdes,Pseudomonas aeruginosa,6792330.0,5397641.0
460,ERR2935805,SPAdes,Pseudomonas aeruginosa,6792330.0,5397642.0
461,ERR2935805,SPAdes,Pseudomonas aeruginosa,6792330.0,5397643.0
462,ERR2935805,SPAdes,Pseudomonas aeruginosa,6792330.0,5397651.0
463,ERR2935805,SPAdes,Pseudomonas aeruginosa,6792330.0,5397657.0
464,ERR2935805,SPAdes,Pseudomonas aeruginosa,6792330.0,5397659.0
465,ERR2935805,SPAdes,Pseudomonas aeruginosa,6792330.0,5397660.0
466,ERR2935805,SPAdes,Pseudomonas aeruginosa,6792330.0,5397663.0
467,ERR2935805,SPAdes,Pseudomonas aeruginosa,6792330.0,5397664.0
468,ERR2935805,SPAdes,Pseudomonas aeruginosa,6792330.0,5397666.0
469,ERR2935805,SPAdes,Pseudomonas aeruginosa,6792330.0,5397669.0
470,ERR2935805,SPAdes,Pseudomonas aeruginosa,6792330.0,5397670.0
471,ERR2935805,SPAdes,Pseudomonas aeruginosa,6792330.0,5397671.0
472,ERR2935805,SPAdes,Pseudomonas aeruginosa,6792330.0,5397675.0
473,ERR2935805,SPAdes,Pseudomonas aeruginosa,6792330.0,5397678.0
474,ERR2935805,SPAdes,Pseudomonas aeruginosa,6792330.0,5397681.0
475,ERR2935805,SPAdes,Pseudomonas aeruginosa,6792330.0,5397687.0
476,ERR2935805,SPAdes,Pseudomonas aeruginosa,6792330.0,5397689.0
477,ERR2935805,SPAdes,Pseudomonas aeruginosa,6792330.0,5397690.0
478,ERR2935805,SPAdes,Pseudomonas aeruginosa,6792330.0,5397693.0
479,ERR2935805,SPAdes,Pseudomonas aeruginosa,6792330.0,5397696.0
480,ERR2935805,SPAdes,Pseudomonas aeruginosa,6792330.0,5397697.0
481,ERR2935805,SPAdes,Pseudomonas aeruginosa,6792330.0,5397698.0
482,ERR2935805,SPAdes,Pseudomonas aeruginosa,6792330.0,5397704.0
483,ERR2935805,SPAdes,Pseudomonas aeruginosa,6792330.0,5397711.0
484,ERR2935805,SPAdes,Pseudomonas aeruginosa,6792330.0,5397720.0
485,ERR2935805,SPAdes,Pseudomonas aeruginosa,6792330.0,5397723.0
486,ERR2935805,SPAdes,Pseudomonas aeruginosa,6792330.0,5397726.0
487,ERR2935805,SPAdes,Pseudomonas aeruginosa,6792330.0,5397738.0
488,ERR2935805,SPAdes,Pseudomonas aeruginosa,6792330.0,5397747.0
489,ERR2935805,SPAdes,Pseudomonas aeruginosa,6792330.0,5397751.0
490,ERR2935805,SPAdes,Pseudomonas aeruginosa,6792330.0,5397752.0
491,ERR2935805,SPAdes,Pseudomonas aeruginosa,6792330.0,5397753.0
492,ERR2935805,SPAdes,Pseudomonas aeruginosa,6792330.0,5397768.0
493,ERR2935805,SPAdes,Pseudomonas aeruginosa,6792330.0,5397769.0
494,ERR2935805,SPAdes,Pseudomonas aeruginosa,6792330.0,5397770.0
495,ERR2935805,SPAdes,Pseudomonas aeruginosa,6792330.0,5397774.0
496,ERR2935805,SPAdes,Pseudomonas aeruginosa,6792330.0,5397816.0
497,ERR2935805,SPAdes,Pseudomonas aeruginosa,6792330.0,5398083.0
498,ERR2935805,SPAdes,Pseudomonas aeruginosa,6792330.0,5398095.0
499,ERR2935805,SPAdes,Pseudomonas aeruginosa,6792330.0,5398119.0
500,ERR2935805,SPAdes,Pseudomonas aeruginosa,6792330.0,5398179.0
501,ERR2935805,SPAdes,Pseudomonas aeruginosa,6792330.0,5398213.0
502,ERR2935805,SPAdes,Pseudomonas aeruginosa,6792330.0,5398218.0
503,ERR2935805,SPAdes,Pseudomonas aeruginosa,6792330.0,5398257.0
504,ERR2935805,SPAdes,Pseudomonas aeruginosa,6792330.0,5398269.0
505,ERR2935805,SPAdes,Pseudomonas aeruginosa,6792330.0,5398307.0
506,ERR2935805,SPAdes,Pseudomonas aeruginosa,6792330.0,5398308.0
507,ERR2935805,SPAdes,Pseudomonas aeruginosa,6792330.0,5398323.0
508,ERR2935805,SPAdes,Pseudomonas aeruginosa,6792330.0,2290295.0
509,ERR2935805,SPAdes,Pseudomonas aeruginosa,6792330.0,3609161.0
510,ERR2935805,SPAdes,Pseudomonas aeruginosa,6792330.0,2742828.0
511,ERR2935805,SPAdes,Pseudomonas aeruginosa,6792330.0,2742859.0
512,ERR2935805,SPAdes,Pseudomonas aeruginosa,6792330.0,2742887.0
513,ERR2935805,SPAdes,Pseudomonas aeruginosa,6792330.0,2718323.0
514,ERR2935805,SPAdes,Pseudomonas aeruginosa,6792330.0,2718369.0
515,ERR2935805,SPAdes,Pseudomonas aeruginosa,6792330.0,2718395.0
516,ERR2935805,SPAdes,Pseudomonas aeruginosa,6792330.0,2718893.0
517,ERR2935805,SPAdes,Pseudomonas aeruginosa,6792330.0,2718911.0
518,ERR2935805,SPAdes,Pseudomonas aeruginosa,6792330.0,2718974.0
519,ERR2935805,SPAdes,Pseudomonas aeruginosa,6792330.0,2719715.0
520,ERR2935805,SPAdes,Pseudomonas aeruginosa,6792330.0,2720138.0
521,ERR2935805,SPAdes,Pseudomonas aeruginosa,6792330.0,2720156.0
522,ERR2935805,SPAdes,Pseudomonas aeruginosa,6792330.0,2720219.0
523,ERR2935805,SPAdes,Pseudomonas aeruginosa,6792330.0,1892935.0
524,ERR2935805,SPAdes,Pseudomonas aeruginosa,6792330.0,5482489.0
525,ERR2935805,SPAdes,Pseudomonas aeruginosa,6792330.0,5483039.0
526,ERR2935805,SPAdes,Pseudomonas aeruginosa,6792330.0,5483047.0
527,ERR2935805,SPAdes,Pseudomonas aeruginosa,6792330.0,5483064.0
528,ERR2935805,SPAdes,Pseudomonas aeruginosa,6792330.0,5483088.0
529,ERR2935805,SPAdes,Pseudomonas aeruginosa,6792330.0,5483160.0
530,ERR2935805,SPAdes,Pseudomonas aeruginosa,6792330.0,5483193.0
531,ERR2935805,SPAdes,Pseudomonas aeruginosa,6792330.0,3979906.0
532,ERR2935805,SPAdes,Pseudomonas aeruginosa,6792330.0,3979954.0
533,ERR2935805,SPAdes,Pseudomonas aeruginosa,6792330.0,3980041.0
534,ERR2935805,SPAdes,Pseudomonas aeruginosa,6792330.0,3980068.0
535,ERR2935805,SPAdes,Pseudomonas aeruginosa,6792330.0,3980077.0
536,ERR2935805,SPAdes,Pseudomonas aeruginosa,6792330.0,3980089.0
537,ERR2935805,SPAdes,Pseudomonas aeruginosa,6792330.0,3980842.0
538,ERR2935805,SPAdes,Pseudomonas aeruginosa,6792330.0,3980920.0
539,ERR2935805,SPAdes,Pseudomonas aeruginosa,6792330.0,3981106.0
540,ERR2935805,SPAdes,Pseudomonas aeruginosa,6792330.0,2427735.0
541,ERR2935805,SPAdes,Pseudomonas aeruginosa,6792330.0,2428073.0
542,ERR2935805,SPAdes,Pseudomonas aeruginosa,6792330.0,2428079.0
543,ERR2935805,SPAdes,Pseudomonas aeruginosa,6792330.0,2428103.0
544,ERR2935805,SPAdes,Pseudomonas aeruginosa,6792330.0,2428106.0
545,ERR2935805,SPAdes,Pseudomonas aeruginosa,6792330.0,2428133.0
546,ERR2935805,SPAdes,Pseudomonas aeruginosa,6792330.0,2428976.0
547,ERR2935805,SPAdes,Pseudomonas aeruginosa,6792330.0,2429054.0
548,ERR2935805,SPAdes,Pseudomonas aeruginosa,6792330.0,2429222.0
549,ERR2935805,SPAdes,Pseudomonas aeruginosa,6792330.0,2429314.0
550,ERR2935805,SPAdes,Pseudomonas aeruginosa,6792330.0,2429317.0
551,ERR2935805,SPAdes,Pseudomonas aeruginosa,6792330.0,2429320.0
552,ERR2935805,SPAdes,Pseudomonas aeruginosa,6792330.0,2429323.0
553,ERR2935805,SPAdes,Pseudomonas aeruginosa,6792330.0,2429461.0
554,ERR2935805,SPAdes,Pseudomonas aeruginosa,6792330.0,2429515.0
555,ERR2935805,SPAdes,Pseudomonas aeruginosa,6792330.0,2853109.0
556,ERR2935805,SPAdes,Pseudomonas aeruginosa,6792330.0,2853201.0
557,ERR2935805,SPAdes,Pseudomonas aeruginosa,6792330.0,2853235.0
558,ERR2935805,SPAdes,Pseudomonas aeruginosa,6792330.0,2853253.0
559,ERR2935805,SPAdes,Pseudomonas aeruginosa,6792330.0,2853283.0
560,ERR2935805,SPAdes,Pseudomonas aeruginosa,6792330.0,2853469.0
561,ERR2935805,SPAdes,Salmonella enterica,4759746.0,4315249.0
562,ERR2935805,SPAdes,Salmonella enterica,4759746.0,965.0
563,ERR2935805,SPAdes,Salmonella enterica,4759746.0,984.0
564,ERR2935805,SPAdes,Salmonella enterica,4759746.0,1000.0
565,ERR2935805,SPAdes,Salmonella enterica,4759746.0,1001.0
566,ERR2935805,SPAdes,Salmonella enterica,4759746.0,1003.0
567,ERR2935805,SPAdes,Salmonella enterica,4759746.0,3942333.0
568,ERR2935805,SPAdes,Salmonella enterica,4759746.0,3942334.0
569,ERR2935805,SPAdes,Salmonella enterica,4759746.0,3942357.0
570,ERR2935805,SPAdes,Salmonella enterica,4759746.0,3942361.0
571,ERR2935805,SPAdes,Salmonella enterica,4759746.0,3942363.0
572,ERR2935805,SPAdes,Salmonella enterica,4759746.0,3942369.0
573,ERR2935805,SPAdes,Salmonella enterica,4759746.0,3942372.0
574,ERR2935805,SPAdes,Salmonella enterica,4759746.0,3942401.0
575,ERR2935805,SPAdes,Salmonella enterica,4759746.0,3942402.0
576,ERR2935805,SPAdes,Salmonella enterica,4759746.0,3942405.0
577,ERR2935805,SPAdes,Salmonella enterica,4759746.0,3942408.0
578,ERR2935805,SPAdes,Salmonella enterica,4759746.0,3942409.0
579,ERR2935805,SPAdes,Salmonella enterica,4759746.0,3942421.0
580,ERR2935805,SPAdes,Salmonella enterica,4759746.0,3942422.0
581,ERR2935805,SPAdes,Salmonella enterica,4759746.0,3942429.0
582,ERR2935805,SPAdes,Salmonella enterica,4759746.0,3942430.0
583,ERR2935805,SPAdes,Salmonella enterica,4759746.0,3942432.0
584,ERR2935805,SPAdes,Salmonella enterica,4759746.0,3942441.0
585,ERR2935805,SPAdes,Salmonella enterica,4759746.0,3942442.0
586,ERR2935805,SPAdes,Salmonella enterica,4759746.0,3942445.0
587,ERR2935805,SPAdes,Salmonella enterica,4759746.0,3942461.0
588,ERR2935805,SPAdes,Salmonella enterica,4759746.0,3942465.0
589,ERR2935805,SPAdes,Salmonella enterica,4759746.0,3942469.0
590,ERR2935805,SPAdes,Salmonella enterica,4759746.0,3942475.0
591,ERR2935805,SPAdes,Salmonella enterica,4759746.0,3942477.0
592,ERR2935805,SPAdes,Salmonella enterica,4759746.0,3942479.0
593,ERR2935805,SPAdes,Salmonella enterica,4759746.0,3942481.0
594,ERR2935805,SPAdes,Salmonella enterica,4759746.0,3942513.0
595,ERR2935805,SPAdes,Salmonella enterica,4759746.0,3942522.0
596,ERR2935805,SPAdes,Salmonella enterica,4759746.0,3942524.0
597,ERR2935805,SPAdes,Salmonella enterica,4759746.0,3942526.0
598,ERR2935805,SPAdes,Salmonella enterica,4759746.0,3942536.0
599,ERR2935805,SPAdes,Salmonella enterica,4759746.0,3942681.0
600,ERR2935805,SPAdes,Salmonella enterica,4759746.0,3942696.0
601,ERR2935805,SPAdes,Salmonella enterica,4759746.0,3942707.0
602,ERR2935805,SPAdes,Salmonella enterica,4759746.0,3942715.0
603,ERR2935805,SPAdes,Salmonella enterica,4759746.0,3942717.0
604,ERR2935805,SPAdes,Salmonella enterica,4759746.0,3942721.0
605,ERR2935805,SPAdes,Salmonella enterica,4759746.0,3942722.0
606,ERR2935805,SPAdes,Salmonella enterica,4759746.0,3942733.0
607,ERR2935805,SPAdes,Salmonella enterica,4759746.0,3942738.0
608,ERR2935805,SPAdes,Salmonella enterica,4759746.0,3942760.0
609,ERR2935805,SPAdes,Salmonella enterica,4759746.0,3942766.0
610,ERR2935805,SPAdes,Salmonella enterica,4759746.0,3942770.0
611,ERR2935805,SPAdes,Salmonella enterica,4759746.0,3778948.0
612,ERR2935805,SPAdes,Salmonella enterica,4759746.0,3778951.0
613,ERR2935805,SPAdes,Salmonella enterica,4759746.0,3778960.0
614,ERR2935805,SPAdes,Salmonella enterica,4759746.0,3778963.0
615,ERR2935805,SPAdes,Salmonella enterica,4759746.0,3778964.0
616,ERR2935805,SPAdes,Salmonella enterica,4759746.0,3778966.0
617,ERR2935805,SPAdes,Salmonella enterica,4759746.0,3778967.0
618,ERR2935805,SPAdes,Salmonella enterica,4759746.0,3778968.0
619,ERR2935805,SPAdes,Salmonella enterica,4759746.0,3778970.0
620,ERR2935805,SPAdes,Salmonella enterica,4759746.0,3778976.0
621,ERR2935805,SPAdes,Salmonella enterica,4759746.0,3779451.0
622,ERR2935805,SPAdes,Salmonella enterica,4759746.0,4539604.0
623,ERR2935805,SPAdes,Salmonella enterica,4759746.0,4539628.0
624,ERR2935805,SPAdes,Salmonella enterica,4759746.0,4539642.0
625,ERR2935805,SPAdes,Salmonella enterica,4759746.0,4539643.0
626,ERR2935805,SPAdes,Salmonella enterica,4759746.0,4539655.0
627,ERR2935805,SPAdes,Salmonella enterica,4759746.0,4539656.0
628,ERR2935805,SPAdes,Salmonella enterica,4759746.0,4539658.0
629,ERR2935805,SPAdes,Salmonella enterica,4759746.0,4539661.0
630,ERR2935805,SPAdes,Salmonella enterica,4759746.0,4539664.0
631,ERR2935805,SPAdes,Salmonella enterica,4759746.0,4539673.0
632,ERR2935805,SPAdes,Salmonella enterica,4759746.0,4539674.0
633,ERR2935805,SPAdes,Salmonella enterica,4759746.0,4539675.0
634,ERR2935805,SPAdes,Salmonella enterica,4759746.0,4539685.0
635,ERR2935805,SPAdes,Salmonella enterica,4759746.0,4539691.0
636,ERR2935805,SPAdes,Salmonella enterica,4759746.0,4539695.0
637,ERR2935805,SPAdes,Salmonella enterica,4759746.0,4539700.0
638,ERR2935805,SPAdes,Salmonella enterica,4759746.0,4539703.0
639,ERR2935805,SPAdes,Salmonella enterica,4759746.0,4539706.0
640,ERR2935805,SPAdes,Salmonella enterica,4759746.0,4539712.0
641,ERR2935805,SPAdes,Salmonella enterica,4759746.0,4539724.0
642,ERR2935805,SPAdes,Salmonella enterica,4759746.0,4539726.0
643,ERR2935805,SPAdes,Salmonella enterica,4759746.0,4539728.0
644,ERR2935805,SPAdes,Salmonella enterica,4759746.0,4539730.0
645,ERR2935805,SPAdes,Salmonella enterica,4759746.0,4539737.0
646,ERR2935805,SPAdes,Salmonella enterica,4759746.0,4539755.0
647,ERR2935805,SPAdes,Salmonella enterica,4759746.0,4539759.0
648,ERR2935805,SPAdes,Salmonella enterica,4759746.0,4539761.0
649,ERR2935805,SPAdes,Salmonella enterica,4759746.0,4539768.0
650,ERR2935805,SPAdes,Salmonella enterica,4759746.0,4540804.0
651,ERR2935805,SPAdes,Salmonella enterica,4759746.0,2096261.0
652,ERR2935805,SPAdes,Salmonella enterica,4759746.0,3311550.0
653,ERR2935805,SPAdes,Salmonella enterica,4759746.0,3815526.0
654,ERR2935805,SPAdes,Salmonella enterica,4759746.0,3815547.0
655,ERR2935805,SPAdes,Salmonella enterica,4759746.0,3815550.0
656,ERR2935805,SPAdes,Salmonella enterica,4759746.0,3815553.0
657,ERR2935805,SPAdes,Salmonella enterica,4759746.0,3815556.0
658,ERR2935805,SPAdes,Salmonella enterica,4759746.0,3815562.0
659,ERR2935805,SPAdes,Salmonella enterica,4759746.0,3815565.0
660,ERR2935805,SPAdes,Salmonella enterica,4759746.0,3815568.0
661,ERR2935805,SPAdes,Salmonella enterica,4759746.0,3815577.0
662,ERR2935805,SPAdes,Salmonella enterica,4759746.0,3815580.0
663,ERR2935805,SPAdes,Salmonella enterica,4759746.0,3815583.0
664,ERR2935805,SPAdes,Salmonella enterica,4759746.0,3815607.0
665,ERR2935805,SPAdes,Salmonella enterica,4759746.0,3815616.0
666,ERR2935805,SPAdes,Salmonella enterica,4759746.0,3815619.0
667,ERR2935805,SPAdes,Salmonella enterica,4759746.0,3815625.0
668,ERR2935805,SPAdes,Salmonella enterica,4759746.0,3815637.0
669,ERR2935805,SPAdes,Salmonella enterica,4759746.0,3815640.0
670,ERR2935805,SPAdes,Salmonella enterica,4759746.0,3815647.0
671,ERR2935805,SPAdes,Salmonella enterica,4759746.0,3815652.0
672,ERR2935805,SPAdes,Salmonella enterica,4759746.0,4138271.0
673,ERR2935805,SPAdes,Salmonella enterica,4759746.0,4138278.0
674,ERR2935805,SPAdes,Salmonella enterica,4759746.0,4138295.0
675,ERR2935805,SPAdes,Salmonella enterica,4759746.0,2294034.0
676,ERR2935805,SPAdes,Salmonella enterica,4759746.0,2294046.0
677,ERR2935805,SPAdes,Salmonella enterica,4759746.0,2294049.0
678,ERR2935805,SPAdes,Salmonella enterica,4759746.0,2294055.0
679,ERR2935805,SPAdes,Salmonella enterica,4759746.0,2294058.0
680,ERR2935805,SPAdes,Salmonella enterica,4759746.0,2294061.0
681,ERR2935805,SPAdes,Salmonella enterica,4759746.0,2294064.0
682,ERR2935805,SPAdes,Salmonella enterica,4759746.0,2294068.0
683,ERR2935805,SPAdes,Salmonella enterica,4759746.0,2294069.0
684,ERR2935805,SPAdes,Salmonella enterica,4759746.0,2294070.0
685,ERR2935805,SPAdes,Salmonella enterica,4759746.0,2294076.0
686,ERR2935805,SPAdes,Salmonella enterica,4759746.0,2294079.0
687,ERR2935805,SPAdes,Salmonella enterica,4759746.0,2294082.0
688,ERR2935805,SPAdes,Salmonella enterica,4759746.0,2294094.0
689,ERR2935805,SPAdes,Salmonella enterica,4759746.0,2294106.0
690,ERR2935805,SPAdes,Salmonella enterica,4759746.0,2294109.0
691,ERR2935805,SPAdes,Salmonella enterica,4759746.0,2294112.0
692,ERR2935805,SPAdes,Salmonella enterica,4759746.0,2294118.0
693,ERR2935805,SPAdes,Salmonella enterica,4759746.0,2294119.0
694,ERR2935805,SPAdes,Salmonella enterica,4759746.0,2294122.0
695,ERR2935805,SPAdes,Salmonella enterica,4759746.0,2294123.0
696,ERR2935805,SPAdes,Salmonella enterica,4759746.0,2294130.0
697,ERR2935805,SPAdes,Salmonella enterica,4759746.0,2294136.0
698,ERR2935805,SPAdes,Salmonella enterica,4759746.0,2294148.0
699,ERR2935805,SPAdes,Salmonella enterica,4759746.0,2294151.0
700,ERR2935805,SPAdes,Salmonella enterica,4759746.0,2294154.0
701,ERR2935805,SPAdes,Salmonella enterica,4759746.0,2294157.0
702,ERR2935805,SPAdes,Salmonella enterica,4759746.0,2294187.0
703,ERR2935805,SPAdes,Salmonella enterica,4759746.0,2294193.0
704,ERR2935805,SPAdes,Salmonella enterica,4759746.0,2294208.0
705,ERR2935805,SPAdes,Salmonella enterica,4759746.0,2294211.0
706,ERR2935805,SPAdes,Salmonella enterica,4759746.0,2294219.0
707,ERR2935805,SPAdes,Salmonella enterica,4759746.0,2294229.0
708,ERR2935805,SPAdes,Salmonella enterica,4759746.0,2294232.0
709,ERR2935805,SPAdes,Salmonella enterica,4759746.0,2294241.0
710,ERR2935805,SPAdes,Salmonella enterica,4759746.0,2294242.0
711,ERR2935805,SPAdes,Salmonella enterica,4759746.0,2294244.0
712,ERR2935805,SPAdes,Salmonella enterica,4759746.0,2294247.0
713,ERR2935805,SPAdes,Salmonella enterica,4759746.0,2294262.0
714,ERR2935805,SPAdes,Salmonella enterica,4759746.0,2294265.0
715,ERR2935805,SPAdes,Salmonella enterica,4759746.0,2294272.0
716,ERR2935805,SPAdes,Salmonella enterica,4759746.0,2294274.0
717,ERR2935805,SPAdes,Salmonella enterica,4759746.0,2294275.0
718,ERR2935805,SPAdes,Salmonella enterica,4759746.0,2294277.0
719,ERR2935805,SPAdes,Salmonella enterica,4759746.0,2294280.0
720,ERR2935805,SPAdes,Salmonella enterica,4759746.0,2294283.0
721,ERR2935805,SPAdes,Salmonella enterica,4759746.0,2294286.0
722,ERR2935805,SPAdes,Salmonella enterica,4759746.0,2294289.0
723,ERR2935805,SPAdes,Salmonella enterica,4759746.0,2294301.0
724,ERR2935805,SPAdes,Salmonella enterica,4759746.0,2294304.0
725,ERR2935805,SPAdes,Salmonella enterica,4759746.0,2294310.0
726,ERR2935805,SPAdes,Salmonella enterica,4759746.0,2294313.0
727,ERR2935805,SPAdes,Salmonella enterica,4759746.0,2294316.0
728,ERR2935805,SPAdes,Salmonella enterica,4759746.0,2294323.0
729,ERR2935805,SPAdes,Salmonella enterica,4759746.0,2294331.0
730,ERR2935805,SPAdes,Salmonella enterica,4759746.0,2294334.0
731,ERR2935805,SPAdes,Salmonella enterica,4759746.0,2294343.0
732,ERR2935805,SPAdes,Salmonella enterica,4759746.0,2294346.0
733,ERR2935805,SPAdes,Salmonella enterica,4759746.0,2294349.0
734,ERR2935805,SPAdes,Salmonella enterica,4759746.0,2294350.0
735,ERR2935805,SPAdes,Salmonella enterica,4759746.0,2294351.0
736,ERR2935805,SPAdes,Salmonella enterica,4759746.0,2294352.0
737,ERR2935805,SPAdes,Salmonella enterica,4759746.0,3748228.0
738,ERR2935805,SPAdes,Salmonella enterica,4759746.0,2252306.0
739,ERR2935805,SPAdes,Salmonella enterica,4759746.0,2252312.0
740,ERR2935805,SPAdes,Salmonella enterica,4759746.0,2252330.0
741,ERR2935805,SPAdes,Salmonella enterica,4759746.0,2252333.0
742,ERR2935805,SPAdes,Salmonella enterica,4759746.0,2252339.0
743,ERR2935805,SPAdes,Salmonella enterica,4759746.0,2252351.0
744,ERR2935805,SPAdes,Salmonella enterica,4759746.0,2252357.0
745,ERR2935805,SPAdes,Salmonella enterica,4759746.0,2252360.0
746,ERR2935805,SPAdes,Salmonella enterica,4759746.0,2252366.0
747,ERR2935805,SPAdes,Salmonella enterica,4759746.0,2252369.0
748,ERR2935805,SPAdes,Salmonella enterica,4759746.0,2252372.0
749,ERR2935805,SPAdes,Salmonella enterica,4759746.0,2252375.0
750,ERR2935805,SPAdes,Salmonella enterica,4759746.0,3383819.0
751,ERR2935805,SPAdes,Salmonella enterica,4759746.0,3383822.0
752,ERR2935805,SPAdes,Salmonella enterica,4759746.0,3383825.0
753,ERR2935805,SPAdes,Salmonella enterica,4759746.0,3383827.0
754,ERR2935805,SPAdes,Salmonella enterica,4759746.0,3383831.0
755,ERR2935805,SPAdes,Salmonella enterica,4759746.0,3383855.0
756,ERR2935805,SPAdes,Salmonella enterica,4759746.0,3383864.0
757,ERR2935805,SPAdes,Salmonella enterica,4759746.0,3383867.0
758,ERR2935805,SPAdes,Salmonella enterica,4759746.0,3383873.0
759,ERR2935805,SPAdes,Salmonella enterica,4759746.0,3384508.0
760,ERR2935805,SPAdes,Salmonella enterica,4759746.0,3384531.0
761,ERR2935805,SPAdes,Salmonella enterica,4759746.0,3384534.0
762,ERR2935805,SPAdes,Salmonella enterica,4759746.0,3384540.0
763,ERR2935805,SPAdes,Salmonella enterica,4759746.0,3384546.0
764,ERR2935805,SPAdes,Salmonella enterica,4759746.0,3384549.0
765,ERR2935805,SPAdes,Salmonella enterica,4759746.0,3384552.0
766,ERR2935805,SPAdes,Salmonella enterica,4759746.0,3384555.0
767,ERR2935805,SPAdes,Salmonella enterica,4759746.0,3384559.0
768,ERR2935805,SPAdes,Salmonella enterica,4759746.0,3384576.0
769,ERR2935805,SPAdes,Salmonella enterica,4759746.0,3384577.0
770,ERR2935805,SPAdes,Salmonella enterica,4759746.0,3384585.0
771,ERR2935805,SPAdes,Salmonella enterica,4759746.0,1450779.0
772,ERR2935805,SPAdes,Salmonella enterica,4759746.0,1450791.0
773,ERR2935805,SPAdes,Salmonella enterica,4759746.0,1450815.0
774,ERR2935805,SPAdes,Salmonella enterica,4759746.0,1450818.0
775,ERR2935805,SPAdes,Salmonella enterica,4759746.0,1450824.0
776,ERR2935805,SPAdes,Salmonella enterica,4759746.0,1450836.0
777,ERR2935805,SPAdes,Salmonella enterica,4759746.0,1450848.0
778,ERR2935805,SPAdes,Salmonella enterica,4759746.0,1450863.0
779,ERR2935805,SPAdes,Salmonella enterica,4759746.0,1450866.0
780,ERR2935805,SPAdes,Salmonella enterica,4759746.0,1450881.0
781,ERR2935805,SPAdes,Salmonella enterica,4759746.0,1450884.0
782,ERR2935805,SPAdes,Salmonella enterica,4759746.0,1450887.0
783,ERR2935805,SPAdes,Salmonella enterica,4759746.0,1450908.0
784,ERR2935805,SPAdes,Salmonella enterica,4759746.0,1450920.0
785,ERR2935805,SPAdes,Salmonella enterica,4759746.0,1450923.0
786,ERR2935805,SPAdes,Salmonella enterica,4759746.0,1966956.0
787,ERR2935805,SPAdes,Salmonella enterica,4759746.0,1966962.0
788,ERR2935805,SPAdes,Salmonella enterica,4759746.0,1966968.0
789,ERR2935805,SPAdes,Salmonella enterica,4759746.0,1966977.0
790,ERR2935805,SPAdes,Salmonella enterica,4759746.0,1966980.0
791,ERR2935805,SPAdes,Salmonella enterica,4759746.0,1966983.0
792,ERR2935805,SPAdes,Salmonella enterica,4759746.0,1966986.0
793,ERR2935805,SPAdes,Salmonella enterica,4759746.0,1966992.0
794,ERR2935805,SPAdes,Salmonella enterica,4759746.0,1966996.0
795,ERR2935805,SPAdes,Salmonella enterica,4759746.0,1966998.0
796,ERR2935805,SPAdes,Salmonella enterica,4759746.0,1967001.0
797,ERR2935805,SPAdes,Salmonella enterica,4759746.0,3540112.0
798,ERR2935805,SPAdes,Salmonella enterica,4759746.0,3540121.0
799,ERR2935805,SPAdes,Salmonella enterica,4759746.0,3540160.0
800,ERR2935805,SPAdes,Salmonella enterica,4759746.0,3540169.0
801,ERR2935805,SPAdes,Salmonella enterica,4759746.0,3540170.0
802,ERR2935805,SPAdes,Salmonella enterica,4759746.0,3540185.0
803,ERR2935805,SPAdes,Salmonella enterica,4759746.0,3540193.0
804,ERR2935805,SPAdes,Salmonella enterica,4759746.0,3540194.0
805,ERR2935805,SPAdes,Salmonella enterica,4759746.0,3540202.0
806,ERR2935805,SPAdes,Salmonella enterica,4759746.0,3540203.0
807,ERR2935805,SPAdes,Salmonella enterica,4759746.0,3540215.0
808,ERR2935805,SPAdes,Salmonella enterica,4759746.0,3540216.0
809,ERR2935805,SPAdes,Salmonella enterica,4759746.0,3540220.0
810,ERR2935805,SPAdes,Salmonella enterica,4759746.0,3540229.0
811,ERR2935805,SPAdes,Salmonella enterica,4759746.0,3540232.0
812,ERR2935805,SPAdes,Salmonella enterica,4759746.0,3540266.0
813,ERR2935805,SPAdes,Salmonella enterica,4759746.0,3540274.0
814,ERR2935805,SPAdes,Salmonella enterica,4759746.0,3540286.0
815,ERR2935805,SPAdes,Salmonella enterica,4759746.0,3540301.0
816,ERR2935805,SPAdes,Salmonella enterica,4759746.0,3540307.0
817,ERR2935805,SPAdes,Salmonella enterica,4759746.0,3540314.0
818,ERR2935805,SPAdes,Salmonella enterica,4759746.0,3540316.0
819,ERR2935805,SPAdes,Salmonella enterica,4759746.0,3540325.0
820,ERR2935805,SPAdes,Salmonella enterica,4759746.0,3540497.0
821,ERR2935805,SPAdes,Salmonella enterica,4759746.0,3540528.0
822,ERR2935805,SPAdes,Salmonella enterica,4759746.0,3540539.0
823,ERR2935805,SPAdes,Salmonella enterica,4759746.0,3540542.0
824,ERR2935805,SPAdes,Salmonella enterica,4759746.0,4418167.0
825,ERR2935805,SPAdes,Salmonella enterica,4759746.0,4419074.0
826,ERR2935805,SPAdes,Salmonella enterica,4759746.0,4419111.0
827,ERR2935805,SPAdes,Salmonella enterica,4759746.0,4419117.0
828,ERR2935805,SPAdes,Salmonella enterica,4759746.0,4419119.0
829,ERR2935805,SPAdes,Salmonella enterica,4759746.0,4419123.0
830,ERR2935805,SPAdes,Salmonella enterica,4759746.0,4419131.0
831,ERR2935805,SPAdes,Salmonella enterica,4759746.0,4419138.0
832,ERR2935805,SPAdes,Salmonella enterica,4759746.0,4419148.0
833,ERR2935805,SPAdes,Salmonella enterica,4759746.0,4419157.0
834,ERR2935805,SPAdes,Salmonella enterica,4759746.0,4419158.0
835,ERR2935805,SPAdes,Salmonella enterica,4759746.0,1137869.0
836,ERR2935805,SPAdes,Salmonella enterica,4759746.0,1137879.0
837,ERR2935805,SPAdes,Salmonella enterica,4759746.0,1137882.0
838,ERR2935805,SPAdes,Salmonella enterica,4759746.0,1137883.0
839,ERR2935805,SPAdes,Salmonella enterica,4759746.0,1137886.0
840,ERR2935805,SPAdes,Salmonella enterica,4759746.0,1137887.0
841,ERR2935805,SPAdes,Salmonella enterica,4759746.0,1086758.0
842,ERR2935805,SPAdes,Salmonella enterica,4759746.0,1086761.0
843,ERR2935805,SPAdes,Salmonella enterica,4759746.0,1086776.0
844,ERR2935805,SPAdes,Salmonella enterica,4759746.0,1086794.0
845,ERR2935805,SPAdes,Salmonella enterica,4759746.0,1086797.0
846,ERR2935805,SPAdes,Salmonella enterica,4759746.0,1086800.0
847,ERR2935805,SPAdes,Salmonella enterica,4759746.0,1086806.0
848,ERR2935805,SPAdes,Salmonella enterica,4759746.0,1086812.0
849,ERR2935805,SPAdes,Salmonella enterica,4759746.0,1086815.0
850,ERR2935805,SPAdes,Salmonella enterica,4759746.0,1086836.0
851,ERR2935805,SPAdes,Salmonella enterica,4759746.0,1086839.0
852,ERR2935805,SPAdes,Salmonella enterica,4759746.0,1086854.0
853,ERR2935805,SPAdes,Salmonella enterica,4759746.0,1086864.0
854,ERR2935805,SPAdes,Salmonella enterica,4759746.0,1086869.0
855,ERR2935805,SPAdes,Salmonella enterica,4759746.0,1086878.0
856,ERR2935805,SPAdes,Salmonella enterica,4759746.0,1086902.0
857,ERR2935805,SPAdes,Salmonella enterica,4759746.0,1086926.0
858,ERR2935805,SPAdes,Salmonella enterica,4759746.0,1086963.0
859,ERR2935805,SPAdes,Salmonella enterica,4759746.0,1086965.0
860,ERR2935805,SPAdes,Salmonella enterica,4759746.0,1086971.0
861,ERR2935805,SPAdes,Salmonella enterica,4759746.0,1086974.0
862,ERR2935805,SPAdes,Salmonella enterica,4759746.0,1086977.0
863,ERR2935805,SPAdes,Salmonella enterica,4759746.0,1086987.0
864,ERR2935805,SPAdes,Salmonella enterica,4759746.0,1086995.0
865,ERR2935805,SPAdes,Salmonella enterica,4759746.0,1086998.0
866,ERR2935805,SPAdes,Salmonella enterica,4759746.0,1087043.0
867,ERR2935805,SPAdes,Salmonella enterica,4759746.0,1087287.0
868,ERR2935805,SPAdes,Salmonella enterica,4759746.0,1087360.0
869,ERR2935805,SPAdes,Salmonella enterica,4759746.0,1361740.0
870,ERR2935805,SPAdes,Salmonella enterica,4759746.0,1361758.0
871,ERR2935805,SPAdes,Salmonella enterica,4759746.0,1361764.0
872,ERR2935805,SPAdes,Salmonella enterica,4759746.0,1361766.0
873,ERR2935805,SPAdes,Salmonella enterica,4759746.0,1361773.0
874,ERR2935805,SPAdes,Salmonella enterica,4759746.0,1361775.0
875,ERR2935805,SPAdes,Salmonella enterica,4759746.0,1361777.0
876,ERR2935805,SPAdes,Salmonella enterica,4759746.0,1361778.0
877,ERR2935805,SPAdes,Salmonella enterica,4759746.0,1361782.0
878,ERR2935805,SPAdes,Salmonella enterica,4759746.0,1361788.0
879,ERR2935805,SPAdes,Salmonella enterica,4759746.0,1361791.0
880,ERR2935805,SPAdes,Salmonella enterica,4759746.0,1361803.0
881,ERR2935805,SPAdes,Salmonella enterica,4759746.0,1361806.0
882,ERR2935805,SPAdes,Salmonella enterica,4759746.0,1361813.0
883,ERR2935805,SPAdes,Salmonella enterica,4759746.0,1361818.0
884,ERR2935805,SPAdes,Salmonella enterica,4759746.0,1362019.0
885,ERR2935805,SPAdes,Salmonella enterica,4759746.0,1362039.0
886,ERR2935805,SPAdes,Salmonella enterica,4759746.0,1362064.0
887,ERR2935805,SPAdes,Salmonella enterica,4759746.0,1362076.0
888,ERR2935805,SPAdes,Escherichia coli plasmid,110007.0,96316.0
889,ERR2935805,SPAdes,Escherichia coli plasmid,110007.0,96319.0
890,ERR2935805,SPAdes,Escherichia coli plasmid,110007.0,96320.0
891,ERR2935805,SPAdes,Escherichia coli plasmid,110007.0,96329.0
892,ERR2935805,SPAdes,Escherichia coli plasmid,110007.0,96335.0
893,ERR2935805,SPAdes,Escherichia coli plasmid,110007.0,96385.0
894,ERR2935805,SPAdes,Escherichia coli plasmid,110007.0,96396.0
895,ERR2935805,SPAdes,Escherichia coli plasmid,110007.0,96397.0
896,ERR2935805,SPAdes,Escherichia coli plasmid,110007.0,96442.0
897,ERR2935805,SPAdes,Escherichia coli plasmid,110007.0,96445.0
898,ERR2935805,SPAdes,Escherichia coli plasmid,110007.0,96452.0
899,ERR2935805,SPAdes,Escherichia coli plasmid,110007.0,96457.0
900,ERR2935805,SPAdes,Escherichia coli plasmid,110007.0,96637.0
901,ERR2935805,SPAdes,Escherichia coli plasmid,110007.0,96643.0
902,ERR2935805,SPAdes,Escherichia coli plasmid,110007.0,96655.0
903,ERR2935805,SPAdes,Escherichia coli plasmid,110007.0,96658.0
904,ERR2935805,SPAdes,Escherichia coli plasmid,110007.0,96663.0
905,ERR2935805,SPAdes,Escherichia coli plasmid,110007.0,96667.0
906,ERR2935805,SPAdes,Escherichia coli plasmid,110007.0,96795.0
907,ERR2935805,SPAdes,Escherichia coli plasmid,110007.0,96807.0
908,ERR2935805,SPAdes,Escherichia coli plasmid,110007.0,96880.0
909,ERR2935805,SPAdes,Escherichia coli plasmid,110007.0,96883.0
910,ERR2935805,SPAdes,Escherichia coli plasmid,110007.0,96889.0
911,ERR2935805,SPAdes,Escherichia coli plasmid,110007.0,96892.0
912,ERR2935805,SPAdes,Escherichia coli plasmid,110007.0,96904.0
913,ERR2935805,SPAdes,Escherichia coli plasmid,110007.0,96910.0
914,ERR2935805,SPAdes,Escherichia coli plasmid,110007.0,96928.0
915,ERR2935805,SPAdes,Escherichia coli plasmid,110007.0,96952.0
916,ERR2935805,SPAdes,Escherichia coli plasmid,110007.0,96957.0
917,ERR2935805,SPAdes,Escherichia coli plasmid,110007.0,96958.0
918,ERR2935805,SPAdes,Escherichia coli plasmid,110007.0,97084.0
919,ERR2935805,SPAdes,Escherichia coli plasmid,110007.0,97115.0
920,ERR2935805,SPAdes,Escherichia coli plasmid,110007.0,97119.0
921,ERR2935805,SPAdes,Escherichia coli plasmid,110007.0,97144.0
922,ERR2935805,SPAdes,Escherichia coli plasmid,110007.0,97146.0
923,ERR2935805,SPAdes,Escherichia coli plasmid,110007.0,97422.0
924,ERR2935805,SPAdes,Escherichia coli plasmid,110007.0,97424.0
925,ERR2935805,SPAdes,Escherichia coli plasmid,110007.0,97425.0
926,ERR2935805,SPAdes,Escherichia coli plasmid,110007.0,97430.0
927,ERR2935805,SPAdes,Escherichia coli plasmid,110007.0,97431.0
