,Sample,Assembler,Reference,Reference Length,SNP Location
0,ERR2984773,SPAdes,Bacillus subtilis,4045677.0,3697135
1,ERR2984773,SPAdes,Bacillus subtilis,4045677.0,3697142
2,ERR2984773,SPAdes,Bacillus subtilis,4045677.0,3697147
3,ERR2984773,SPAdes,Bacillus subtilis,4045677.0,3697198
4,ERR2984773,SPAdes,Bacillus subtilis,4045677.0,807054.0
5,ERR2984773,SPAdes,Bacillus subtilis,4045677.0,807058.0
6,ERR2984773,SPAdes,Bacillus subtilis,4045677.0,807064.0
7,ERR2984773,SPAdes,Bacillus subtilis,4045677.0,807067.0
8,ERR2984773,SPAdes,Bacillus subtilis,4045677.0,807072.0
9,ERR2984773,SPAdes,Bacillus subtilis,4045677.0,807090.0
10,ERR2984773,SPAdes,Bacillus subtilis,4045677.0,807094.0
11,ERR2984773,SPAdes,Bacillus subtilis,4045677.0,209356
12,ERR2984773,SPAdes,Bacillus subtilis,4045677.0,209364
13,ERR2984773,SPAdes,Bacillus subtilis,4045677.0,209399
14,ERR2984773,SPAdes,Bacillus subtilis,4045677.0,209401
15,ERR2984773,SPAdes,Bacillus subtilis,4045677.0,209407
16,ERR2984773,SPAdes,Bacillus subtilis,4045677.0,209502
17,ERR2984773,SPAdes,Bacillus subtilis,4045677.0,209670
18,ERR2984773,SPAdes,Enterococcus faecalis,2845392.0,1438855
19,ERR2984773,SPAdes,Enterococcus faecalis,2845392.0,1438888
20,ERR2984773,SPAdes,Enterococcus faecalis,2845392.0,1438916
21,ERR2984773,SPAdes,Enterococcus faecalis,2845392.0,1438944
22,ERR2984773,SPAdes,Enterococcus faecalis,2845392.0,539617.0
23,ERR2984773,SPAdes,Enterococcus faecalis,2845392.0,1573918.0
24,ERR2984773,SPAdes,Escherichia coli,4765434.0,841240.0
25,ERR2984773,SPAdes,Escherichia coli,4765434.0,841243.0
26,ERR2984773,SPAdes,Escherichia coli,4765434.0,841249.0
27,ERR2984773,SPAdes,Escherichia coli,4765434.0,1921493.0
28,ERR2984773,SPAdes,Escherichia coli,4765434.0,3455448
29,ERR2984773,SPAdes,Escherichia coli,4765434.0,4553294
30,ERR2984773,SPAdes,Escherichia coli,4765434.0,4553343
31,ERR2984773,SPAdes,Escherichia coli,4765434.0,4553349
32,ERR2984773,SPAdes,Escherichia coli,4765434.0,4553352
33,ERR2984773,SPAdes,Escherichia coli,4765434.0,1941766.0
34,ERR2984773,SPAdes,Escherichia coli,4765434.0,1941783.0
35,ERR2984773,SPAdes,Escherichia coli,4765434.0,1941784.0
36,ERR2984773,SPAdes,Escherichia coli,4765434.0,1964385.0
37,ERR2984773,SPAdes,Escherichia coli,4765434.0,1964414.0
38,ERR2984773,SPAdes,Escherichia coli,4765434.0,1964434.0
39,ERR2984773,SPAdes,Escherichia coli,4765434.0,1964435.0
40,ERR2984773,SPAdes,Escherichia coli,4765434.0,2407797.0
41,ERR2984773,SPAdes,Escherichia coli,4765434.0,2407814.0
42,ERR2984773,SPAdes,Escherichia coli,4765434.0,2407822.0
43,ERR2984773,SPAdes,Escherichia coli,4765434.0,2408172.0
44,ERR2984773,SPAdes,Escherichia coli,4765434.0,2408175.0
45,ERR2984773,SPAdes,Escherichia coli,4765434.0,2410225.0
46,ERR2984773,SPAdes,Escherichia coli,4765434.0,2410235.0
47,ERR2984773,SPAdes,Escherichia coli,4765434.0,2410238.0
48,ERR2984773,SPAdes,Escherichia coli,4765434.0,2410240.0
49,ERR2984773,SPAdes,Escherichia coli,4765434.0,2410243.0
50,ERR2984773,SPAdes,Escherichia coli,4765434.0,2410246.0
51,ERR2984773,SPAdes,Escherichia coli,4765434.0,2410258.0
52,ERR2984773,SPAdes,Escherichia coli,4765434.0,2410267.0
53,ERR2984773,SPAdes,Escherichia coli,4765434.0,2410276.0
54,ERR2984773,SPAdes,Escherichia coli,4765434.0,2410280.0
55,ERR2984773,SPAdes,Escherichia coli,4765434.0,2410285.0
56,ERR2984773,SPAdes,Escherichia coli,4765434.0,2410291.0
57,ERR2984773,SPAdes,Escherichia coli,4765434.0,3119521
58,ERR2984773,SPAdes,Escherichia coli,4765434.0,1571708
59,ERR2984773,SPAdes,Escherichia coli,4765434.0,1571711
60,ERR2984773,SPAdes,Escherichia coli,4765434.0,1571721
61,ERR2984773,SPAdes,Escherichia coli,4765434.0,1571747
62,ERR2984773,SPAdes,Escherichia coli,4765434.0,1571749
63,ERR2984773,SPAdes,Escherichia coli,4765434.0,1571750
64,ERR2984773,SPAdes,Escherichia coli,4765434.0,1571759
65,ERR2984773,SPAdes,Escherichia coli,4765434.0,1571786
66,ERR2984773,SPAdes,Escherichia coli,4765434.0,1572224
67,ERR2984773,SPAdes,Escherichia coli,4765434.0,1572227
68,ERR2984773,SPAdes,Escherichia coli,4765434.0,1522752.0
69,ERR2984773,SPAdes,Escherichia coli,4765434.0,1522764.0
70,ERR2984773,SPAdes,Escherichia coli,4765434.0,1522776.0
71,ERR2984773,SPAdes,Escherichia coli,4765434.0,1116915
72,ERR2984773,SPAdes,Escherichia coli,4765434.0,1116918
73,ERR2984773,SPAdes,Escherichia coli,4765434.0,1116924
74,ERR2984773,SPAdes,Escherichia coli,4765434.0,1116987
75,ERR2984773,SPAdes,Escherichia coli,4765434.0,1116990
76,ERR2984773,SPAdes,Escherichia coli,4765434.0,1116999
77,ERR2984773,SPAdes,Escherichia coli,4765434.0,1117002
78,ERR2984773,SPAdes,Escherichia coli,4765434.0,1117005
79,ERR2984773,SPAdes,Escherichia coli,4765434.0,1117008
80,ERR2984773,SPAdes,Escherichia coli,4765434.0,1117013
81,ERR2984773,SPAdes,Escherichia coli,4765434.0,1117032
82,ERR2984773,SPAdes,Escherichia coli,4765434.0,1117035
83,ERR2984773,SPAdes,Escherichia coli,4765434.0,1117038
84,ERR2984773,SPAdes,Escherichia coli,4765434.0,1117053
85,ERR2984773,SPAdes,Escherichia coli,4765434.0,1117062
86,ERR2984773,SPAdes,Escherichia coli,4765434.0,1117071
87,ERR2984773,SPAdes,Escherichia coli,4765434.0,1117166
88,ERR2984773,SPAdes,Escherichia coli,4765434.0,1117178
89,ERR2984773,SPAdes,Escherichia coli,4765434.0,1117182
90,ERR2984773,SPAdes,Escherichia coli,4765434.0,1117184
91,ERR2984773,SPAdes,Escherichia coli,4765434.0,1117200
92,ERR2984773,SPAdes,Escherichia coli,4765434.0,1117214
93,ERR2984773,SPAdes,Escherichia coli,4765434.0,1117215
94,ERR2984773,SPAdes,Escherichia coli,4765434.0,1117224
95,ERR2984773,SPAdes,Escherichia coli,4765434.0,1117227
96,ERR2984773,SPAdes,Escherichia coli,4765434.0,1117236
97,ERR2984773,SPAdes,Escherichia coli,4765434.0,1117242
98,ERR2984773,SPAdes,Escherichia coli,4765434.0,1117243
99,ERR2984773,SPAdes,Escherichia coli,4765434.0,1117245
100,ERR2984773,SPAdes,Escherichia coli,4765434.0,1117248
101,ERR2984773,SPAdes,Escherichia coli,4765434.0,1117256
102,ERR2984773,SPAdes,Escherichia coli,4765434.0,1041887.0
103,ERR2984773,SPAdes,Escherichia coli,4765434.0,1041898.0
104,ERR2984773,SPAdes,Escherichia coli,4765434.0,1041939.0
105,ERR2984773,SPAdes,Escherichia coli,4765434.0,1570257.0
106,ERR2984773,SPAdes,Escherichia coli,4765434.0,1570273.0
107,ERR2984773,SPAdes,Escherichia coli,4765434.0,1570274.0
108,ERR2984773,SPAdes,Escherichia coli,4765434.0,1570276.0
109,ERR2984773,SPAdes,Escherichia coli,4765434.0,1570277.0
110,ERR2984773,SPAdes,Escherichia coli,4765434.0,1570286.0
111,ERR2984773,SPAdes,Escherichia coli,4765434.0,1570297.0
112,ERR2984773,SPAdes,Escherichia coli,4765434.0,1570298.0
113,ERR2984773,SPAdes,Escherichia coli,4765434.0,1570318.0
114,ERR2984773,SPAdes,Escherichia coli,4765434.0,1570331.0
115,ERR2984773,SPAdes,Escherichia coli,4765434.0,1570432.0
116,ERR2984773,SPAdes,Escherichia coli,4765434.0,1570435.0
117,ERR2984773,SPAdes,Escherichia coli,4765434.0,3688218.0
118,ERR2984773,SPAdes,Escherichia coli,4765434.0,3688290.0
119,ERR2984773,SPAdes,Escherichia coli,4765434.0,3688296.0
120,ERR2984773,SPAdes,Escherichia coli,4765434.0,3689889.0
121,ERR2984773,SPAdes,Escherichia coli,4765434.0,928863.0
122,ERR2984773,SPAdes,Escherichia coli,4765434.0,928865.0
123,ERR2984773,SPAdes,Escherichia coli,4765434.0,928866.0
124,ERR2984773,SPAdes,Escherichia coli,4765434.0,928868.0
125,ERR2984773,SPAdes,Escherichia coli,4765434.0,928880.0
126,ERR2984773,SPAdes,Escherichia coli,4765434.0,928895.0
127,ERR2984773,SPAdes,Escherichia coli,4765434.0,928903.0
128,ERR2984773,SPAdes,Escherichia coli,4765434.0,928907.0
129,ERR2984773,SPAdes,Escherichia coli,4765434.0,928922.0
130,ERR2984773,SPAdes,Escherichia coli,4765434.0,929352.0
131,ERR2984773,SPAdes,Escherichia coli,4765434.0,929403.0
132,ERR2984773,SPAdes,Escherichia coli,4765434.0,929421.0
133,ERR2984773,SPAdes,Escherichia coli,4765434.0,929478.0
134,ERR2984773,SPAdes,Escherichia coli,4765434.0,929532.0
135,ERR2984773,SPAdes,Escherichia coli,4765434.0,929646.0
136,ERR2984773,SPAdes,Escherichia coli,4765434.0,929658.0
137,ERR2984773,SPAdes,Escherichia coli,4765434.0,929681.0
138,ERR2984773,SPAdes,Escherichia coli,4765434.0,929697.0
139,ERR2984773,SPAdes,Escherichia coli,4765434.0,930303.0
140,ERR2984773,SPAdes,Escherichia coli,4765434.0,930304.0
141,ERR2984773,SPAdes,Escherichia coli,4765434.0,930358.0
142,ERR2984773,SPAdes,Escherichia coli,4765434.0,930373.0
143,ERR2984773,SPAdes,Escherichia coli,4765434.0,930382.0
144,ERR2984773,SPAdes,Escherichia coli,4765434.0,459146
145,ERR2984773,SPAdes,Escherichia coli,4765434.0,459147
146,ERR2984773,SPAdes,Escherichia coli,4765434.0,459174
147,ERR2984773,SPAdes,Escherichia coli,4765434.0,459197
148,ERR2984773,SPAdes,Escherichia coli,4765434.0,459228
149,ERR2984773,SPAdes,Escherichia coli,4765434.0,459253
150,ERR2984773,SPAdes,Escherichia coli,4765434.0,3509716.0
151,ERR2984773,SPAdes,Escherichia coli,4765434.0,3509730.0
152,ERR2984773,SPAdes,Escherichia coli,4765434.0,3509742.0
153,ERR2984773,SPAdes,Escherichia coli,4765434.0,3509746.0
154,ERR2984773,SPAdes,Escherichia coli,4765434.0,3509749.0
155,ERR2984773,SPAdes,Escherichia coli,4765434.0,3509777.0
156,ERR2984773,SPAdes,Escherichia coli,4765434.0,907983
157,ERR2984773,SPAdes,Escherichia coli,4765434.0,908075
158,ERR2984773,SPAdes,Escherichia coli,4765434.0,908090
159,ERR2984773,SPAdes,Lactobacillus fermentum,1905333.0,1546972.0
160,ERR2984773,SPAdes,Lactobacillus fermentum,1905333.0,1546991.0
161,ERR2984773,SPAdes,Lactobacillus fermentum,1905333.0,1547049.0
162,ERR2984773,SPAdes,Lactobacillus fermentum,1905333.0,1547125.0
163,ERR2984773,SPAdes,Lactobacillus fermentum,1905333.0,1547167.0
164,ERR2984773,SPAdes,Lactobacillus fermentum,1905333.0,1547284.0
165,ERR2984773,SPAdes,Lactobacillus fermentum,1905333.0,685501
166,ERR2984773,SPAdes,Lactobacillus fermentum,1905333.0,685509
167,ERR2984773,SPAdes,Lactobacillus fermentum,1905333.0,685550
168,ERR2984773,SPAdes,Lactobacillus fermentum,1905333.0,685596
169,ERR2984773,SPAdes,Lactobacillus fermentum,1905333.0,689225.0
170,ERR2984773,SPAdes,Lactobacillus fermentum,1905333.0,689267.0
171,ERR2984773,SPAdes,Lactobacillus fermentum,1905333.0,689270.0
172,ERR2984773,SPAdes,Lactobacillus fermentum,1905333.0,689312.0
173,ERR2984773,SPAdes,Lactobacillus fermentum,1905333.0,689331.0
174,ERR2984773,SPAdes,Lactobacillus fermentum,1905333.0,689392.0
175,ERR2984773,SPAdes,Lactobacillus fermentum,1905333.0,689401.0
176,ERR2984773,SPAdes,Lactobacillus fermentum,1905333.0,689405.0
177,ERR2984773,SPAdes,Lactobacillus fermentum,1905333.0,103949.0
178,ERR2984773,SPAdes,Lactobacillus fermentum,1905333.0,583642
179,ERR2984773,SPAdes,Lactobacillus fermentum,1905333.0,177448.0
180,ERR2984773,SPAdes,Lactobacillus fermentum,1905333.0,530436.0
181,ERR2984773,SPAdes,Lactobacillus fermentum,1905333.0,530545.0
182,ERR2984773,SPAdes,Lactobacillus fermentum,1905333.0,171076.0
183,ERR2984773,SPAdes,Lactobacillus fermentum,1905333.0,171077.0
184,ERR2984773,SPAdes,Lactobacillus fermentum,1905333.0,171078.0
185,ERR2984773,SPAdes,Lactobacillus fermentum,1905333.0,178687
186,ERR2984773,SPAdes,Lactobacillus fermentum,1905333.0,178693
187,ERR2984773,SPAdes,Lactobacillus fermentum,1905333.0,178696
188,ERR2984773,SPAdes,Lactobacillus fermentum,1905333.0,178702
189,ERR2984773,SPAdes,Listeria monocytogenes,2992342.0,2340112.0
190,ERR2984773,SPAdes,Listeria monocytogenes,2992342.0,2340115.0
191,ERR2984773,SPAdes,Listeria monocytogenes,2992342.0,2340141.0
192,ERR2984773,SPAdes,Listeria monocytogenes,2992342.0,2340152.0
193,ERR2984773,SPAdes,Listeria monocytogenes,2992342.0,2340157.0
194,ERR2984773,SPAdes,Listeria monocytogenes,2992342.0,2340160.0
195,ERR2984773,SPAdes,Listeria monocytogenes,2992342.0,2340166.0
196,ERR2984773,SPAdes,Listeria monocytogenes,2992342.0,2340168.0
197,ERR2984773,SPAdes,Listeria monocytogenes,2992342.0,2434396.0
198,ERR2984773,SPAdes,Listeria monocytogenes,2992342.0,1377512
199,ERR2984773,SPAdes,Listeria monocytogenes,2992342.0,1377545
200,ERR2984773,SPAdes,Listeria monocytogenes,2992342.0,1377568
201,ERR2984773,SPAdes,Listeria monocytogenes,2992342.0,2867260.0
202,ERR2984773,SPAdes,Listeria monocytogenes,2992342.0,2867266.0
203,ERR2984773,SPAdes,Listeria monocytogenes,2992342.0,2867268.0
204,ERR2984773,SPAdes,Listeria monocytogenes,2992342.0,2867279.0
205,ERR2984773,SPAdes,Listeria monocytogenes,2992342.0,2867369.0
206,ERR2984773,SPAdes,Listeria monocytogenes,2992342.0,2867376.0
207,ERR2984773,SPAdes,Listeria monocytogenes,2992342.0,2867537.0
208,ERR2984773,SPAdes,Listeria monocytogenes,2992342.0,2867542.0
209,ERR2984773,SPAdes,Listeria monocytogenes,2992342.0,2867546.0
210,ERR2984773,SPAdes,Listeria monocytogenes,2992342.0,2501246.0
211,ERR2984773,SPAdes,Listeria monocytogenes,2992342.0,2501255.0
212,ERR2984773,SPAdes,Listeria monocytogenes,2992342.0,2501733.0
213,ERR2984773,SPAdes,Listeria monocytogenes,2992342.0,2501766.0
214,ERR2984773,SPAdes,Listeria monocytogenes,2992342.0,2501769.0
215,ERR2984773,SPAdes,Listeria monocytogenes,2992342.0,2501772.0
216,ERR2984773,SPAdes,Listeria monocytogenes,2992342.0,2501974.0
217,ERR2984773,SPAdes,Pseudomonas aeruginosa,6792330.0,1896625.0
218,ERR2984773,SPAdes,Pseudomonas aeruginosa,6792330.0,1896628.0
219,ERR2984773,SPAdes,Pseudomonas aeruginosa,6792330.0,1896637.0
220,ERR2984773,SPAdes,Pseudomonas aeruginosa,6792330.0,1896640.0
221,ERR2984773,SPAdes,Pseudomonas aeruginosa,6792330.0,3138168
222,ERR2984773,SPAdes,Pseudomonas aeruginosa,6792330.0,3138169
223,ERR2984773,SPAdes,Pseudomonas aeruginosa,6792330.0,3138170
224,ERR2984773,SPAdes,Pseudomonas aeruginosa,6792330.0,3138173
225,ERR2984773,SPAdes,Pseudomonas aeruginosa,6792330.0,3138174
226,ERR2984773,SPAdes,Pseudomonas aeruginosa,6792330.0,3138176
227,ERR2984773,SPAdes,Pseudomonas aeruginosa,6792330.0,3138179
228,ERR2984773,SPAdes,Pseudomonas aeruginosa,6792330.0,3138181
229,ERR2984773,SPAdes,Pseudomonas aeruginosa,6792330.0,3138182
230,ERR2984773,SPAdes,Pseudomonas aeruginosa,6792330.0,3138185
231,ERR2984773,SPAdes,Pseudomonas aeruginosa,6792330.0,3138187
232,ERR2984773,SPAdes,Pseudomonas aeruginosa,6792330.0,3138191
233,ERR2984773,SPAdes,Pseudomonas aeruginosa,6792330.0,3138197
234,ERR2984773,SPAdes,Pseudomonas aeruginosa,6792330.0,3138206
235,ERR2984773,SPAdes,Pseudomonas aeruginosa,6792330.0,3138207
236,ERR2984773,SPAdes,Pseudomonas aeruginosa,6792330.0,3138220
237,ERR2984773,SPAdes,Pseudomonas aeruginosa,6792330.0,3138224
238,ERR2984773,SPAdes,Pseudomonas aeruginosa,6792330.0,3138230
239,ERR2984773,SPAdes,Pseudomonas aeruginosa,6792330.0,3138231
240,ERR2984773,SPAdes,Pseudomonas aeruginosa,6792330.0,3138254
241,ERR2984773,SPAdes,Pseudomonas aeruginosa,6792330.0,3138307
242,ERR2984773,SPAdes,Pseudomonas aeruginosa,6792330.0,3138367
243,ERR2984773,SPAdes,Pseudomonas aeruginosa,6792330.0,1168743
244,ERR2984773,SPAdes,Pseudomonas aeruginosa,6792330.0,426583.0
245,ERR2984773,SPAdes,Pseudomonas aeruginosa,6792330.0,430267.0
246,ERR2984773,SPAdes,Pseudomonas aeruginosa,6792330.0,430333.0
247,ERR2984773,SPAdes,Pseudomonas aeruginosa,6792330.0,430738.0
248,ERR2984773,SPAdes,Pseudomonas aeruginosa,6792330.0,430774.0
249,ERR2984773,SPAdes,Pseudomonas aeruginosa,6792330.0,446772.0
250,ERR2984773,SPAdes,Pseudomonas aeruginosa,6792330.0,446838.0
251,ERR2984773,SPAdes,Pseudomonas aeruginosa,6792330.0,447243.0
252,ERR2984773,SPAdes,Pseudomonas aeruginosa,6792330.0,447279.0
253,ERR2984773,SPAdes,Pseudomonas aeruginosa,6792330.0,3423896.0
254,ERR2984773,SPAdes,Pseudomonas aeruginosa,6792330.0,3423897.0
255,ERR2984773,SPAdes,Pseudomonas aeruginosa,6792330.0,3423928.0
256,ERR2984773,SPAdes,Pseudomonas aeruginosa,6792330.0,3423931.0
257,ERR2984773,SPAdes,Pseudomonas aeruginosa,6792330.0,3423934.0
258,ERR2984773,SPAdes,Pseudomonas aeruginosa,6792330.0,3423940.0
259,ERR2984773,SPAdes,Pseudomonas aeruginosa,6792330.0,3423941.0
260,ERR2984773,SPAdes,Pseudomonas aeruginosa,6792330.0,3423943.0
261,ERR2984773,SPAdes,Pseudomonas aeruginosa,6792330.0,3423955.0
262,ERR2984773,SPAdes,Pseudomonas aeruginosa,6792330.0,3423961.0
263,ERR2984773,SPAdes,Pseudomonas aeruginosa,6792330.0,3423967.0
264,ERR2984773,SPAdes,Pseudomonas aeruginosa,6792330.0,3423973.0
265,ERR2984773,SPAdes,Pseudomonas aeruginosa,6792330.0,3423981.0
266,ERR2984773,SPAdes,Pseudomonas aeruginosa,6792330.0,3423985.0
267,ERR2984773,SPAdes,Pseudomonas aeruginosa,6792330.0,3423987.0
268,ERR2984773,SPAdes,Pseudomonas aeruginosa,6792330.0,3423989.0
269,ERR2984773,SPAdes,Pseudomonas aeruginosa,6792330.0,3424012.0
270,ERR2984773,SPAdes,Pseudomonas aeruginosa,6792330.0,3424039.0
271,ERR2984773,SPAdes,Pseudomonas aeruginosa,6792330.0,3424041.0
272,ERR2984773,SPAdes,Pseudomonas aeruginosa,6792330.0,3424042.0
273,ERR2984773,SPAdes,Pseudomonas aeruginosa,6792330.0,3424045.0
274,ERR2984773,SPAdes,Pseudomonas aeruginosa,6792330.0,3424046.0
275,ERR2984773,SPAdes,Pseudomonas aeruginosa,6792330.0,3424047.0
276,ERR2984773,SPAdes,Pseudomonas aeruginosa,6792330.0,3424049.0
277,ERR2984773,SPAdes,Pseudomonas aeruginosa,6792330.0,3424064.0
278,ERR2984773,SPAdes,Pseudomonas aeruginosa,6792330.0,3424074.0
279,ERR2984773,SPAdes,Pseudomonas aeruginosa,6792330.0,3424077.0
280,ERR2984773,SPAdes,Pseudomonas aeruginosa,6792330.0,3424095.0
281,ERR2984773,SPAdes,Pseudomonas aeruginosa,6792330.0,3424119.0
282,ERR2984773,SPAdes,Pseudomonas aeruginosa,6792330.0,3424146.0
283,ERR2984773,SPAdes,Pseudomonas aeruginosa,6792330.0,3424148.0
284,ERR2984773,SPAdes,Pseudomonas aeruginosa,6792330.0,3424150.0
285,ERR2984773,SPAdes,Pseudomonas aeruginosa,6792330.0,3424153.0
286,ERR2984773,SPAdes,Pseudomonas aeruginosa,6792330.0,3424159.0
287,ERR2984773,SPAdes,Pseudomonas aeruginosa,6792330.0,3424164.0
288,ERR2984773,SPAdes,Pseudomonas aeruginosa,6792330.0,3424165.0
289,ERR2984773,SPAdes,Pseudomonas aeruginosa,6792330.0,3424167.0
290,ERR2984773,SPAdes,Pseudomonas aeruginosa,6792330.0,3424168.0
291,ERR2984773,SPAdes,Pseudomonas aeruginosa,6792330.0,3424170.0
292,ERR2984773,SPAdes,Pseudomonas aeruginosa,6792330.0,3424175.0
293,ERR2984773,SPAdes,Pseudomonas aeruginosa,6792330.0,3424177.0
294,ERR2984773,SPAdes,Pseudomonas aeruginosa,6792330.0,3424180.0
295,ERR2984773,SPAdes,Pseudomonas aeruginosa,6792330.0,3424183.0
296,ERR2984773,SPAdes,Pseudomonas aeruginosa,6792330.0,3424184.0
297,ERR2984773,SPAdes,Pseudomonas aeruginosa,6792330.0,3424222.0
298,ERR2984773,SPAdes,Pseudomonas aeruginosa,6792330.0,3424224.0
299,ERR2984773,SPAdes,Pseudomonas aeruginosa,6792330.0,4936599.0
300,ERR2984773,SPAdes,Pseudomonas aeruginosa,6792330.0,4936629.0
301,ERR2984773,SPAdes,Pseudomonas aeruginosa,6792330.0,4936662.0
302,ERR2984773,SPAdes,Pseudomonas aeruginosa,6792330.0,4936665.0
303,ERR2984773,SPAdes,Pseudomonas aeruginosa,6792330.0,4936674.0
304,ERR2984773,SPAdes,Pseudomonas aeruginosa,6792330.0,4936680.0
305,ERR2984773,SPAdes,Pseudomonas aeruginosa,6792330.0,4936682.0
306,ERR2984773,SPAdes,Pseudomonas aeruginosa,6792330.0,4936749.0
307,ERR2984773,SPAdes,Pseudomonas aeruginosa,6792330.0,4936758.0
308,ERR2984773,SPAdes,Pseudomonas aeruginosa,6792330.0,4936801.0
309,ERR2984773,SPAdes,Pseudomonas aeruginosa,6792330.0,4936809.0
310,ERR2984773,SPAdes,Pseudomonas aeruginosa,6792330.0,4936819.0
311,ERR2984773,SPAdes,Pseudomonas aeruginosa,6792330.0,4936821.0
312,ERR2984773,SPAdes,Pseudomonas aeruginosa,6792330.0,4936840.0
313,ERR2984773,SPAdes,Pseudomonas aeruginosa,6792330.0,4936842.0
314,ERR2984773,SPAdes,Pseudomonas aeruginosa,6792330.0,4936863.0
315,ERR2984773,SPAdes,Pseudomonas aeruginosa,6792330.0,4936893.0
316,ERR2984773,SPAdes,Pseudomonas aeruginosa,6792330.0,3137861.0
317,ERR2984773,SPAdes,Pseudomonas aeruginosa,6792330.0,6079936.0
318,ERR2984773,SPAdes,Salmonella enterica,4759746.0,709784.0
319,ERR2984773,SPAdes,Salmonella enterica,4759746.0,709785.0
320,ERR2984773,SPAdes,Salmonella enterica,4759746.0,709787.0
321,ERR2984773,SPAdes,Salmonella enterica,4759746.0,709791.0
322,ERR2984773,SPAdes,Salmonella enterica,4759746.0,710138.0
323,ERR2984773,SPAdes,Salmonella enterica,4759746.0,710409.0
324,ERR2984773,SPAdes,Salmonella enterica,4759746.0,710730.0
325,ERR2984773,SPAdes,Salmonella enterica,4759746.0,710748.0
326,ERR2984773,SPAdes,Salmonella enterica,4759746.0,725358.0
327,ERR2984773,SPAdes,Salmonella enterica,4759746.0,725427.0
328,ERR2984773,SPAdes,Salmonella enterica,4759746.0,725429.0
329,ERR2984773,SPAdes,Salmonella enterica,4759746.0,725439.0
330,ERR2984773,SPAdes,Salmonella enterica,4759746.0,725499.0
331,ERR2984773,SPAdes,Salmonella enterica,4759746.0,725964.0
332,ERR2984773,SPAdes,Salmonella enterica,4759746.0,725967.0
333,ERR2984773,SPAdes,Salmonella enterica,4759746.0,726012.0
334,ERR2984773,SPAdes,Salmonella enterica,4759746.0,726021.0
335,ERR2984773,SPAdes,Salmonella enterica,4759746.0,726024.0
336,ERR2984773,SPAdes,Salmonella enterica,4759746.0,726204.0
337,ERR2984773,SPAdes,Salmonella enterica,4759746.0,726222.0
338,ERR2984773,SPAdes,Salmonella enterica,4759746.0,726383.0
339,ERR2984773,SPAdes,Salmonella enterica,4759746.0,835979.0
340,ERR2984773,SPAdes,Salmonella enterica,4759746.0,1322789
341,ERR2984773,SPAdes,Salmonella enterica,4759746.0,4624451.0
342,ERR2984773,SPAdes,Salmonella enterica,4759746.0,4624493.0
343,ERR2984773,SPAdes,Salmonella enterica,4759746.0,4624540.0
344,ERR2984773,SPAdes,Salmonella enterica,4759746.0,4378093.0
345,ERR2984773,SPAdes,Salmonella enterica,4759746.0,2026267.0
346,ERR2984773,SPAdes,Salmonella enterica,4759746.0,2026291.0
347,ERR2984773,SPAdes,Salmonella enterica,4759746.0,2026322.0
348,ERR2984773,SPAdes,Salmonella enterica,4759746.0,2026421.0
349,ERR2984773,SPAdes,Staphylococcus aureus,2718780.0,348296.0
350,ERR2984773,SPAdes,Staphylococcus aureus,2718780.0,348319.0
351,ERR2984773,SPAdes,Staphylococcus aureus,2718780.0,2201017.0
352,ERR2984773,SPAdes,Staphylococcus aureus,2718780.0,467218
353,ERR2984773,SPAdes,Staphylococcus aureus,2718780.0,2030988
354,ERR2984773,SPAdes,Escherichia coli plasmid,110007.0,69370
355,ERR2984773,SPAdes,Escherichia coli plasmid,110007.0,69391
356,ERR2984773,SPAdes,Escherichia coli plasmid,110007.0,69394
357,ERR2984773,SPAdes,Escherichia coli plasmid,110007.0,69406
358,ERR2984773,SPAdes,Escherichia coli plasmid,110007.0,69418
359,ERR2984773,SPAdes,Escherichia coli plasmid,110007.0,69448
360,ERR2984773,SPAdes,Escherichia coli plasmid,110007.0,69451
361,ERR2984773,SPAdes,Escherichia coli plasmid,110007.0,69514
362,ERR2984773,SPAdes,Escherichia coli plasmid,110007.0,69535
363,ERR2984773,SPAdes,Escherichia coli plasmid,110007.0,69565
364,ERR2984773,SPAdes,Escherichia coli plasmid,110007.0,69567
365,ERR2984773,SPAdes,Escherichia coli plasmid,110007.0,69569
366,ERR2984773,SPAdes,Escherichia coli plasmid,110007.0,69570
367,ERR2984773,SPAdes,Escherichia coli plasmid,110007.0,69571
368,ERR2984773,SPAdes,Escherichia coli plasmid,110007.0,69604
369,ERR2984773,SPAdes,Escherichia coli plasmid,110007.0,97210.0
370,ERR2984773,SPAdes,Escherichia coli plasmid,110007.0,97239.0
371,ERR2984773,SPAdes,Escherichia coli plasmid,110007.0,97281.0
372,ERR2984773,SPAdes,Escherichia coli plasmid,110007.0,97293.0
373,ERR2984773,SPAdes,Escherichia coli plasmid,110007.0,97317.0
374,ERR2984773,SPAdes,Escherichia coli plasmid,110007.0,97318.0
