,Sample,Assembler,Reference,Reference Length,SNP Location
0,ERR2935805,metaSPAdes,Bacillus subtilis,4045677.0,1810041
1,ERR2935805,metaSPAdes,Bacillus subtilis,4045677.0,1810042
2,ERR2935805,metaSPAdes,Bacillus subtilis,4045677.0,1709706
3,ERR2935805,metaSPAdes,Bacillus subtilis,4045677.0,1709711
4,ERR2935805,metaSPAdes,Bacillus subtilis,4045677.0,1709753
5,ERR2935805,metaSPAdes,Bacillus subtilis,4045677.0,1709807
6,ERR2935805,metaSPAdes,Bacillus subtilis,4045677.0,412914.0
7,ERR2935805,metaSPAdes,Bacillus subtilis,4045677.0,412918.0
8,ERR2935805,metaSPAdes,Bacillus subtilis,4045677.0,412920.0
9,ERR2935805,metaSPAdes,Bacillus subtilis,4045677.0,412922.0
10,ERR2935805,metaSPAdes,Bacillus subtilis,4045677.0,3162849.0
11,ERR2935805,metaSPAdes,Bacillus subtilis,4045677.0,3162930.0
12,ERR2935805,metaSPAdes,Bacillus subtilis,4045677.0,3163008.0
13,ERR2935805,metaSPAdes,Bacillus subtilis,4045677.0,3163022.0
14,ERR2935805,metaSPAdes,Bacillus subtilis,4045677.0,3163320.0
15,ERR2935805,metaSPAdes,Bacillus subtilis,4045677.0,3163321.0
16,ERR2935805,metaSPAdes,Bacillus subtilis,4045677.0,3163326.0
17,ERR2935805,metaSPAdes,Bacillus subtilis,4045677.0,3163329.0
18,ERR2935805,metaSPAdes,Bacillus subtilis,4045677.0,3163332.0
19,ERR2935805,metaSPAdes,Bacillus subtilis,4045677.0,3163335.0
20,ERR2935805,metaSPAdes,Bacillus subtilis,4045677.0,3163344.0
21,ERR2935805,metaSPAdes,Bacillus subtilis,4045677.0,3163347.0
22,ERR2935805,metaSPAdes,Bacillus subtilis,4045677.0,3163348.0
23,ERR2935805,metaSPAdes,Bacillus subtilis,4045677.0,3163354.0
24,ERR2935805,metaSPAdes,Bacillus subtilis,4045677.0,3163369.0
25,ERR2935805,metaSPAdes,Bacillus subtilis,4045677.0,3163371.0
26,ERR2935805,metaSPAdes,Bacillus subtilis,4045677.0,3163374.0
27,ERR2935805,metaSPAdes,Bacillus subtilis,4045677.0,3163431.0
28,ERR2935805,metaSPAdes,Bacillus subtilis,4045677.0,3163485.0
29,ERR2935805,metaSPAdes,Bacillus subtilis,4045677.0,3173862.0
30,ERR2935805,metaSPAdes,Bacillus subtilis,4045677.0,3174000.0
31,ERR2935805,metaSPAdes,Bacillus subtilis,4045677.0,3174327.0
32,ERR2935805,metaSPAdes,Bacillus subtilis,4045677.0,3174363.0
33,ERR2935805,metaSPAdes,Bacillus subtilis,4045677.0,3174393.0
34,ERR2935805,metaSPAdes,Bacillus subtilis,4045677.0,3174405.0
35,ERR2935805,metaSPAdes,Bacillus subtilis,4045677.0,3340521.0
36,ERR2935805,metaSPAdes,Bacillus subtilis,4045677.0,3340533.0
37,ERR2935805,metaSPAdes,Bacillus subtilis,4045677.0,2027466.0
38,ERR2935805,metaSPAdes,Bacillus subtilis,4045677.0,2806572.0
39,ERR2935805,metaSPAdes,Bacillus subtilis,4045677.0,2987890.0
40,ERR2935805,metaSPAdes,Bacillus subtilis,4045677.0,2872424
41,ERR2935805,metaSPAdes,Bacillus subtilis,4045677.0,2872428
42,ERR2935805,metaSPAdes,Bacillus subtilis,4045677.0,2872445
43,ERR2935805,metaSPAdes,Bacillus subtilis,4045677.0,2872461
44,ERR2935805,metaSPAdes,Bacillus subtilis,4045677.0,2872463
45,ERR2935805,metaSPAdes,Bacillus subtilis,4045677.0,2872464
46,ERR2935805,metaSPAdes,Escherichia coli,4765434.0,1972526
47,ERR2935805,metaSPAdes,Escherichia coli,4765434.0,1972536
48,ERR2935805,metaSPAdes,Escherichia coli,4765434.0,1973379
49,ERR2935805,metaSPAdes,Escherichia coli,4765434.0,1973580
50,ERR2935805,metaSPAdes,Escherichia coli,4765434.0,1973600
51,ERR2935805,metaSPAdes,Escherichia coli,4765434.0,1899767.0
52,ERR2935805,metaSPAdes,Listeria monocytogenes,2992342.0,351683.0
53,ERR2935805,metaSPAdes,Listeria monocytogenes,2992342.0,2153218.0
54,ERR2935805,metaSPAdes,Listeria monocytogenes,2992342.0,2153219.0
55,ERR2935805,metaSPAdes,Listeria monocytogenes,2992342.0,2153230.0
56,ERR2935805,metaSPAdes,Listeria monocytogenes,2992342.0,2153232.0
57,ERR2935805,metaSPAdes,Listeria monocytogenes,2992342.0,2153267.0
58,ERR2935805,metaSPAdes,Listeria monocytogenes,2992342.0,2153276.0
59,ERR2935805,metaSPAdes,Listeria monocytogenes,2992342.0,2153623.0
60,ERR2935805,metaSPAdes,Listeria monocytogenes,2992342.0,2153626.0
61,ERR2935805,metaSPAdes,Listeria monocytogenes,2992342.0,2153627.0
62,ERR2935805,metaSPAdes,Listeria monocytogenes,2992342.0,2153628.0
63,ERR2935805,metaSPAdes,Listeria monocytogenes,2992342.0,2153639.0
64,ERR2935805,metaSPAdes,Listeria monocytogenes,2992342.0,2153641.0
65,ERR2935805,metaSPAdes,Listeria monocytogenes,2992342.0,2153684.0
66,ERR2935805,metaSPAdes,Listeria monocytogenes,2992342.0,2153685.0
67,ERR2935805,metaSPAdes,Listeria monocytogenes,2992342.0,2434396.0
68,ERR2935805,metaSPAdes,Listeria monocytogenes,2992342.0,2494955.0
69,ERR2935805,metaSPAdes,Listeria monocytogenes,2992342.0,2495714.0
70,ERR2935805,metaSPAdes,Listeria monocytogenes,2992342.0,2495842.0
71,ERR2935805,metaSPAdes,Listeria monocytogenes,2992342.0,2495883.0
72,ERR2935805,metaSPAdes,Listeria monocytogenes,2992342.0,2496009.0
73,ERR2935805,metaSPAdes,Listeria monocytogenes,2992342.0,2496036.0
74,ERR2935805,metaSPAdes,Listeria monocytogenes,2992342.0,2498152.0
75,ERR2935805,metaSPAdes,Listeria monocytogenes,2992342.0,2498155.0
76,ERR2935805,metaSPAdes,Listeria monocytogenes,2992342.0,2498164.0
77,ERR2935805,metaSPAdes,Listeria monocytogenes,2992342.0,2498201.0
78,ERR2935805,metaSPAdes,Listeria monocytogenes,2992342.0,2498204.0
79,ERR2935805,metaSPAdes,Listeria monocytogenes,2992342.0,2498842.0
80,ERR2935805,metaSPAdes,Listeria monocytogenes,2992342.0,2498875.0
81,ERR2935805,metaSPAdes,Listeria monocytogenes,2992342.0,2498886.0
82,ERR2935805,metaSPAdes,Listeria monocytogenes,2992342.0,1259222
83,ERR2935805,metaSPAdes,Listeria monocytogenes,2992342.0,1259229
84,ERR2935805,metaSPAdes,Listeria monocytogenes,2992342.0,1313109
85,ERR2935805,metaSPAdes,Listeria monocytogenes,2992342.0,1085318
86,ERR2935805,metaSPAdes,Listeria monocytogenes,2992342.0,1085333
87,ERR2935805,metaSPAdes,Listeria monocytogenes,2992342.0,1085336
88,ERR2935805,metaSPAdes,Listeria monocytogenes,2992342.0,1085339
89,ERR2935805,metaSPAdes,Listeria monocytogenes,2992342.0,1085345
90,ERR2935805,metaSPAdes,Listeria monocytogenes,2992342.0,1087407
91,ERR2935805,metaSPAdes,Listeria monocytogenes,2992342.0,1087410
92,ERR2935805,metaSPAdes,Listeria monocytogenes,2992342.0,1087643
93,ERR2935805,metaSPAdes,Listeria monocytogenes,2992342.0,1087684
94,ERR2935805,metaSPAdes,Listeria monocytogenes,2992342.0,1087812
95,ERR2935805,metaSPAdes,Listeria monocytogenes,2992342.0,1143951
96,ERR2935805,metaSPAdes,Listeria monocytogenes,2992342.0,1081063
97,ERR2935805,metaSPAdes,Listeria monocytogenes,2992342.0,1081107
98,ERR2935805,metaSPAdes,Listeria monocytogenes,2992342.0,1081108
99,ERR2935805,metaSPAdes,Listeria monocytogenes,2992342.0,1081113
100,ERR2935805,metaSPAdes,Pseudomonas aeruginosa,6792330.0,4936212
101,ERR2935805,metaSPAdes,Pseudomonas aeruginosa,6792330.0,4936233
102,ERR2935805,metaSPAdes,Pseudomonas aeruginosa,6792330.0,4936749
103,ERR2935805,metaSPAdes,Pseudomonas aeruginosa,6792330.0,4936758
104,ERR2935805,metaSPAdes,Pseudomonas aeruginosa,6792330.0,4936801
105,ERR2935805,metaSPAdes,Pseudomonas aeruginosa,6792330.0,4936809
106,ERR2935805,metaSPAdes,Pseudomonas aeruginosa,6792330.0,4936819
107,ERR2935805,metaSPAdes,Pseudomonas aeruginosa,6792330.0,4936821
108,ERR2935805,metaSPAdes,Pseudomonas aeruginosa,6792330.0,4936840
109,ERR2935805,metaSPAdes,Pseudomonas aeruginosa,6792330.0,4936842
110,ERR2935805,metaSPAdes,Pseudomonas aeruginosa,6792330.0,4936863
111,ERR2935805,metaSPAdes,Pseudomonas aeruginosa,6792330.0,4936893
112,ERR2935805,metaSPAdes,Pseudomonas aeruginosa,6792330.0,4940365
113,ERR2935805,metaSPAdes,Pseudomonas aeruginosa,6792330.0,4940392
114,ERR2935805,metaSPAdes,Pseudomonas aeruginosa,6792330.0,4940482
115,ERR2935805,metaSPAdes,Pseudomonas aeruginosa,6792330.0,4940512
116,ERR2935805,metaSPAdes,Pseudomonas aeruginosa,6792330.0,4940545
117,ERR2935805,metaSPAdes,Pseudomonas aeruginosa,6792330.0,4940548
118,ERR2935805,metaSPAdes,Pseudomonas aeruginosa,6792330.0,4940557
119,ERR2935805,metaSPAdes,Pseudomonas aeruginosa,6792330.0,4940563
120,ERR2935805,metaSPAdes,Pseudomonas aeruginosa,6792330.0,4940565
121,ERR2935805,metaSPAdes,Pseudomonas aeruginosa,6792330.0,4942323
122,ERR2935805,metaSPAdes,Pseudomonas aeruginosa,6792330.0,4942326
123,ERR2935805,metaSPAdes,Pseudomonas aeruginosa,6792330.0,4942392
124,ERR2935805,metaSPAdes,Pseudomonas aeruginosa,6792330.0,4942395
125,ERR2935805,metaSPAdes,Pseudomonas aeruginosa,6792330.0,4942419
126,ERR2935805,metaSPAdes,Pseudomonas aeruginosa,6792330.0,4942428
127,ERR2935805,metaSPAdes,Pseudomonas aeruginosa,6792330.0,5135958
128,ERR2935805,metaSPAdes,Pseudomonas aeruginosa,6792330.0,5135960
129,ERR2935805,metaSPAdes,Pseudomonas aeruginosa,6792330.0,5135991
130,ERR2935805,metaSPAdes,Pseudomonas aeruginosa,6792330.0,5136016
131,ERR2935805,metaSPAdes,Pseudomonas aeruginosa,6792330.0,5136017
132,ERR2935805,metaSPAdes,Pseudomonas aeruginosa,6792330.0,5136019
133,ERR2935805,metaSPAdes,Pseudomonas aeruginosa,6792330.0,5136022
134,ERR2935805,metaSPAdes,Pseudomonas aeruginosa,6792330.0,5136024
135,ERR2935805,metaSPAdes,Pseudomonas aeruginosa,6792330.0,5136042
136,ERR2935805,metaSPAdes,Pseudomonas aeruginosa,6792330.0,5136050
137,ERR2935805,metaSPAdes,Pseudomonas aeruginosa,6792330.0,5136054
138,ERR2935805,metaSPAdes,Pseudomonas aeruginosa,6792330.0,5136055
139,ERR2935805,metaSPAdes,Pseudomonas aeruginosa,6792330.0,5136061
140,ERR2935805,metaSPAdes,Pseudomonas aeruginosa,6792330.0,5136064
141,ERR2935805,metaSPAdes,Pseudomonas aeruginosa,6792330.0,5136065
142,ERR2935805,metaSPAdes,Pseudomonas aeruginosa,6792330.0,5136066
143,ERR2935805,metaSPAdes,Pseudomonas aeruginosa,6792330.0,5136073
144,ERR2935805,metaSPAdes,Pseudomonas aeruginosa,6792330.0,5136081
145,ERR2935805,metaSPAdes,Pseudomonas aeruginosa,6792330.0,5136108
146,ERR2935805,metaSPAdes,Pseudomonas aeruginosa,6792330.0,5136111
147,ERR2935805,metaSPAdes,Pseudomonas aeruginosa,6792330.0,5136115
148,ERR2935805,metaSPAdes,Pseudomonas aeruginosa,6792330.0,5136117
149,ERR2935805,metaSPAdes,Pseudomonas aeruginosa,6792330.0,5136118
150,ERR2935805,metaSPAdes,Pseudomonas aeruginosa,6792330.0,5136120
151,ERR2935805,metaSPAdes,Pseudomonas aeruginosa,6792330.0,4717729.0
152,ERR2935805,metaSPAdes,Pseudomonas aeruginosa,6792330.0,4717733.0
153,ERR2935805,metaSPAdes,Pseudomonas aeruginosa,6792330.0,4717734.0
154,ERR2935805,metaSPAdes,Pseudomonas aeruginosa,6792330.0,4717753.0
155,ERR2935805,metaSPAdes,Pseudomonas aeruginosa,6792330.0,4717773.0
156,ERR2935805,metaSPAdes,Pseudomonas aeruginosa,6792330.0,4717779.0
157,ERR2935805,metaSPAdes,Pseudomonas aeruginosa,6792330.0,4717795.0
158,ERR2935805,metaSPAdes,Pseudomonas aeruginosa,6792330.0,4717801.0
159,ERR2935805,metaSPAdes,Pseudomonas aeruginosa,6792330.0,6614593.0
160,ERR2935805,metaSPAdes,Pseudomonas aeruginosa,6792330.0,6614605.0
161,ERR2935805,metaSPAdes,Pseudomonas aeruginosa,6792330.0,6614607.0
162,ERR2935805,metaSPAdes,Pseudomonas aeruginosa,6792330.0,6614608.0
163,ERR2935805,metaSPAdes,Pseudomonas aeruginosa,6792330.0,6618797.0
164,ERR2935805,metaSPAdes,Pseudomonas aeruginosa,6792330.0,6618799.0
165,ERR2935805,metaSPAdes,Pseudomonas aeruginosa,6792330.0,6618811.0
166,ERR2935805,metaSPAdes,Pseudomonas aeruginosa,6792330.0,6618925.0
167,ERR2935805,metaSPAdes,Pseudomonas aeruginosa,6792330.0,6618964.0
168,ERR2935805,metaSPAdes,Pseudomonas aeruginosa,6792330.0,5208473.0
169,ERR2935805,metaSPAdes,Pseudomonas aeruginosa,6792330.0,5208478.0
170,ERR2935805,metaSPAdes,Pseudomonas aeruginosa,6792330.0,5208480.0
171,ERR2935805,metaSPAdes,Pseudomonas aeruginosa,6792330.0,2290295.0
172,ERR2935805,metaSPAdes,Pseudomonas aeruginosa,6792330.0,2291105.0
173,ERR2935805,metaSPAdes,Pseudomonas aeruginosa,6792330.0,2291120.0
174,ERR2935805,metaSPAdes,Pseudomonas aeruginosa,6792330.0,3423896.0
175,ERR2935805,metaSPAdes,Pseudomonas aeruginosa,6792330.0,3423897.0
176,ERR2935805,metaSPAdes,Pseudomonas aeruginosa,6792330.0,3423928.0
177,ERR2935805,metaSPAdes,Pseudomonas aeruginosa,6792330.0,3423931.0
178,ERR2935805,metaSPAdes,Pseudomonas aeruginosa,6792330.0,3423934.0
179,ERR2935805,metaSPAdes,Pseudomonas aeruginosa,6792330.0,3423940.0
180,ERR2935805,metaSPAdes,Pseudomonas aeruginosa,6792330.0,3423941.0
181,ERR2935805,metaSPAdes,Pseudomonas aeruginosa,6792330.0,3423943.0
182,ERR2935805,metaSPAdes,Pseudomonas aeruginosa,6792330.0,3423955.0
183,ERR2935805,metaSPAdes,Pseudomonas aeruginosa,6792330.0,3423961.0
184,ERR2935805,metaSPAdes,Pseudomonas aeruginosa,6792330.0,3423967.0
185,ERR2935805,metaSPAdes,Pseudomonas aeruginosa,6792330.0,3423973.0
186,ERR2935805,metaSPAdes,Pseudomonas aeruginosa,6792330.0,3423981.0
187,ERR2935805,metaSPAdes,Pseudomonas aeruginosa,6792330.0,3423985.0
188,ERR2935805,metaSPAdes,Pseudomonas aeruginosa,6792330.0,3423987.0
189,ERR2935805,metaSPAdes,Pseudomonas aeruginosa,6792330.0,3423989.0
190,ERR2935805,metaSPAdes,Pseudomonas aeruginosa,6792330.0,3424012.0
191,ERR2935805,metaSPAdes,Pseudomonas aeruginosa,6792330.0,3424039.0
192,ERR2935805,metaSPAdes,Pseudomonas aeruginosa,6792330.0,3424041.0
193,ERR2935805,metaSPAdes,Pseudomonas aeruginosa,6792330.0,3424042.0
194,ERR2935805,metaSPAdes,Pseudomonas aeruginosa,6792330.0,3424045.0
195,ERR2935805,metaSPAdes,Pseudomonas aeruginosa,6792330.0,3424046.0
196,ERR2935805,metaSPAdes,Pseudomonas aeruginosa,6792330.0,3424047.0
197,ERR2935805,metaSPAdes,Pseudomonas aeruginosa,6792330.0,3424049.0
198,ERR2935805,metaSPAdes,Pseudomonas aeruginosa,6792330.0,3424064.0
199,ERR2935805,metaSPAdes,Pseudomonas aeruginosa,6792330.0,3424074.0
200,ERR2935805,metaSPAdes,Pseudomonas aeruginosa,6792330.0,3424077.0
201,ERR2935805,metaSPAdes,Pseudomonas aeruginosa,6792330.0,3424095.0
202,ERR2935805,metaSPAdes,Pseudomonas aeruginosa,6792330.0,3424119.0
203,ERR2935805,metaSPAdes,Pseudomonas aeruginosa,6792330.0,3424146.0
204,ERR2935805,metaSPAdes,Pseudomonas aeruginosa,6792330.0,3424148.0
205,ERR2935805,metaSPAdes,Pseudomonas aeruginosa,6792330.0,3424150.0
206,ERR2935805,metaSPAdes,Pseudomonas aeruginosa,6792330.0,3424153.0
207,ERR2935805,metaSPAdes,Pseudomonas aeruginosa,6792330.0,3424159.0
208,ERR2935805,metaSPAdes,Pseudomonas aeruginosa,6792330.0,3424164.0
209,ERR2935805,metaSPAdes,Pseudomonas aeruginosa,6792330.0,3424165.0
210,ERR2935805,metaSPAdes,Pseudomonas aeruginosa,6792330.0,3424167.0
211,ERR2935805,metaSPAdes,Pseudomonas aeruginosa,6792330.0,3424168.0
212,ERR2935805,metaSPAdes,Pseudomonas aeruginosa,6792330.0,3424170.0
213,ERR2935805,metaSPAdes,Pseudomonas aeruginosa,6792330.0,3424175.0
214,ERR2935805,metaSPAdes,Pseudomonas aeruginosa,6792330.0,3424177.0
215,ERR2935805,metaSPAdes,Pseudomonas aeruginosa,6792330.0,3424180.0
216,ERR2935805,metaSPAdes,Pseudomonas aeruginosa,6792330.0,3424183.0
217,ERR2935805,metaSPAdes,Pseudomonas aeruginosa,6792330.0,3424184.0
218,ERR2935805,metaSPAdes,Pseudomonas aeruginosa,6792330.0,3424222.0
219,ERR2935805,metaSPAdes,Pseudomonas aeruginosa,6792330.0,3424224.0
220,ERR2935805,metaSPAdes,Pseudomonas aeruginosa,6792330.0,3425926.0
221,ERR2935805,metaSPAdes,Pseudomonas aeruginosa,6792330.0,3425980.0
222,ERR2935805,metaSPAdes,Pseudomonas aeruginosa,6792330.0,3426118.0
223,ERR2935805,metaSPAdes,Pseudomonas aeruginosa,6792330.0,3426121.0
224,ERR2935805,metaSPAdes,Pseudomonas aeruginosa,6792330.0,3426124.0
225,ERR2935805,metaSPAdes,Pseudomonas aeruginosa,6792330.0,3426127.0
226,ERR2935805,metaSPAdes,Pseudomonas aeruginosa,6792330.0,3426219.0
227,ERR2935805,metaSPAdes,Pseudomonas aeruginosa,6792330.0,3426387.0
228,ERR2935805,metaSPAdes,Pseudomonas aeruginosa,6792330.0,3426465.0
229,ERR2935805,metaSPAdes,Pseudomonas aeruginosa,6792330.0,3427311.0
230,ERR2935805,metaSPAdes,Pseudomonas aeruginosa,6792330.0,3427338.0
231,ERR2935805,metaSPAdes,Pseudomonas aeruginosa,6792330.0,3427341.0
232,ERR2935805,metaSPAdes,Pseudomonas aeruginosa,6792330.0,3427365.0
233,ERR2935805,metaSPAdes,Pseudomonas aeruginosa,6792330.0,3427371.0
234,ERR2935805,metaSPAdes,Pseudomonas aeruginosa,6792330.0,3427709.0
235,ERR2935805,metaSPAdes,Pseudomonas aeruginosa,6792330.0,3427966.0
236,ERR2935805,metaSPAdes,Pseudomonas aeruginosa,6792330.0,3427972.0
237,ERR2935805,metaSPAdes,Pseudomonas aeruginosa,6792330.0,3427995.0
238,ERR2935805,metaSPAdes,Pseudomonas aeruginosa,6792330.0,3428005.0
239,ERR2935805,metaSPAdes,Pseudomonas aeruginosa,6792330.0,3428008.0
240,ERR2935805,metaSPAdes,Pseudomonas aeruginosa,6792330.0,3428009.0
241,ERR2935805,metaSPAdes,Pseudomonas aeruginosa,6792330.0,3428010.0
242,ERR2935805,metaSPAdes,Pseudomonas aeruginosa,6792330.0,3428024.0
243,ERR2935805,metaSPAdes,Pseudomonas aeruginosa,6792330.0,3428025.0
244,ERR2935805,metaSPAdes,Pseudomonas aeruginosa,6792330.0,3428026.0
245,ERR2935805,metaSPAdes,Pseudomonas aeruginosa,6792330.0,3428029.0
246,ERR2935805,metaSPAdes,Pseudomonas aeruginosa,6792330.0,3428032.0
247,ERR2935805,metaSPAdes,Pseudomonas aeruginosa,6792330.0,3428034.0
248,ERR2935805,metaSPAdes,Pseudomonas aeruginosa,6792330.0,3428035.0
249,ERR2935805,metaSPAdes,Pseudomonas aeruginosa,6792330.0,3428039.0
250,ERR2935805,metaSPAdes,Pseudomonas aeruginosa,6792330.0,3428040.0
251,ERR2935805,metaSPAdes,Pseudomonas aeruginosa,6792330.0,3428047.0
252,ERR2935805,metaSPAdes,Pseudomonas aeruginosa,6792330.0,3428049.0
253,ERR2935805,metaSPAdes,Pseudomonas aeruginosa,6792330.0,3428056.0
254,ERR2935805,metaSPAdes,Pseudomonas aeruginosa,6792330.0,3428058.0
255,ERR2935805,metaSPAdes,Pseudomonas aeruginosa,6792330.0,3428104.0
256,ERR2935805,metaSPAdes,Pseudomonas aeruginosa,6792330.0,3428113.0
257,ERR2935805,metaSPAdes,Pseudomonas aeruginosa,6792330.0,3428122.0
258,ERR2935805,metaSPAdes,Pseudomonas aeruginosa,6792330.0,3428125.0
259,ERR2935805,metaSPAdes,Pseudomonas aeruginosa,6792330.0,3428128.0
260,ERR2935805,metaSPAdes,Pseudomonas aeruginosa,6792330.0,3428347.0
261,ERR2935805,metaSPAdes,Pseudomonas aeruginosa,6792330.0,3428434.0
262,ERR2935805,metaSPAdes,Pseudomonas aeruginosa,6792330.0,3428458.0
263,ERR2935805,metaSPAdes,Pseudomonas aeruginosa,6792330.0,3428462.0
264,ERR2935805,metaSPAdes,Pseudomonas aeruginosa,6792330.0,3428482.0
265,ERR2935805,metaSPAdes,Pseudomonas aeruginosa,6792330.0,3428491.0
266,ERR2935805,metaSPAdes,Pseudomonas aeruginosa,6792330.0,3428494.0
267,ERR2935805,metaSPAdes,Pseudomonas aeruginosa,6792330.0,3428506.0
268,ERR2935805,metaSPAdes,Pseudomonas aeruginosa,6792330.0,3428511.0
269,ERR2935805,metaSPAdes,Pseudomonas aeruginosa,6792330.0,3428512.0
270,ERR2935805,metaSPAdes,Pseudomonas aeruginosa,6792330.0,3428514.0
271,ERR2935805,metaSPAdes,Pseudomonas aeruginosa,6792330.0,3428523.0
272,ERR2935805,metaSPAdes,Pseudomonas aeruginosa,6792330.0,3428524.0
273,ERR2935805,metaSPAdes,Pseudomonas aeruginosa,6792330.0,3428527.0
274,ERR2935805,metaSPAdes,Pseudomonas aeruginosa,6792330.0,3428539.0
275,ERR2935805,metaSPAdes,Pseudomonas aeruginosa,6792330.0,3428566.0
276,ERR2935805,metaSPAdes,Pseudomonas aeruginosa,6792330.0,3428725.0
277,ERR2935805,metaSPAdes,Pseudomonas aeruginosa,6792330.0,3428770.0
278,ERR2935805,metaSPAdes,Pseudomonas aeruginosa,6792330.0,3428776.0
279,ERR2935805,metaSPAdes,Pseudomonas aeruginosa,6792330.0,3428785.0
280,ERR2935805,metaSPAdes,Pseudomonas aeruginosa,6792330.0,3428803.0
281,ERR2935805,metaSPAdes,Pseudomonas aeruginosa,6792330.0,3428961.0
282,ERR2935805,metaSPAdes,Pseudomonas aeruginosa,6792330.0,3429169.0
283,ERR2935805,metaSPAdes,Pseudomonas aeruginosa,6792330.0,3429183.0
284,ERR2935805,metaSPAdes,Pseudomonas aeruginosa,6792330.0,3429196.0
285,ERR2935805,metaSPAdes,Pseudomonas aeruginosa,6792330.0,3429202.0
286,ERR2935805,metaSPAdes,Pseudomonas aeruginosa,6792330.0,3429210.0
287,ERR2935805,metaSPAdes,Pseudomonas aeruginosa,6792330.0,3429226.0
288,ERR2935805,metaSPAdes,Pseudomonas aeruginosa,6792330.0,3429259.0
289,ERR2935805,metaSPAdes,Pseudomonas aeruginosa,6792330.0,3429262.0
290,ERR2935805,metaSPAdes,Pseudomonas aeruginosa,6792330.0,3429289.0
291,ERR2935805,metaSPAdes,Pseudomonas aeruginosa,6792330.0,3429301.0
292,ERR2935805,metaSPAdes,Pseudomonas aeruginosa,6792330.0,3429307.0
293,ERR2935805,metaSPAdes,Pseudomonas aeruginosa,6792330.0,3429316.0
294,ERR2935805,metaSPAdes,Pseudomonas aeruginosa,6792330.0,3429346.0
295,ERR2935805,metaSPAdes,Pseudomonas aeruginosa,6792330.0,3429367.0
296,ERR2935805,metaSPAdes,Pseudomonas aeruginosa,6792330.0,2828281.0
297,ERR2935805,metaSPAdes,Pseudomonas aeruginosa,6792330.0,2828311.0
298,ERR2935805,metaSPAdes,Pseudomonas aeruginosa,6792330.0,2828315.0
299,ERR2935805,metaSPAdes,Pseudomonas aeruginosa,6792330.0,2828348.0
300,ERR2935805,metaSPAdes,Pseudomonas aeruginosa,6792330.0,2828362.0
301,ERR2935805,metaSPAdes,Pseudomonas aeruginosa,6792330.0,2828368.0
302,ERR2935805,metaSPAdes,Pseudomonas aeruginosa,6792330.0,2828383.0
303,ERR2935805,metaSPAdes,Pseudomonas aeruginosa,6792330.0,2828385.0
304,ERR2935805,metaSPAdes,Pseudomonas aeruginosa,6792330.0,2828386.0
305,ERR2935805,metaSPAdes,Pseudomonas aeruginosa,6792330.0,2828388.0
306,ERR2935805,metaSPAdes,Pseudomonas aeruginosa,6792330.0,2828389.0
307,ERR2935805,metaSPAdes,Pseudomonas aeruginosa,6792330.0,2828391.0
308,ERR2935805,metaSPAdes,Pseudomonas aeruginosa,6792330.0,2828392.0
309,ERR2935805,metaSPAdes,Pseudomonas aeruginosa,6792330.0,2828393.0
310,ERR2935805,metaSPAdes,Pseudomonas aeruginosa,6792330.0,2828399.0
311,ERR2935805,metaSPAdes,Pseudomonas aeruginosa,6792330.0,2828407.0
312,ERR2935805,metaSPAdes,Pseudomonas aeruginosa,6792330.0,2828408.0
313,ERR2935805,metaSPAdes,Pseudomonas aeruginosa,6792330.0,2828411.0
314,ERR2935805,metaSPAdes,Pseudomonas aeruginosa,6792330.0,2828412.0
315,ERR2935805,metaSPAdes,Pseudomonas aeruginosa,6792330.0,2828415.0
316,ERR2935805,metaSPAdes,Pseudomonas aeruginosa,6792330.0,2828416.0
317,ERR2935805,metaSPAdes,Pseudomonas aeruginosa,6792330.0,2828418.0
318,ERR2935805,metaSPAdes,Pseudomonas aeruginosa,6792330.0,2828425.0
319,ERR2935805,metaSPAdes,Pseudomonas aeruginosa,6792330.0,2828427.0
320,ERR2935805,metaSPAdes,Pseudomonas aeruginosa,6792330.0,2828428.0
321,ERR2935805,metaSPAdes,Pseudomonas aeruginosa,6792330.0,2828429.0
322,ERR2935805,metaSPAdes,Pseudomonas aeruginosa,6792330.0,2828431.0
323,ERR2935805,metaSPAdes,Pseudomonas aeruginosa,6792330.0,2828432.0
324,ERR2935805,metaSPAdes,Pseudomonas aeruginosa,6792330.0,2828434.0
325,ERR2935805,metaSPAdes,Pseudomonas aeruginosa,6792330.0,2828437.0
326,ERR2935805,metaSPAdes,Pseudomonas aeruginosa,6792330.0,2828438.0
327,ERR2935805,metaSPAdes,Pseudomonas aeruginosa,6792330.0,2828440.0
328,ERR2935805,metaSPAdes,Pseudomonas aeruginosa,6792330.0,2828449.0
329,ERR2935805,metaSPAdes,Pseudomonas aeruginosa,6792330.0,2828452.0
330,ERR2935805,metaSPAdes,Pseudomonas aeruginosa,6792330.0,2828476.0
331,ERR2935805,metaSPAdes,Pseudomonas aeruginosa,6792330.0,2828485.0
332,ERR2935805,metaSPAdes,Pseudomonas aeruginosa,6792330.0,2828512.0
333,ERR2935805,metaSPAdes,Pseudomonas aeruginosa,6792330.0,2828530.0
334,ERR2935805,metaSPAdes,Pseudomonas aeruginosa,6792330.0,2828557.0
335,ERR2935805,metaSPAdes,Pseudomonas aeruginosa,6792330.0,2828569.0
336,ERR2935805,metaSPAdes,Pseudomonas aeruginosa,6792330.0,2828633.0
337,ERR2935805,metaSPAdes,Pseudomonas aeruginosa,6792330.0,2828659.0
338,ERR2935805,metaSPAdes,Pseudomonas aeruginosa,6792330.0,2828683.0
339,ERR2935805,metaSPAdes,Pseudomonas aeruginosa,6792330.0,2828699.0
340,ERR2935805,metaSPAdes,Pseudomonas aeruginosa,6792330.0,2828710.0
341,ERR2935805,metaSPAdes,Pseudomonas aeruginosa,6792330.0,2829055.0
342,ERR2935805,metaSPAdes,Pseudomonas aeruginosa,6792330.0,2829230.0
343,ERR2935805,metaSPAdes,Pseudomonas aeruginosa,6792330.0,2836214.0
344,ERR2935805,metaSPAdes,Pseudomonas aeruginosa,6792330.0,2836240.0
345,ERR2935805,metaSPAdes,Pseudomonas aeruginosa,6792330.0,2836264.0
346,ERR2935805,metaSPAdes,Pseudomonas aeruginosa,6792330.0,2836280.0
347,ERR2935805,metaSPAdes,Pseudomonas aeruginosa,6792330.0,2836291.0
348,ERR2935805,metaSPAdes,Pseudomonas aeruginosa,6792330.0,2836513.0
349,ERR2935805,metaSPAdes,Pseudomonas aeruginosa,6792330.0,2836514.0
350,ERR2935805,metaSPAdes,Pseudomonas aeruginosa,6792330.0,2836572.0
351,ERR2935805,metaSPAdes,Pseudomonas aeruginosa,6792330.0,2836717.0
352,ERR2935805,metaSPAdes,Pseudomonas aeruginosa,6792330.0,2836738.0
353,ERR2935805,metaSPAdes,Pseudomonas aeruginosa,6792330.0,2836739.0
354,ERR2935805,metaSPAdes,Pseudomonas aeruginosa,6792330.0,430123.0
355,ERR2935805,metaSPAdes,Pseudomonas aeruginosa,6792330.0,430333.0
356,ERR2935805,metaSPAdes,Pseudomonas aeruginosa,6792330.0,430447.0
357,ERR2935805,metaSPAdes,Pseudomonas aeruginosa,6792330.0,430738.0
358,ERR2935805,metaSPAdes,Pseudomonas aeruginosa,6792330.0,430774.0
359,ERR2935805,metaSPAdes,Pseudomonas aeruginosa,6792330.0,446628.0
360,ERR2935805,metaSPAdes,Pseudomonas aeruginosa,6792330.0,446838.0
361,ERR2935805,metaSPAdes,Pseudomonas aeruginosa,6792330.0,446952.0
362,ERR2935805,metaSPAdes,Pseudomonas aeruginosa,6792330.0,447243.0
363,ERR2935805,metaSPAdes,Pseudomonas aeruginosa,6792330.0,447279.0
364,ERR2935805,metaSPAdes,Pseudomonas aeruginosa,6792330.0,5396728
365,ERR2935805,metaSPAdes,Pseudomonas aeruginosa,6792330.0,5396742
366,ERR2935805,metaSPAdes,Pseudomonas aeruginosa,6792330.0,5396757
367,ERR2935805,metaSPAdes,Pseudomonas aeruginosa,6792330.0,5396760
368,ERR2935805,metaSPAdes,Pseudomonas aeruginosa,6792330.0,5396968
369,ERR2935805,metaSPAdes,Pseudomonas aeruginosa,6792330.0,5396982
370,ERR2935805,metaSPAdes,Pseudomonas aeruginosa,6792330.0,5396997
371,ERR2935805,metaSPAdes,Pseudomonas aeruginosa,6792330.0,5397000
372,ERR2935805,metaSPAdes,Pseudomonas aeruginosa,6792330.0,5397225
373,ERR2935805,metaSPAdes,Pseudomonas aeruginosa,6792330.0,5397237
374,ERR2935805,metaSPAdes,Pseudomonas aeruginosa,6792330.0,5397240
375,ERR2935805,metaSPAdes,Pseudomonas aeruginosa,6792330.0,5397243
376,ERR2935805,metaSPAdes,Pseudomonas aeruginosa,6792330.0,5397252
377,ERR2935805,metaSPAdes,Pseudomonas aeruginosa,6792330.0,5397264
378,ERR2935805,metaSPAdes,Pseudomonas aeruginosa,6792330.0,5397268
379,ERR2935805,metaSPAdes,Pseudomonas aeruginosa,6792330.0,5397269
380,ERR2935805,metaSPAdes,Pseudomonas aeruginosa,6792330.0,5397270
381,ERR2935805,metaSPAdes,Pseudomonas aeruginosa,6792330.0,5397276
382,ERR2935805,metaSPAdes,Pseudomonas aeruginosa,6792330.0,5397285
383,ERR2935805,metaSPAdes,Pseudomonas aeruginosa,6792330.0,5397286
384,ERR2935805,metaSPAdes,Pseudomonas aeruginosa,6792330.0,5397287
385,ERR2935805,metaSPAdes,Pseudomonas aeruginosa,6792330.0,5397321
386,ERR2935805,metaSPAdes,Pseudomonas aeruginosa,6792330.0,5397333
387,ERR2935805,metaSPAdes,Pseudomonas aeruginosa,6792330.0,5397342
388,ERR2935805,metaSPAdes,Pseudomonas aeruginosa,6792330.0,5397369
389,ERR2935805,metaSPAdes,Pseudomonas aeruginosa,6792330.0,5397393
390,ERR2935805,metaSPAdes,Pseudomonas aeruginosa,6792330.0,5397804
391,ERR2935805,metaSPAdes,Pseudomonas aeruginosa,6792330.0,5397825
392,ERR2935805,metaSPAdes,Pseudomonas aeruginosa,6792330.0,5397846
393,ERR2935805,metaSPAdes,Pseudomonas aeruginosa,6792330.0,5397858
394,ERR2935805,metaSPAdes,Pseudomonas aeruginosa,6792330.0,5397859
395,ERR2935805,metaSPAdes,Pseudomonas aeruginosa,6792330.0,5397860
396,ERR2935805,metaSPAdes,Pseudomonas aeruginosa,6792330.0,5397867
397,ERR2935805,metaSPAdes,Pseudomonas aeruginosa,6792330.0,5397873
398,ERR2935805,metaSPAdes,Pseudomonas aeruginosa,6792330.0,5397874
399,ERR2935805,metaSPAdes,Pseudomonas aeruginosa,6792330.0,5397885
400,ERR2935805,metaSPAdes,Pseudomonas aeruginosa,6792330.0,5397909
401,ERR2935805,metaSPAdes,Pseudomonas aeruginosa,6792330.0,5398017
402,ERR2935805,metaSPAdes,Pseudomonas aeruginosa,6792330.0,5398020
403,ERR2935805,metaSPAdes,Pseudomonas aeruginosa,6792330.0,5398023
404,ERR2935805,metaSPAdes,Pseudomonas aeruginosa,6792330.0,5398047
405,ERR2935805,metaSPAdes,Pseudomonas aeruginosa,6792330.0,5398062
406,ERR2935805,metaSPAdes,Pseudomonas aeruginosa,6792330.0,5398068
407,ERR2935805,metaSPAdes,Pseudomonas aeruginosa,6792330.0,5398083
408,ERR2935805,metaSPAdes,Pseudomonas aeruginosa,6792330.0,1446507.0
409,ERR2935805,metaSPAdes,Pseudomonas aeruginosa,6792330.0,1446523.0
410,ERR2935805,metaSPAdes,Pseudomonas aeruginosa,6792330.0,1889830
411,ERR2935805,metaSPAdes,Pseudomonas aeruginosa,6792330.0,1889835
412,ERR2935805,metaSPAdes,Pseudomonas aeruginosa,6792330.0,1889841
413,ERR2935805,metaSPAdes,Pseudomonas aeruginosa,6792330.0,1889868
414,ERR2935805,metaSPAdes,Pseudomonas aeruginosa,6792330.0,1889871
415,ERR2935805,metaSPAdes,Pseudomonas aeruginosa,6792330.0,1889895
416,ERR2935805,metaSPAdes,Pseudomonas aeruginosa,6792330.0,1889901
417,ERR2935805,metaSPAdes,Pseudomonas aeruginosa,6792330.0,1889916
418,ERR2935805,metaSPAdes,Pseudomonas aeruginosa,6792330.0,1889988
419,ERR2935805,metaSPAdes,Pseudomonas aeruginosa,6792330.0,1890013
420,ERR2935805,metaSPAdes,Pseudomonas aeruginosa,6792330.0,1890015
421,ERR2935805,metaSPAdes,Pseudomonas aeruginosa,6792330.0,1890033
422,ERR2935805,metaSPAdes,Pseudomonas aeruginosa,6792330.0,1890045
423,ERR2935805,metaSPAdes,Pseudomonas aeruginosa,6792330.0,1890063
424,ERR2935805,metaSPAdes,Pseudomonas aeruginosa,6792330.0,1890066
425,ERR2935805,metaSPAdes,Pseudomonas aeruginosa,6792330.0,1890075
426,ERR2935805,metaSPAdes,Pseudomonas aeruginosa,6792330.0,1890078
427,ERR2935805,metaSPAdes,Pseudomonas aeruginosa,6792330.0,1890090
428,ERR2935805,metaSPAdes,Pseudomonas aeruginosa,6792330.0,1890096
429,ERR2935805,metaSPAdes,Pseudomonas aeruginosa,6792330.0,1890132
430,ERR2935805,metaSPAdes,Pseudomonas aeruginosa,6792330.0,1890148
431,ERR2935805,metaSPAdes,Pseudomonas aeruginosa,6792330.0,1890165
432,ERR2935805,metaSPAdes,Pseudomonas aeruginosa,6792330.0,1890168
433,ERR2935805,metaSPAdes,Pseudomonas aeruginosa,6792330.0,1890184
434,ERR2935805,metaSPAdes,Pseudomonas aeruginosa,6792330.0,1890193
435,ERR2935805,metaSPAdes,Pseudomonas aeruginosa,6792330.0,1890225
436,ERR2935805,metaSPAdes,Pseudomonas aeruginosa,6792330.0,1890270
437,ERR2935805,metaSPAdes,Pseudomonas aeruginosa,6792330.0,1890279
438,ERR2935805,metaSPAdes,Pseudomonas aeruginosa,6792330.0,1890285
439,ERR2935805,metaSPAdes,Pseudomonas aeruginosa,6792330.0,1890305
440,ERR2935805,metaSPAdes,Pseudomonas aeruginosa,6792330.0,1890316
441,ERR2935805,metaSPAdes,Pseudomonas aeruginosa,6792330.0,1890343
442,ERR2935805,metaSPAdes,Pseudomonas aeruginosa,6792330.0,1890350
443,ERR2935805,metaSPAdes,Pseudomonas aeruginosa,6792330.0,1890363
444,ERR2935805,metaSPAdes,Pseudomonas aeruginosa,6792330.0,1890366
445,ERR2935805,metaSPAdes,Pseudomonas aeruginosa,6792330.0,1890387
446,ERR2935805,metaSPAdes,Pseudomonas aeruginosa,6792330.0,1890388
447,ERR2935805,metaSPAdes,Pseudomonas aeruginosa,6792330.0,1890390
448,ERR2935805,metaSPAdes,Pseudomonas aeruginosa,6792330.0,1890393
449,ERR2935805,metaSPAdes,Pseudomonas aeruginosa,6792330.0,1890396
450,ERR2935805,metaSPAdes,Pseudomonas aeruginosa,6792330.0,1890403
451,ERR2935805,metaSPAdes,Pseudomonas aeruginosa,6792330.0,1890421
452,ERR2935805,metaSPAdes,Pseudomonas aeruginosa,6792330.0,1890423
453,ERR2935805,metaSPAdes,Pseudomonas aeruginosa,6792330.0,1890428
454,ERR2935805,metaSPAdes,Pseudomonas aeruginosa,6792330.0,1890429
455,ERR2935805,metaSPAdes,Pseudomonas aeruginosa,6792330.0,1890434
456,ERR2935805,metaSPAdes,Pseudomonas aeruginosa,6792330.0,1890435
457,ERR2935805,metaSPAdes,Pseudomonas aeruginosa,6792330.0,1890436
458,ERR2935805,metaSPAdes,Pseudomonas aeruginosa,6792330.0,1890447
459,ERR2935805,metaSPAdes,Pseudomonas aeruginosa,6792330.0,1890449
460,ERR2935805,metaSPAdes,Pseudomonas aeruginosa,6792330.0,1890457
461,ERR2935805,metaSPAdes,Pseudomonas aeruginosa,6792330.0,1890458
462,ERR2935805,metaSPAdes,Pseudomonas aeruginosa,6792330.0,1890460
463,ERR2935805,metaSPAdes,Pseudomonas aeruginosa,6792330.0,1890462
464,ERR2935805,metaSPAdes,Pseudomonas aeruginosa,6792330.0,1890495
465,ERR2935805,metaSPAdes,Pseudomonas aeruginosa,6792330.0,1890496
466,ERR2935805,metaSPAdes,Pseudomonas aeruginosa,6792330.0,1890500
467,ERR2935805,metaSPAdes,Pseudomonas aeruginosa,6792330.0,1890501
468,ERR2935805,metaSPAdes,Pseudomonas aeruginosa,6792330.0,1890506
469,ERR2935805,metaSPAdes,Pseudomonas aeruginosa,6792330.0,1890509
470,ERR2935805,metaSPAdes,Pseudomonas aeruginosa,6792330.0,1890517
471,ERR2935805,metaSPAdes,Pseudomonas aeruginosa,6792330.0,1890519
472,ERR2935805,metaSPAdes,Pseudomonas aeruginosa,6792330.0,1890529
473,ERR2935805,metaSPAdes,Pseudomonas aeruginosa,6792330.0,1890538
474,ERR2935805,metaSPAdes,Pseudomonas aeruginosa,6792330.0,1890541
475,ERR2935805,metaSPAdes,Pseudomonas aeruginosa,6792330.0,1890549
476,ERR2935805,metaSPAdes,Pseudomonas aeruginosa,6792330.0,1890564
477,ERR2935805,metaSPAdes,Pseudomonas aeruginosa,6792330.0,1890581
478,ERR2935805,metaSPAdes,Pseudomonas aeruginosa,6792330.0,1890596
479,ERR2935805,metaSPAdes,Pseudomonas aeruginosa,6792330.0,1890611
480,ERR2935805,metaSPAdes,Pseudomonas aeruginosa,6792330.0,1890624
481,ERR2935805,metaSPAdes,Pseudomonas aeruginosa,6792330.0,1890629
482,ERR2935805,metaSPAdes,Pseudomonas aeruginosa,6792330.0,1890632
483,ERR2935805,metaSPAdes,Pseudomonas aeruginosa,6792330.0,1890636
484,ERR2935805,metaSPAdes,Pseudomonas aeruginosa,6792330.0,1890638
485,ERR2935805,metaSPAdes,Pseudomonas aeruginosa,6792330.0,1890641
486,ERR2935805,metaSPAdes,Pseudomonas aeruginosa,6792330.0,1890644
487,ERR2935805,metaSPAdes,Pseudomonas aeruginosa,6792330.0,1890647
488,ERR2935805,metaSPAdes,Pseudomonas aeruginosa,6792330.0,1890671
489,ERR2935805,metaSPAdes,Pseudomonas aeruginosa,6792330.0,1890674
490,ERR2935805,metaSPAdes,Pseudomonas aeruginosa,6792330.0,1890689
491,ERR2935805,metaSPAdes,Pseudomonas aeruginosa,6792330.0,1890710
492,ERR2935805,metaSPAdes,Pseudomonas aeruginosa,6792330.0,1890741
493,ERR2935805,metaSPAdes,Pseudomonas aeruginosa,6792330.0,1891024
494,ERR2935805,metaSPAdes,Pseudomonas aeruginosa,6792330.0,1891038
495,ERR2935805,metaSPAdes,Pseudomonas aeruginosa,6792330.0,1892935
496,ERR2935805,metaSPAdes,Pseudomonas aeruginosa,6792330.0,1893942
497,ERR2935805,metaSPAdes,Pseudomonas aeruginosa,6792330.0,1893951
498,ERR2935805,metaSPAdes,Pseudomonas aeruginosa,6792330.0,1893955
499,ERR2935805,metaSPAdes,Pseudomonas aeruginosa,6792330.0,1893956
500,ERR2935805,metaSPAdes,Pseudomonas aeruginosa,6792330.0,1893984
501,ERR2935805,metaSPAdes,Pseudomonas aeruginosa,6792330.0,1894188
502,ERR2935805,metaSPAdes,Pseudomonas aeruginosa,6792330.0,1894194
503,ERR2935805,metaSPAdes,Pseudomonas aeruginosa,6792330.0,1894628
504,ERR2935805,metaSPAdes,Pseudomonas aeruginosa,6792330.0,1894750
505,ERR2935805,metaSPAdes,Pseudomonas aeruginosa,6792330.0,1894927
506,ERR2935805,metaSPAdes,Pseudomonas aeruginosa,6792330.0,1894990
507,ERR2935805,metaSPAdes,Pseudomonas aeruginosa,6792330.0,1895004
508,ERR2935805,metaSPAdes,Pseudomonas aeruginosa,6792330.0,1895005
509,ERR2935805,metaSPAdes,Pseudomonas aeruginosa,6792330.0,1895008
510,ERR2935805,metaSPAdes,Pseudomonas aeruginosa,6792330.0,1895014
511,ERR2935805,metaSPAdes,Pseudomonas aeruginosa,6792330.0,1896029
512,ERR2935805,metaSPAdes,Pseudomonas aeruginosa,6792330.0,1896031
513,ERR2935805,metaSPAdes,Pseudomonas aeruginosa,6792330.0,1896065
514,ERR2935805,metaSPAdes,Pseudomonas aeruginosa,6792330.0,1896067
515,ERR2935805,metaSPAdes,Pseudomonas aeruginosa,6792330.0,1896073
516,ERR2935805,metaSPAdes,Pseudomonas aeruginosa,6792330.0,1896079
517,ERR2935805,metaSPAdes,Pseudomonas aeruginosa,6792330.0,1896091
518,ERR2935805,metaSPAdes,Pseudomonas aeruginosa,6792330.0,1896094
519,ERR2935805,metaSPAdes,Pseudomonas aeruginosa,6792330.0,1896100
520,ERR2935805,metaSPAdes,Pseudomonas aeruginosa,6792330.0,1896106
521,ERR2935805,metaSPAdes,Pseudomonas aeruginosa,6792330.0,1896112
522,ERR2935805,metaSPAdes,Pseudomonas aeruginosa,6792330.0,1896139
523,ERR2935805,metaSPAdes,Pseudomonas aeruginosa,6792330.0,1896160
524,ERR2935805,metaSPAdes,Pseudomonas aeruginosa,6792330.0,1896328
525,ERR2935805,metaSPAdes,Pseudomonas aeruginosa,6792330.0,1896364
526,ERR2935805,metaSPAdes,Pseudomonas aeruginosa,6792330.0,1896400
527,ERR2935805,metaSPAdes,Pseudomonas aeruginosa,6792330.0,1896409
528,ERR2935805,metaSPAdes,Pseudomonas aeruginosa,6792330.0,1896421
529,ERR2935805,metaSPAdes,Pseudomonas aeruginosa,6792330.0,1896460
530,ERR2935805,metaSPAdes,Pseudomonas aeruginosa,6792330.0,1896511
531,ERR2935805,metaSPAdes,Pseudomonas aeruginosa,6792330.0,1896514
532,ERR2935805,metaSPAdes,Pseudomonas aeruginosa,6792330.0,1896517
533,ERR2935805,metaSPAdes,Pseudomonas aeruginosa,6792330.0,1896532
534,ERR2935805,metaSPAdes,Pseudomonas aeruginosa,6792330.0,1896544
535,ERR2935805,metaSPAdes,Pseudomonas aeruginosa,6792330.0,1896625
536,ERR2935805,metaSPAdes,Pseudomonas aeruginosa,6792330.0,1896628
537,ERR2935805,metaSPAdes,Pseudomonas aeruginosa,6792330.0,1896637
538,ERR2935805,metaSPAdes,Pseudomonas aeruginosa,6792330.0,1896640
539,ERR2935805,metaSPAdes,Pseudomonas aeruginosa,6792330.0,1897133
540,ERR2935805,metaSPAdes,Pseudomonas aeruginosa,6792330.0,1897164
541,ERR2935805,metaSPAdes,Pseudomonas aeruginosa,6792330.0,1897170
542,ERR2935805,metaSPAdes,Pseudomonas aeruginosa,6792330.0,1897173
543,ERR2935805,metaSPAdes,Pseudomonas aeruginosa,6792330.0,1897185
544,ERR2935805,metaSPAdes,Pseudomonas aeruginosa,6792330.0,1897188
545,ERR2935805,metaSPAdes,Pseudomonas aeruginosa,6792330.0,1897205
546,ERR2935805,metaSPAdes,Pseudomonas aeruginosa,6792330.0,1897215
547,ERR2935805,metaSPAdes,Pseudomonas aeruginosa,6792330.0,1897248
548,ERR2935805,metaSPAdes,Pseudomonas aeruginosa,6792330.0,495227.0
549,ERR2935805,metaSPAdes,Pseudomonas aeruginosa,6792330.0,495244.0
550,ERR2935805,metaSPAdes,Pseudomonas aeruginosa,6792330.0,495561.0
551,ERR2935805,metaSPAdes,Pseudomonas aeruginosa,6792330.0,496413.0
552,ERR2935805,metaSPAdes,Pseudomonas aeruginosa,6792330.0,496458.0
553,ERR2935805,metaSPAdes,Pseudomonas aeruginosa,6792330.0,496816.0
554,ERR2935805,metaSPAdes,Pseudomonas aeruginosa,6792330.0,497350.0
555,ERR2935805,metaSPAdes,Pseudomonas aeruginosa,6792330.0,498323.0
556,ERR2935805,metaSPAdes,Pseudomonas aeruginosa,6792330.0,498373.0
557,ERR2935805,metaSPAdes,Pseudomonas aeruginosa,6792330.0,498388.0
558,ERR2935805,metaSPAdes,Pseudomonas aeruginosa,6792330.0,498430.0
559,ERR2935805,metaSPAdes,Pseudomonas aeruginosa,6792330.0,498972.0
560,ERR2935805,metaSPAdes,Pseudomonas aeruginosa,6792330.0,498975.0
561,ERR2935805,metaSPAdes,Pseudomonas aeruginosa,6792330.0,499029.0
562,ERR2935805,metaSPAdes,Pseudomonas aeruginosa,6792330.0,499835.0
563,ERR2935805,metaSPAdes,Pseudomonas aeruginosa,6792330.0,499889.0
564,ERR2935805,metaSPAdes,Pseudomonas aeruginosa,6792330.0,5484749.0
565,ERR2935805,metaSPAdes,Pseudomonas aeruginosa,6792330.0,5488758.0
566,ERR2935805,metaSPAdes,Pseudomonas aeruginosa,6792330.0,5488768.0
567,ERR2935805,metaSPAdes,Pseudomonas aeruginosa,6792330.0,5488779.0
568,ERR2935805,metaSPAdes,Pseudomonas aeruginosa,6792330.0,5488796.0
569,ERR2935805,metaSPAdes,Pseudomonas aeruginosa,6792330.0,5488797.0
570,ERR2935805,metaSPAdes,Pseudomonas aeruginosa,6792330.0,5488798.0
571,ERR2935805,metaSPAdes,Pseudomonas aeruginosa,6792330.0,5488799.0
572,ERR2935805,metaSPAdes,Pseudomonas aeruginosa,6792330.0,5488804.0
573,ERR2935805,metaSPAdes,Pseudomonas aeruginosa,6792330.0,5488805.0
574,ERR2935805,metaSPAdes,Pseudomonas aeruginosa,6792330.0,5488817.0
575,ERR2935805,metaSPAdes,Pseudomonas aeruginosa,6792330.0,5488818.0
576,ERR2935805,metaSPAdes,Pseudomonas aeruginosa,6792330.0,5488826.0
577,ERR2935805,metaSPAdes,Pseudomonas aeruginosa,6792330.0,5488827.0
578,ERR2935805,metaSPAdes,Pseudomonas aeruginosa,6792330.0,5488829.0
579,ERR2935805,metaSPAdes,Pseudomonas aeruginosa,6792330.0,5488830.0
580,ERR2935805,metaSPAdes,Pseudomonas aeruginosa,6792330.0,5488833.0
581,ERR2935805,metaSPAdes,Pseudomonas aeruginosa,6792330.0,5488834.0
582,ERR2935805,metaSPAdes,Pseudomonas aeruginosa,6792330.0,5488835.0
583,ERR2935805,metaSPAdes,Pseudomonas aeruginosa,6792330.0,5488836.0
584,ERR2935805,metaSPAdes,Pseudomonas aeruginosa,6792330.0,5488839.0
585,ERR2935805,metaSPAdes,Pseudomonas aeruginosa,6792330.0,5488843.0
586,ERR2935805,metaSPAdes,Pseudomonas aeruginosa,6792330.0,5488844.0
587,ERR2935805,metaSPAdes,Pseudomonas aeruginosa,6792330.0,5488845.0
588,ERR2935805,metaSPAdes,Pseudomonas aeruginosa,6792330.0,5488849.0
589,ERR2935805,metaSPAdes,Pseudomonas aeruginosa,6792330.0,5488850.0
590,ERR2935805,metaSPAdes,Pseudomonas aeruginosa,6792330.0,5488851.0
591,ERR2935805,metaSPAdes,Pseudomonas aeruginosa,6792330.0,5488852.0
592,ERR2935805,metaSPAdes,Pseudomonas aeruginosa,6792330.0,3931364
593,ERR2935805,metaSPAdes,Pseudomonas aeruginosa,6792330.0,3931365
594,ERR2935805,metaSPAdes,Pseudomonas aeruginosa,6792330.0,3931366
595,ERR2935805,metaSPAdes,Pseudomonas aeruginosa,6792330.0,3931367
596,ERR2935805,metaSPAdes,Pseudomonas aeruginosa,6792330.0,3931388
597,ERR2935805,metaSPAdes,Pseudomonas aeruginosa,6792330.0,3931421
598,ERR2935805,metaSPAdes,Pseudomonas aeruginosa,6792330.0,3931478
599,ERR2935805,metaSPAdes,Pseudomonas aeruginosa,6792330.0,3931483
600,ERR2935805,metaSPAdes,Pseudomonas aeruginosa,6792330.0,3931487
601,ERR2935805,metaSPAdes,Pseudomonas aeruginosa,6792330.0,3931496
602,ERR2935805,metaSPAdes,Pseudomonas aeruginosa,6792330.0,3931502
603,ERR2935805,metaSPAdes,Pseudomonas aeruginosa,6792330.0,3931505
604,ERR2935805,metaSPAdes,Pseudomonas aeruginosa,6792330.0,3931536
605,ERR2935805,metaSPAdes,Pseudomonas aeruginosa,6792330.0,3931634
606,ERR2935805,metaSPAdes,Pseudomonas aeruginosa,6792330.0,3931679
607,ERR2935805,metaSPAdes,Pseudomonas aeruginosa,6792330.0,3931698
608,ERR2935805,metaSPAdes,Pseudomonas aeruginosa,6792330.0,3931699
609,ERR2935805,metaSPAdes,Pseudomonas aeruginosa,6792330.0,3931727
610,ERR2935805,metaSPAdes,Pseudomonas aeruginosa,6792330.0,3931736
611,ERR2935805,metaSPAdes,Pseudomonas aeruginosa,6792330.0,5454644.0
612,ERR2935805,metaSPAdes,Pseudomonas aeruginosa,6792330.0,5456970.0
613,ERR2935805,metaSPAdes,Pseudomonas aeruginosa,6792330.0,5457006.0
614,ERR2935805,metaSPAdes,Pseudomonas aeruginosa,6792330.0,5457008.0
615,ERR2935805,metaSPAdes,Pseudomonas aeruginosa,6792330.0,5457020.0
616,ERR2935805,metaSPAdes,Pseudomonas aeruginosa,6792330.0,5457028.0
617,ERR2935805,metaSPAdes,Pseudomonas aeruginosa,6792330.0,5457029.0
618,ERR2935805,metaSPAdes,Pseudomonas aeruginosa,6792330.0,5457033.0
619,ERR2935805,metaSPAdes,Pseudomonas aeruginosa,6792330.0,5457034.0
620,ERR2935805,metaSPAdes,Pseudomonas aeruginosa,6792330.0,5457061.0
621,ERR2935805,metaSPAdes,Pseudomonas aeruginosa,6792330.0,5457070.0
622,ERR2935805,metaSPAdes,Pseudomonas aeruginosa,6792330.0,5457078.0
623,ERR2935805,metaSPAdes,Pseudomonas aeruginosa,6792330.0,5457081.0
624,ERR2935805,metaSPAdes,Pseudomonas aeruginosa,6792330.0,5457703.0
625,ERR2935805,metaSPAdes,Pseudomonas aeruginosa,6792330.0,5457705.0
626,ERR2935805,metaSPAdes,Pseudomonas aeruginosa,6792330.0,5457719.0
627,ERR2935805,metaSPAdes,Pseudomonas aeruginosa,6792330.0,5457739.0
628,ERR2935805,metaSPAdes,Pseudomonas aeruginosa,6792330.0,2849106.0
629,ERR2935805,metaSPAdes,Pseudomonas aeruginosa,6792330.0,2849112.0
630,ERR2935805,metaSPAdes,Pseudomonas aeruginosa,6792330.0,2849114.0
631,ERR2935805,metaSPAdes,Pseudomonas aeruginosa,6792330.0,2849124.0
632,ERR2935805,metaSPAdes,Pseudomonas aeruginosa,6792330.0,2849127.0
633,ERR2935805,metaSPAdes,Pseudomonas aeruginosa,6792330.0,2849129.0
634,ERR2935805,metaSPAdes,Pseudomonas aeruginosa,6792330.0,2849131.0
635,ERR2935805,metaSPAdes,Pseudomonas aeruginosa,6792330.0,2849136.0
636,ERR2935805,metaSPAdes,Pseudomonas aeruginosa,6792330.0,2849139.0
637,ERR2935805,metaSPAdes,Pseudomonas aeruginosa,6792330.0,2849140.0
638,ERR2935805,metaSPAdes,Pseudomonas aeruginosa,6792330.0,2849271.0
639,ERR2935805,metaSPAdes,Pseudomonas aeruginosa,6792330.0,2849280.0
640,ERR2935805,metaSPAdes,Pseudomonas aeruginosa,6792330.0,2849285.0
641,ERR2935805,metaSPAdes,Pseudomonas aeruginosa,6792330.0,2849286.0
642,ERR2935805,metaSPAdes,Pseudomonas aeruginosa,6792330.0,2849292.0
643,ERR2935805,metaSPAdes,Pseudomonas aeruginosa,6792330.0,2849304.0
644,ERR2935805,metaSPAdes,Pseudomonas aeruginosa,6792330.0,2849307.0
645,ERR2935805,metaSPAdes,Pseudomonas aeruginosa,6792330.0,2849313.0
646,ERR2935805,metaSPAdes,Pseudomonas aeruginosa,6792330.0,2849314.0
647,ERR2935805,metaSPAdes,Pseudomonas aeruginosa,6792330.0,2849315.0
648,ERR2935805,metaSPAdes,Pseudomonas aeruginosa,6792330.0,2849316.0
649,ERR2935805,metaSPAdes,Pseudomonas aeruginosa,6792330.0,2849317.0
650,ERR2935805,metaSPAdes,Pseudomonas aeruginosa,6792330.0,2849319.0
651,ERR2935805,metaSPAdes,Pseudomonas aeruginosa,6792330.0,2849322.0
652,ERR2935805,metaSPAdes,Pseudomonas aeruginosa,6792330.0,2849325.0
653,ERR2935805,metaSPAdes,Pseudomonas aeruginosa,6792330.0,2849326.0
654,ERR2935805,metaSPAdes,Pseudomonas aeruginosa,6792330.0,2849327.0
655,ERR2935805,metaSPAdes,Pseudomonas aeruginosa,6792330.0,2849328.0
656,ERR2935805,metaSPAdes,Pseudomonas aeruginosa,6792330.0,2849329.0
657,ERR2935805,metaSPAdes,Pseudomonas aeruginosa,6792330.0,2849330.0
658,ERR2935805,metaSPAdes,Pseudomonas aeruginosa,6792330.0,2849331.0
659,ERR2935805,metaSPAdes,Pseudomonas aeruginosa,6792330.0,2849334.0
660,ERR2935805,metaSPAdes,Pseudomonas aeruginosa,6792330.0,2849338.0
661,ERR2935805,metaSPAdes,Pseudomonas aeruginosa,6792330.0,2849339.0
662,ERR2935805,metaSPAdes,Pseudomonas aeruginosa,6792330.0,2849341.0
663,ERR2935805,metaSPAdes,Pseudomonas aeruginosa,6792330.0,2849346.0
664,ERR2935805,metaSPAdes,Pseudomonas aeruginosa,6792330.0,2849347.0
665,ERR2935805,metaSPAdes,Pseudomonas aeruginosa,6792330.0,2849349.0
666,ERR2935805,metaSPAdes,Pseudomonas aeruginosa,6792330.0,2849352.0
667,ERR2935805,metaSPAdes,Pseudomonas aeruginosa,6792330.0,2849353.0
668,ERR2935805,metaSPAdes,Pseudomonas aeruginosa,6792330.0,2849354.0
669,ERR2935805,metaSPAdes,Pseudomonas aeruginosa,6792330.0,2849356.0
670,ERR2935805,metaSPAdes,Pseudomonas aeruginosa,6792330.0,2849366.0
671,ERR2935805,metaSPAdes,Pseudomonas aeruginosa,6792330.0,2849367.0
672,ERR2935805,metaSPAdes,Pseudomonas aeruginosa,6792330.0,2849370.0
673,ERR2935805,metaSPAdes,Pseudomonas aeruginosa,6792330.0,2849373.0
674,ERR2935805,metaSPAdes,Pseudomonas aeruginosa,6792330.0,2849376.0
675,ERR2935805,metaSPAdes,Pseudomonas aeruginosa,6792330.0,2849378.0
676,ERR2935805,metaSPAdes,Pseudomonas aeruginosa,6792330.0,2849380.0
677,ERR2935805,metaSPAdes,Pseudomonas aeruginosa,6792330.0,2849381.0
678,ERR2935805,metaSPAdes,Pseudomonas aeruginosa,6792330.0,2849382.0
679,ERR2935805,metaSPAdes,Pseudomonas aeruginosa,6792330.0,2849386.0
680,ERR2935805,metaSPAdes,Pseudomonas aeruginosa,6792330.0,2849387.0
681,ERR2935805,metaSPAdes,Pseudomonas aeruginosa,6792330.0,2849388.0
682,ERR2935805,metaSPAdes,Pseudomonas aeruginosa,6792330.0,2849400.0
683,ERR2935805,metaSPAdes,Pseudomonas aeruginosa,6792330.0,2850017.0
684,ERR2935805,metaSPAdes,Pseudomonas aeruginosa,6792330.0,2850051.0
685,ERR2935805,metaSPAdes,Pseudomonas aeruginosa,6792330.0,2850069.0
686,ERR2935805,metaSPAdes,Pseudomonas aeruginosa,6792330.0,2850099.0
687,ERR2935805,metaSPAdes,Pseudomonas aeruginosa,6792330.0,2850285.0
688,ERR2935805,metaSPAdes,Pseudomonas aeruginosa,6792330.0,2851327.0
689,ERR2935805,metaSPAdes,Pseudomonas aeruginosa,6792330.0,5483039.0
690,ERR2935805,metaSPAdes,Pseudomonas aeruginosa,6792330.0,5483047.0
691,ERR2935805,metaSPAdes,Pseudomonas aeruginosa,6792330.0,5483064.0
692,ERR2935805,metaSPAdes,Pseudomonas aeruginosa,6792330.0,5483088.0
693,ERR2935805,metaSPAdes,Pseudomonas aeruginosa,6792330.0,5483160.0
694,ERR2935805,metaSPAdes,Pseudomonas aeruginosa,6792330.0,5483193.0
695,ERR2935805,metaSPAdes,Pseudomonas aeruginosa,6792330.0,3136814
696,ERR2935805,metaSPAdes,Pseudomonas aeruginosa,6792330.0,3138168
697,ERR2935805,metaSPAdes,Pseudomonas aeruginosa,6792330.0,3138169
698,ERR2935805,metaSPAdes,Pseudomonas aeruginosa,6792330.0,3138170
699,ERR2935805,metaSPAdes,Pseudomonas aeruginosa,6792330.0,3138173
700,ERR2935805,metaSPAdes,Pseudomonas aeruginosa,6792330.0,3138174
701,ERR2935805,metaSPAdes,Pseudomonas aeruginosa,6792330.0,3138176
702,ERR2935805,metaSPAdes,Pseudomonas aeruginosa,6792330.0,3138179
703,ERR2935805,metaSPAdes,Pseudomonas aeruginosa,6792330.0,3138181
704,ERR2935805,metaSPAdes,Pseudomonas aeruginosa,6792330.0,3138182
705,ERR2935805,metaSPAdes,Pseudomonas aeruginosa,6792330.0,3138185
706,ERR2935805,metaSPAdes,Pseudomonas aeruginosa,6792330.0,3138187
707,ERR2935805,metaSPAdes,Pseudomonas aeruginosa,6792330.0,3138191
708,ERR2935805,metaSPAdes,Pseudomonas aeruginosa,6792330.0,3138197
709,ERR2935805,metaSPAdes,Pseudomonas aeruginosa,6792330.0,3138206
710,ERR2935805,metaSPAdes,Pseudomonas aeruginosa,6792330.0,3138207
711,ERR2935805,metaSPAdes,Pseudomonas aeruginosa,6792330.0,3138220
712,ERR2935805,metaSPAdes,Pseudomonas aeruginosa,6792330.0,3138224
713,ERR2935805,metaSPAdes,Pseudomonas aeruginosa,6792330.0,3138230
714,ERR2935805,metaSPAdes,Pseudomonas aeruginosa,6792330.0,3138231
715,ERR2935805,metaSPAdes,Pseudomonas aeruginosa,6792330.0,3138254
716,ERR2935805,metaSPAdes,Pseudomonas aeruginosa,6792330.0,3138307
717,ERR2935805,metaSPAdes,Pseudomonas aeruginosa,6792330.0,3138367
718,ERR2935805,metaSPAdes,Salmonella enterica,4759746.0,4315249
719,ERR2935805,metaSPAdes,Salmonella enterica,4759746.0,2004478
720,ERR2935805,metaSPAdes,Salmonella enterica,4759746.0,2004491
721,ERR2935805,metaSPAdes,Salmonella enterica,4759746.0,2005738
722,ERR2935805,metaSPAdes,Salmonella enterica,4759746.0,2005743
723,ERR2935805,metaSPAdes,Salmonella enterica,4759746.0,2005802
724,ERR2935805,metaSPAdes,Salmonella enterica,4759746.0,2005824
725,ERR2935805,metaSPAdes,Salmonella enterica,4759746.0,3942333
726,ERR2935805,metaSPAdes,Salmonella enterica,4759746.0,3942334
727,ERR2935805,metaSPAdes,Salmonella enterica,4759746.0,3942357
728,ERR2935805,metaSPAdes,Salmonella enterica,4759746.0,3942361
729,ERR2935805,metaSPAdes,Salmonella enterica,4759746.0,3942363
730,ERR2935805,metaSPAdes,Salmonella enterica,4759746.0,3942369
731,ERR2935805,metaSPAdes,Salmonella enterica,4759746.0,3942372
732,ERR2935805,metaSPAdes,Salmonella enterica,4759746.0,3942401
733,ERR2935805,metaSPAdes,Salmonella enterica,4759746.0,3942402
734,ERR2935805,metaSPAdes,Salmonella enterica,4759746.0,3942405
735,ERR2935805,metaSPAdes,Salmonella enterica,4759746.0,3942408
736,ERR2935805,metaSPAdes,Salmonella enterica,4759746.0,3942409
737,ERR2935805,metaSPAdes,Salmonella enterica,4759746.0,3942421
738,ERR2935805,metaSPAdes,Salmonella enterica,4759746.0,3942422
739,ERR2935805,metaSPAdes,Salmonella enterica,4759746.0,3942429
740,ERR2935805,metaSPAdes,Salmonella enterica,4759746.0,3942430
741,ERR2935805,metaSPAdes,Salmonella enterica,4759746.0,3942432
742,ERR2935805,metaSPAdes,Salmonella enterica,4759746.0,3942441
743,ERR2935805,metaSPAdes,Salmonella enterica,4759746.0,3942442
744,ERR2935805,metaSPAdes,Salmonella enterica,4759746.0,3942445
745,ERR2935805,metaSPAdes,Salmonella enterica,4759746.0,3942461
746,ERR2935805,metaSPAdes,Salmonella enterica,4759746.0,3942465
747,ERR2935805,metaSPAdes,Salmonella enterica,4759746.0,3942469
748,ERR2935805,metaSPAdes,Salmonella enterica,4759746.0,3942475
749,ERR2935805,metaSPAdes,Salmonella enterica,4759746.0,3942477
750,ERR2935805,metaSPAdes,Salmonella enterica,4759746.0,3942479
751,ERR2935805,metaSPAdes,Salmonella enterica,4759746.0,3942481
752,ERR2935805,metaSPAdes,Salmonella enterica,4759746.0,3942510
753,ERR2935805,metaSPAdes,Salmonella enterica,4759746.0,3942522
754,ERR2935805,metaSPAdes,Salmonella enterica,4759746.0,3942524
755,ERR2935805,metaSPAdes,Salmonella enterica,4759746.0,3942526
756,ERR2935805,metaSPAdes,Salmonella enterica,4759746.0,3942531
757,ERR2935805,metaSPAdes,Salmonella enterica,4759746.0,3942534
758,ERR2935805,metaSPAdes,Salmonella enterica,4759746.0,3942541
759,ERR2935805,metaSPAdes,Salmonella enterica,4759746.0,3942545
760,ERR2935805,metaSPAdes,Salmonella enterica,4759746.0,3942546
761,ERR2935805,metaSPAdes,Salmonella enterica,4759746.0,3942554
762,ERR2935805,metaSPAdes,Salmonella enterica,4759746.0,3942558
763,ERR2935805,metaSPAdes,Salmonella enterica,4759746.0,3942571
764,ERR2935805,metaSPAdes,Salmonella enterica,4759746.0,3942576
765,ERR2935805,metaSPAdes,Salmonella enterica,4759746.0,3942582
766,ERR2935805,metaSPAdes,Salmonella enterica,4759746.0,4539755
767,ERR2935805,metaSPAdes,Salmonella enterica,4759746.0,4539759
768,ERR2935805,metaSPAdes,Salmonella enterica,4759746.0,4539761
769,ERR2935805,metaSPAdes,Salmonella enterica,4759746.0,4539768
770,ERR2935805,metaSPAdes,Salmonella enterica,4759746.0,2155521.0
771,ERR2935805,metaSPAdes,Salmonella enterica,4759746.0,2354377.0
772,ERR2935805,metaSPAdes,Salmonella enterica,4759746.0,2354379.0
773,ERR2935805,metaSPAdes,Salmonella enterica,4759746.0,2354386.0
774,ERR2935805,metaSPAdes,Salmonella enterica,4759746.0,2354392.0
775,ERR2935805,metaSPAdes,Salmonella enterica,4759746.0,2354395.0
776,ERR2935805,metaSPAdes,Salmonella enterica,4759746.0,2354398.0
777,ERR2935805,metaSPAdes,Salmonella enterica,4759746.0,2354401.0
778,ERR2935805,metaSPAdes,Salmonella enterica,4759746.0,2354410.0
779,ERR2935805,metaSPAdes,Salmonella enterica,4759746.0,2354411.0
780,ERR2935805,metaSPAdes,Salmonella enterica,4759746.0,2354412.0
781,ERR2935805,metaSPAdes,Salmonella enterica,4759746.0,2354413.0
782,ERR2935805,metaSPAdes,Salmonella enterica,4759746.0,2354414.0
783,ERR2935805,metaSPAdes,Salmonella enterica,4759746.0,2354418.0
784,ERR2935805,metaSPAdes,Salmonella enterica,4759746.0,2354422.0
785,ERR2935805,metaSPAdes,Salmonella enterica,4759746.0,2354431.0
786,ERR2935805,metaSPAdes,Salmonella enterica,4759746.0,2354437.0
787,ERR2935805,metaSPAdes,Salmonella enterica,4759746.0,2354440.0
788,ERR2935805,metaSPAdes,Salmonella enterica,4759746.0,2354446.0
789,ERR2935805,metaSPAdes,Salmonella enterica,4759746.0,2354467.0
790,ERR2935805,metaSPAdes,Salmonella enterica,4759746.0,2354494.0
791,ERR2935805,metaSPAdes,Salmonella enterica,4759746.0,2354500.0
792,ERR2935805,metaSPAdes,Salmonella enterica,4759746.0,2354506.0
793,ERR2935805,metaSPAdes,Salmonella enterica,4759746.0,2252340.0
794,ERR2935805,metaSPAdes,Salmonella enterica,4759746.0,4418167.0
795,ERR2935805,metaSPAdes,Salmonella enterica,4759746.0,4419074.0
796,ERR2935805,metaSPAdes,Salmonella enterica,4759746.0,4419111.0
797,ERR2935805,metaSPAdes,Salmonella enterica,4759746.0,4419117.0
798,ERR2935805,metaSPAdes,Salmonella enterica,4759746.0,4419119.0
799,ERR2935805,metaSPAdes,Salmonella enterica,4759746.0,4419123.0
800,ERR2935805,metaSPAdes,Salmonella enterica,4759746.0,4419131.0
801,ERR2935805,metaSPAdes,Salmonella enterica,4759746.0,4419138.0
802,ERR2935805,metaSPAdes,Salmonella enterica,4759746.0,4419148.0
803,ERR2935805,metaSPAdes,Salmonella enterica,4759746.0,4419157.0
804,ERR2935805,metaSPAdes,Salmonella enterica,4759746.0,4419158.0
805,ERR2935805,metaSPAdes,Salmonella enterica,4759746.0,1137869.0
806,ERR2935805,metaSPAdes,Salmonella enterica,4759746.0,1137879.0
807,ERR2935805,metaSPAdes,Salmonella enterica,4759746.0,1137882.0
808,ERR2935805,metaSPAdes,Salmonella enterica,4759746.0,1137883.0
809,ERR2935805,metaSPAdes,Salmonella enterica,4759746.0,1137886.0
810,ERR2935805,metaSPAdes,Salmonella enterica,4759746.0,1137887.0
811,ERR2935805,metaSPAdes,Salmonella enterica,4759746.0,3056203.0
812,ERR2935805,metaSPAdes,Salmonella enterica,4759746.0,3311550.0
