,Sample,Assembler,Reference,Reference Length,SNP Location
0,ERR2984773,GATBMiniaPipeline,Enterococcus faecalis,2845392.0,1577967
1,ERR2984773,GATBMiniaPipeline,Enterococcus faecalis,2845392.0,1578079
2,ERR2984773,GATBMiniaPipeline,Enterococcus faecalis,2845392.0,1578081
3,ERR2984773,GATBMiniaPipeline,Enterococcus faecalis,2845392.0,1578093
4,ERR2984773,GATBMiniaPipeline,Enterococcus faecalis,2845392.0,1577538.0
5,ERR2984773,GATBMiniaPipeline,Enterococcus faecalis,2845392.0,1577567.0
6,ERR2984773,GATBMiniaPipeline,Enterococcus faecalis,2845392.0,1577571.0
7,ERR2984773,GATBMiniaPipeline,Enterococcus faecalis,2845392.0,1577585.0
8,ERR2984773,GATBMiniaPipeline,Enterococcus faecalis,2845392.0,1577615.0
9,ERR2984773,GATBMiniaPipeline,Enterococcus faecalis,2845392.0,1577671.0
10,ERR2984773,GATBMiniaPipeline,Enterococcus faecalis,2845392.0,1577672.0
11,ERR2984773,GATBMiniaPipeline,Enterococcus faecalis,2845392.0,1577675.0
12,ERR2984773,GATBMiniaPipeline,Enterococcus faecalis,2845392.0,1577678.0
13,ERR2984773,GATBMiniaPipeline,Enterococcus faecalis,2845392.0,1577679.0
14,ERR2984773,GATBMiniaPipeline,Enterococcus faecalis,2845392.0,1577681.0
15,ERR2984773,GATBMiniaPipeline,Enterococcus faecalis,2845392.0,1577682.0
16,ERR2984773,GATBMiniaPipeline,Enterococcus faecalis,2845392.0,1577683.0
17,ERR2984773,GATBMiniaPipeline,Enterococcus faecalis,2845392.0,1577687.0
18,ERR2984773,GATBMiniaPipeline,Enterococcus faecalis,2845392.0,1577688.0
19,ERR2984773,GATBMiniaPipeline,Enterococcus faecalis,2845392.0,1577690.0
20,ERR2984773,GATBMiniaPipeline,Enterococcus faecalis,2845392.0,1577693.0
21,ERR2984773,GATBMiniaPipeline,Enterococcus faecalis,2845392.0,1577699.0
22,ERR2984773,GATBMiniaPipeline,Enterococcus faecalis,2845392.0,1577706.0
23,ERR2984773,GATBMiniaPipeline,Enterococcus faecalis,2845392.0,1577726.0
24,ERR2984773,GATBMiniaPipeline,Enterococcus faecalis,2845392.0,1577735.0
25,ERR2984773,GATBMiniaPipeline,Enterococcus faecalis,2845392.0,1577780.0
26,ERR2984773,GATBMiniaPipeline,Enterococcus faecalis,2845392.0,1577781.0
27,ERR2984773,GATBMiniaPipeline,Enterococcus faecalis,2845392.0,1577786.0
28,ERR2984773,GATBMiniaPipeline,Enterococcus faecalis,2845392.0,1577789.0
29,ERR2984773,GATBMiniaPipeline,Enterococcus faecalis,2845392.0,1577792.0
30,ERR2984773,GATBMiniaPipeline,Enterococcus faecalis,2845392.0,1577793.0
31,ERR2984773,GATBMiniaPipeline,Enterococcus faecalis,2845392.0,1577798.0
32,ERR2984773,GATBMiniaPipeline,Enterococcus faecalis,2845392.0,1577804.0
33,ERR2984773,GATBMiniaPipeline,Enterococcus faecalis,2845392.0,1577813.0
34,ERR2984773,GATBMiniaPipeline,Enterococcus faecalis,2845392.0,1577828.0
35,ERR2984773,GATBMiniaPipeline,Enterococcus faecalis,2845392.0,1577846.0
36,ERR2984773,GATBMiniaPipeline,Enterococcus faecalis,2845392.0,1577905.0
37,ERR2984773,GATBMiniaPipeline,Enterococcus faecalis,2845392.0,1577925.0
38,ERR2984773,GATBMiniaPipeline,Escherichia coli,4765434.0,4553294.0
39,ERR2984773,GATBMiniaPipeline,Escherichia coli,4765434.0,4553343.0
40,ERR2984773,GATBMiniaPipeline,Escherichia coli,4765434.0,4553349.0
41,ERR2984773,GATBMiniaPipeline,Escherichia coli,4765434.0,4553352.0
42,ERR2984773,GATBMiniaPipeline,Escherichia coli,4765434.0,1260668.0
43,ERR2984773,GATBMiniaPipeline,Escherichia coli,4765434.0,1571708.0
44,ERR2984773,GATBMiniaPipeline,Escherichia coli,4765434.0,1571711.0
45,ERR2984773,GATBMiniaPipeline,Escherichia coli,4765434.0,1571721.0
46,ERR2984773,GATBMiniaPipeline,Escherichia coli,4765434.0,1571747.0
47,ERR2984773,GATBMiniaPipeline,Escherichia coli,4765434.0,1571749.0
48,ERR2984773,GATBMiniaPipeline,Escherichia coli,4765434.0,1571750.0
49,ERR2984773,GATBMiniaPipeline,Escherichia coli,4765434.0,1571759.0
50,ERR2984773,GATBMiniaPipeline,Escherichia coli,4765434.0,1571786.0
51,ERR2984773,GATBMiniaPipeline,Escherichia coli,4765434.0,1572224.0
52,ERR2984773,GATBMiniaPipeline,Escherichia coli,4765434.0,1572227.0
53,ERR2984773,GATBMiniaPipeline,Escherichia coli,4765434.0,2155479.0
54,ERR2984773,GATBMiniaPipeline,Escherichia coli,4765434.0,2155482.0
55,ERR2984773,GATBMiniaPipeline,Escherichia coli,4765434.0,1776099.0
56,ERR2984773,GATBMiniaPipeline,Escherichia coli,4765434.0,1116915
57,ERR2984773,GATBMiniaPipeline,Escherichia coli,4765434.0,1116918
58,ERR2984773,GATBMiniaPipeline,Escherichia coli,4765434.0,1116924
59,ERR2984773,GATBMiniaPipeline,Escherichia coli,4765434.0,1116987
60,ERR2984773,GATBMiniaPipeline,Escherichia coli,4765434.0,1116990
61,ERR2984773,GATBMiniaPipeline,Escherichia coli,4765434.0,1116999
62,ERR2984773,GATBMiniaPipeline,Escherichia coli,4765434.0,1117002
63,ERR2984773,GATBMiniaPipeline,Escherichia coli,4765434.0,1117005
64,ERR2984773,GATBMiniaPipeline,Escherichia coli,4765434.0,1117008
65,ERR2984773,GATBMiniaPipeline,Escherichia coli,4765434.0,1117013
66,ERR2984773,GATBMiniaPipeline,Escherichia coli,4765434.0,1117032
67,ERR2984773,GATBMiniaPipeline,Escherichia coli,4765434.0,1117035
68,ERR2984773,GATBMiniaPipeline,Escherichia coli,4765434.0,1117038
69,ERR2984773,GATBMiniaPipeline,Escherichia coli,4765434.0,1117053
70,ERR2984773,GATBMiniaPipeline,Escherichia coli,4765434.0,1117062
71,ERR2984773,GATBMiniaPipeline,Escherichia coli,4765434.0,1117071
72,ERR2984773,GATBMiniaPipeline,Escherichia coli,4765434.0,1117166
73,ERR2984773,GATBMiniaPipeline,Escherichia coli,4765434.0,1117178
74,ERR2984773,GATBMiniaPipeline,Escherichia coli,4765434.0,1117182
75,ERR2984773,GATBMiniaPipeline,Escherichia coli,4765434.0,1117184
76,ERR2984773,GATBMiniaPipeline,Escherichia coli,4765434.0,1117200
77,ERR2984773,GATBMiniaPipeline,Escherichia coli,4765434.0,1117214
78,ERR2984773,GATBMiniaPipeline,Escherichia coli,4765434.0,1117215
79,ERR2984773,GATBMiniaPipeline,Escherichia coli,4765434.0,1117224
80,ERR2984773,GATBMiniaPipeline,Escherichia coli,4765434.0,1117227
81,ERR2984773,GATBMiniaPipeline,Escherichia coli,4765434.0,1117236
82,ERR2984773,GATBMiniaPipeline,Escherichia coli,4765434.0,1117242
83,ERR2984773,GATBMiniaPipeline,Escherichia coli,4765434.0,1117243
84,ERR2984773,GATBMiniaPipeline,Escherichia coli,4765434.0,1117245
85,ERR2984773,GATBMiniaPipeline,Escherichia coli,4765434.0,1117248
86,ERR2984773,GATBMiniaPipeline,Escherichia coli,4765434.0,1117256
87,ERR2984773,GATBMiniaPipeline,Escherichia coli,4765434.0,3504053.0
88,ERR2984773,GATBMiniaPipeline,Escherichia coli,4765434.0,3504059.0
89,ERR2984773,GATBMiniaPipeline,Escherichia coli,4765434.0,3504064.0
90,ERR2984773,GATBMiniaPipeline,Escherichia coli,4765434.0,3504074.0
91,ERR2984773,GATBMiniaPipeline,Escherichia coli,4765434.0,1242381.0
92,ERR2984773,GATBMiniaPipeline,Escherichia coli,4765434.0,1242384.0
93,ERR2984773,GATBMiniaPipeline,Escherichia coli,4765434.0,1242396.0
94,ERR2984773,GATBMiniaPipeline,Escherichia coli,4765434.0,1242406.0
95,ERR2984773,GATBMiniaPipeline,Escherichia coli,4765434.0,3480394.0
96,ERR2984773,GATBMiniaPipeline,Escherichia coli,4765434.0,3480415.0
97,ERR2984773,GATBMiniaPipeline,Escherichia coli,4765434.0,3480421.0
98,ERR2984773,GATBMiniaPipeline,Escherichia coli,4765434.0,3480426.0
99,ERR2984773,GATBMiniaPipeline,Escherichia coli,4765434.0,3480430.0
100,ERR2984773,GATBMiniaPipeline,Escherichia coli,4765434.0,3480436.0
101,ERR2984773,GATBMiniaPipeline,Escherichia coli,4765434.0,3480469.0
102,ERR2984773,GATBMiniaPipeline,Escherichia coli,4765434.0,3480477.0
103,ERR2984773,GATBMiniaPipeline,Escherichia coli,4765434.0,3480479.0
104,ERR2984773,GATBMiniaPipeline,Escherichia coli,4765434.0,3480511.0
105,ERR2984773,GATBMiniaPipeline,Escherichia coli,4765434.0,3480534.0
106,ERR2984773,GATBMiniaPipeline,Escherichia coli,4765434.0,3480557.0
107,ERR2984773,GATBMiniaPipeline,Escherichia coli,4765434.0,1522752
108,ERR2984773,GATBMiniaPipeline,Escherichia coli,4765434.0,1522764
109,ERR2984773,GATBMiniaPipeline,Escherichia coli,4765434.0,1522776
110,ERR2984773,GATBMiniaPipeline,Escherichia coli,4765434.0,2903261
111,ERR2984773,GATBMiniaPipeline,Escherichia coli,4765434.0,2903264
112,ERR2984773,GATBMiniaPipeline,Escherichia coli,4765434.0,4591231
113,ERR2984773,GATBMiniaPipeline,Escherichia coli,4765434.0,4591232
114,ERR2984773,GATBMiniaPipeline,Escherichia coli,4765434.0,4591233
115,ERR2984773,GATBMiniaPipeline,Escherichia coli,4765434.0,4591235
116,ERR2984773,GATBMiniaPipeline,Escherichia coli,4765434.0,4591236
117,ERR2984773,GATBMiniaPipeline,Escherichia coli,4765434.0,4591252
118,ERR2984773,GATBMiniaPipeline,Escherichia coli,4765434.0,4591277
119,ERR2984773,GATBMiniaPipeline,Escherichia coli,4765434.0,4591545
120,ERR2984773,GATBMiniaPipeline,Escherichia coli,4765434.0,4591556
121,ERR2984773,GATBMiniaPipeline,Escherichia coli,4765434.0,1001766.0
122,ERR2984773,GATBMiniaPipeline,Escherichia coli,4765434.0,1001772.0
123,ERR2984773,GATBMiniaPipeline,Escherichia coli,4765434.0,1001787.0
124,ERR2984773,GATBMiniaPipeline,Escherichia coli,4765434.0,1001790.0
125,ERR2984773,GATBMiniaPipeline,Escherichia coli,4765434.0,1001793.0
126,ERR2984773,GATBMiniaPipeline,Escherichia coli,4765434.0,1001796.0
127,ERR2984773,GATBMiniaPipeline,Escherichia coli,4765434.0,1973379.0
128,ERR2984773,GATBMiniaPipeline,Escherichia coli,4765434.0,1521499
129,ERR2984773,GATBMiniaPipeline,Escherichia coli,4765434.0,1521510
130,ERR2984773,GATBMiniaPipeline,Escherichia coli,4765434.0,1521519
131,ERR2984773,GATBMiniaPipeline,Escherichia coli,4765434.0,1521520
132,ERR2984773,GATBMiniaPipeline,Escherichia coli,4765434.0,1521521
133,ERR2984773,GATBMiniaPipeline,Escherichia coli,4765434.0,1521526
134,ERR2984773,GATBMiniaPipeline,Escherichia coli,4765434.0,1521532
135,ERR2984773,GATBMiniaPipeline,Escherichia coli,4765434.0,1521534
136,ERR2984773,GATBMiniaPipeline,Escherichia coli,4765434.0,1521547
137,ERR2984773,GATBMiniaPipeline,Escherichia coli,4765434.0,1521553
138,ERR2984773,GATBMiniaPipeline,Escherichia coli,4765434.0,1521588
139,ERR2984773,GATBMiniaPipeline,Escherichia coli,4765434.0,460375
140,ERR2984773,GATBMiniaPipeline,Escherichia coli,4765434.0,460424
141,ERR2984773,GATBMiniaPipeline,Escherichia coli,4765434.0,460478
142,ERR2984773,GATBMiniaPipeline,Escherichia coli,4765434.0,460832
143,ERR2984773,GATBMiniaPipeline,Escherichia coli,4765434.0,1921493
144,ERR2984773,GATBMiniaPipeline,Escherichia coli,4765434.0,513399.0
145,ERR2984773,GATBMiniaPipeline,Escherichia coli,4765434.0,913199
146,ERR2984773,GATBMiniaPipeline,Escherichia coli,4765434.0,913207
147,ERR2984773,GATBMiniaPipeline,Escherichia coli,4765434.0,913712
148,ERR2984773,GATBMiniaPipeline,Escherichia coli,4765434.0,1966055.0
149,ERR2984773,GATBMiniaPipeline,Escherichia coli,4765434.0,1966059.0
150,ERR2984773,GATBMiniaPipeline,Escherichia coli,4765434.0,1966068.0
151,ERR2984773,GATBMiniaPipeline,Escherichia coli,4765434.0,1966586.0
152,ERR2984773,GATBMiniaPipeline,Escherichia coli,4765434.0,1968081.0
153,ERR2984773,GATBMiniaPipeline,Escherichia coli,4765434.0,3191610.0
154,ERR2984773,GATBMiniaPipeline,Lactobacillus fermentum,1905333.0,939581.0
155,ERR2984773,GATBMiniaPipeline,Lactobacillus fermentum,1905333.0,421340.0
156,ERR2984773,GATBMiniaPipeline,Lactobacillus fermentum,1905333.0,421461.0
157,ERR2984773,GATBMiniaPipeline,Lactobacillus fermentum,1905333.0,103047.0
158,ERR2984773,GATBMiniaPipeline,Lactobacillus fermentum,1905333.0,479555.0
159,ERR2984773,GATBMiniaPipeline,Lactobacillus fermentum,1905333.0,480863.0
160,ERR2984773,GATBMiniaPipeline,Lactobacillus fermentum,1905333.0,521402.0
161,ERR2984773,GATBMiniaPipeline,Lactobacillus fermentum,1905333.0,521428.0
162,ERR2984773,GATBMiniaPipeline,Lactobacillus fermentum,1905333.0,521490.0
163,ERR2984773,GATBMiniaPipeline,Lactobacillus fermentum,1905333.0,521502.0
164,ERR2984773,GATBMiniaPipeline,Lactobacillus fermentum,1905333.0,1309583.0
165,ERR2984773,GATBMiniaPipeline,Lactobacillus fermentum,1905333.0,1309710.0
166,ERR2984773,GATBMiniaPipeline,Lactobacillus fermentum,1905333.0,479296.0
167,ERR2984773,GATBMiniaPipeline,Lactobacillus fermentum,1905333.0,479355.0
168,ERR2984773,GATBMiniaPipeline,Lactobacillus fermentum,1905333.0,1881786.0
169,ERR2984773,GATBMiniaPipeline,Lactobacillus fermentum,1905333.0,1889861.0
170,ERR2984773,GATBMiniaPipeline,Lactobacillus fermentum,1905333.0,1055157
171,ERR2984773,GATBMiniaPipeline,Lactobacillus fermentum,1905333.0,1069190
172,ERR2984773,GATBMiniaPipeline,Lactobacillus fermentum,1905333.0,1069191
173,ERR2984773,GATBMiniaPipeline,Lactobacillus fermentum,1905333.0,1069194
174,ERR2984773,GATBMiniaPipeline,Lactobacillus fermentum,1905333.0,1069200
175,ERR2984773,GATBMiniaPipeline,Lactobacillus fermentum,1905333.0,1069202
176,ERR2984773,GATBMiniaPipeline,Lactobacillus fermentum,1905333.0,1069206
177,ERR2984773,GATBMiniaPipeline,Lactobacillus fermentum,1905333.0,1069209
178,ERR2984773,GATBMiniaPipeline,Lactobacillus fermentum,1905333.0,1069210
179,ERR2984773,GATBMiniaPipeline,Lactobacillus fermentum,1905333.0,1069211
180,ERR2984773,GATBMiniaPipeline,Lactobacillus fermentum,1905333.0,1039218.0
181,ERR2984773,GATBMiniaPipeline,Lactobacillus fermentum,1905333.0,103949
182,ERR2984773,GATBMiniaPipeline,Lactobacillus fermentum,1905333.0,793205.0
183,ERR2984773,GATBMiniaPipeline,Lactobacillus fermentum,1905333.0,793220.0
184,ERR2984773,GATBMiniaPipeline,Lactobacillus fermentum,1905333.0,793258.0
185,ERR2984773,GATBMiniaPipeline,Lactobacillus fermentum,1905333.0,347841.0
186,ERR2984773,GATBMiniaPipeline,Lactobacillus fermentum,1905333.0,411663.0
187,ERR2984773,GATBMiniaPipeline,Lactobacillus fermentum,1905333.0,1438787
188,ERR2984773,GATBMiniaPipeline,Lactobacillus fermentum,1905333.0,1438824
189,ERR2984773,GATBMiniaPipeline,Lactobacillus fermentum,1905333.0,1438836
190,ERR2984773,GATBMiniaPipeline,Lactobacillus fermentum,1905333.0,1438958
191,ERR2984773,GATBMiniaPipeline,Lactobacillus fermentum,1905333.0,1666019.0
192,ERR2984773,GATBMiniaPipeline,Lactobacillus fermentum,1905333.0,1666059.0
193,ERR2984773,GATBMiniaPipeline,Lactobacillus fermentum,1905333.0,531011
194,ERR2984773,GATBMiniaPipeline,Lactobacillus fermentum,1905333.0,531101
195,ERR2984773,GATBMiniaPipeline,Lactobacillus fermentum,1905333.0,531174
196,ERR2984773,GATBMiniaPipeline,Lactobacillus fermentum,1905333.0,531209
197,ERR2984773,GATBMiniaPipeline,Lactobacillus fermentum,1905333.0,531230
198,ERR2984773,GATBMiniaPipeline,Lactobacillus fermentum,1905333.0,571245
199,ERR2984773,GATBMiniaPipeline,Listeria monocytogenes,2992342.0,2502075.0
200,ERR2984773,GATBMiniaPipeline,Listeria monocytogenes,2992342.0,2502078.0
201,ERR2984773,GATBMiniaPipeline,Listeria monocytogenes,2992342.0,2502125.0
202,ERR2984773,GATBMiniaPipeline,Listeria monocytogenes,2992342.0,2502126.0
203,ERR2984773,GATBMiniaPipeline,Listeria monocytogenes,2992342.0,2502128.0
204,ERR2984773,GATBMiniaPipeline,Listeria monocytogenes,2992342.0,2502168.0
205,ERR2984773,GATBMiniaPipeline,Listeria monocytogenes,2992342.0,2502184.0
206,ERR2984773,GATBMiniaPipeline,Listeria monocytogenes,2992342.0,2502225.0
207,ERR2984773,GATBMiniaPipeline,Listeria monocytogenes,2992342.0,2502238.0
208,ERR2984773,GATBMiniaPipeline,Listeria monocytogenes,2992342.0,2502247.0
209,ERR2984773,GATBMiniaPipeline,Listeria monocytogenes,2992342.0,2502249.0
210,ERR2984773,GATBMiniaPipeline,Listeria monocytogenes,2992342.0,2502258.0
211,ERR2984773,GATBMiniaPipeline,Listeria monocytogenes,2992342.0,2502273.0
212,ERR2984773,GATBMiniaPipeline,Listeria monocytogenes,2992342.0,2502274.0
213,ERR2984773,GATBMiniaPipeline,Listeria monocytogenes,2992342.0,2502318.0
214,ERR2984773,GATBMiniaPipeline,Listeria monocytogenes,2992342.0,2434396.0
215,ERR2984773,GATBMiniaPipeline,Listeria monocytogenes,2992342.0,1313109.0
216,ERR2984773,GATBMiniaPipeline,Listeria monocytogenes,2992342.0,2866684.0
217,ERR2984773,GATBMiniaPipeline,Listeria monocytogenes,2992342.0,2867180.0
218,ERR2984773,GATBMiniaPipeline,Listeria monocytogenes,2992342.0,2867181.0
219,ERR2984773,GATBMiniaPipeline,Listeria monocytogenes,2992342.0,2867260.0
220,ERR2984773,GATBMiniaPipeline,Listeria monocytogenes,2992342.0,2867266.0
221,ERR2984773,GATBMiniaPipeline,Listeria monocytogenes,2992342.0,2867268.0
222,ERR2984773,GATBMiniaPipeline,Listeria monocytogenes,2992342.0,2867279.0
223,ERR2984773,GATBMiniaPipeline,Listeria monocytogenes,2992342.0,2867369.0
224,ERR2984773,GATBMiniaPipeline,Listeria monocytogenes,2992342.0,2867376.0
225,ERR2984773,GATBMiniaPipeline,Listeria monocytogenes,2992342.0,2867537.0
226,ERR2984773,GATBMiniaPipeline,Listeria monocytogenes,2992342.0,2867542.0
227,ERR2984773,GATBMiniaPipeline,Listeria monocytogenes,2992342.0,2867546.0
228,ERR2984773,GATBMiniaPipeline,Pseudomonas aeruginosa,6792330.0,3138367.0
229,ERR2984773,GATBMiniaPipeline,Pseudomonas aeruginosa,6792330.0,1889748
230,ERR2984773,GATBMiniaPipeline,Pseudomonas aeruginosa,6792330.0,1889761
231,ERR2984773,GATBMiniaPipeline,Pseudomonas aeruginosa,6792330.0,1889830
232,ERR2984773,GATBMiniaPipeline,Pseudomonas aeruginosa,6792330.0,1889835
233,ERR2984773,GATBMiniaPipeline,Pseudomonas aeruginosa,6792330.0,1889841
234,ERR2984773,GATBMiniaPipeline,Pseudomonas aeruginosa,6792330.0,1889868
235,ERR2984773,GATBMiniaPipeline,Pseudomonas aeruginosa,6792330.0,1889871
236,ERR2984773,GATBMiniaPipeline,Pseudomonas aeruginosa,6792330.0,1889895
237,ERR2984773,GATBMiniaPipeline,Pseudomonas aeruginosa,6792330.0,1889901
238,ERR2984773,GATBMiniaPipeline,Pseudomonas aeruginosa,6792330.0,1889916
239,ERR2984773,GATBMiniaPipeline,Pseudomonas aeruginosa,6792330.0,1889988
240,ERR2984773,GATBMiniaPipeline,Pseudomonas aeruginosa,6792330.0,1890013
241,ERR2984773,GATBMiniaPipeline,Pseudomonas aeruginosa,6792330.0,1890015
242,ERR2984773,GATBMiniaPipeline,Pseudomonas aeruginosa,6792330.0,1890033
243,ERR2984773,GATBMiniaPipeline,Pseudomonas aeruginosa,6792330.0,1890045
244,ERR2984773,GATBMiniaPipeline,Pseudomonas aeruginosa,6792330.0,1890063
245,ERR2984773,GATBMiniaPipeline,Pseudomonas aeruginosa,6792330.0,1890066
246,ERR2984773,GATBMiniaPipeline,Pseudomonas aeruginosa,6792330.0,1890075
247,ERR2984773,GATBMiniaPipeline,Pseudomonas aeruginosa,6792330.0,1890078
248,ERR2984773,GATBMiniaPipeline,Pseudomonas aeruginosa,6792330.0,1890090
249,ERR2984773,GATBMiniaPipeline,Pseudomonas aeruginosa,6792330.0,1890096
250,ERR2984773,GATBMiniaPipeline,Pseudomonas aeruginosa,6792330.0,1890132
251,ERR2984773,GATBMiniaPipeline,Pseudomonas aeruginosa,6792330.0,1890148
252,ERR2984773,GATBMiniaPipeline,Pseudomonas aeruginosa,6792330.0,1890165
253,ERR2984773,GATBMiniaPipeline,Pseudomonas aeruginosa,6792330.0,1890168
254,ERR2984773,GATBMiniaPipeline,Pseudomonas aeruginosa,6792330.0,1890184
255,ERR2984773,GATBMiniaPipeline,Pseudomonas aeruginosa,6792330.0,1890193
256,ERR2984773,GATBMiniaPipeline,Pseudomonas aeruginosa,6792330.0,1890225
257,ERR2984773,GATBMiniaPipeline,Pseudomonas aeruginosa,6792330.0,1890270
258,ERR2984773,GATBMiniaPipeline,Pseudomonas aeruginosa,6792330.0,1890279
259,ERR2984773,GATBMiniaPipeline,Pseudomonas aeruginosa,6792330.0,1890285
260,ERR2984773,GATBMiniaPipeline,Pseudomonas aeruginosa,6792330.0,1890305
261,ERR2984773,GATBMiniaPipeline,Pseudomonas aeruginosa,6792330.0,1890316
262,ERR2984773,GATBMiniaPipeline,Pseudomonas aeruginosa,6792330.0,1890343
263,ERR2984773,GATBMiniaPipeline,Pseudomonas aeruginosa,6792330.0,1890350
264,ERR2984773,GATBMiniaPipeline,Pseudomonas aeruginosa,6792330.0,1890363
265,ERR2984773,GATBMiniaPipeline,Pseudomonas aeruginosa,6792330.0,1890366
266,ERR2984773,GATBMiniaPipeline,Pseudomonas aeruginosa,6792330.0,1890387
267,ERR2984773,GATBMiniaPipeline,Pseudomonas aeruginosa,6792330.0,1890388
268,ERR2984773,GATBMiniaPipeline,Pseudomonas aeruginosa,6792330.0,1890390
269,ERR2984773,GATBMiniaPipeline,Pseudomonas aeruginosa,6792330.0,1890393
270,ERR2984773,GATBMiniaPipeline,Pseudomonas aeruginosa,6792330.0,1890396
271,ERR2984773,GATBMiniaPipeline,Pseudomonas aeruginosa,6792330.0,1890403
272,ERR2984773,GATBMiniaPipeline,Pseudomonas aeruginosa,6792330.0,1890421
273,ERR2984773,GATBMiniaPipeline,Pseudomonas aeruginosa,6792330.0,1890423
274,ERR2984773,GATBMiniaPipeline,Pseudomonas aeruginosa,6792330.0,1890428
275,ERR2984773,GATBMiniaPipeline,Pseudomonas aeruginosa,6792330.0,1890429
276,ERR2984773,GATBMiniaPipeline,Pseudomonas aeruginosa,6792330.0,1890434
277,ERR2984773,GATBMiniaPipeline,Pseudomonas aeruginosa,6792330.0,1890435
278,ERR2984773,GATBMiniaPipeline,Pseudomonas aeruginosa,6792330.0,1890436
279,ERR2984773,GATBMiniaPipeline,Pseudomonas aeruginosa,6792330.0,1890447
280,ERR2984773,GATBMiniaPipeline,Pseudomonas aeruginosa,6792330.0,1890449
281,ERR2984773,GATBMiniaPipeline,Pseudomonas aeruginosa,6792330.0,1890457
282,ERR2984773,GATBMiniaPipeline,Pseudomonas aeruginosa,6792330.0,1890458
283,ERR2984773,GATBMiniaPipeline,Pseudomonas aeruginosa,6792330.0,1890460
284,ERR2984773,GATBMiniaPipeline,Pseudomonas aeruginosa,6792330.0,1890462
285,ERR2984773,GATBMiniaPipeline,Pseudomonas aeruginosa,6792330.0,1890495
286,ERR2984773,GATBMiniaPipeline,Pseudomonas aeruginosa,6792330.0,1890496
287,ERR2984773,GATBMiniaPipeline,Pseudomonas aeruginosa,6792330.0,1890500
288,ERR2984773,GATBMiniaPipeline,Pseudomonas aeruginosa,6792330.0,1890501
289,ERR2984773,GATBMiniaPipeline,Pseudomonas aeruginosa,6792330.0,1890506
290,ERR2984773,GATBMiniaPipeline,Pseudomonas aeruginosa,6792330.0,1890509
291,ERR2984773,GATBMiniaPipeline,Pseudomonas aeruginosa,6792330.0,1890517
292,ERR2984773,GATBMiniaPipeline,Pseudomonas aeruginosa,6792330.0,1890519
293,ERR2984773,GATBMiniaPipeline,Pseudomonas aeruginosa,6792330.0,1890529
294,ERR2984773,GATBMiniaPipeline,Pseudomonas aeruginosa,6792330.0,1890538
295,ERR2984773,GATBMiniaPipeline,Pseudomonas aeruginosa,6792330.0,1890541
296,ERR2984773,GATBMiniaPipeline,Pseudomonas aeruginosa,6792330.0,1890549
297,ERR2984773,GATBMiniaPipeline,Pseudomonas aeruginosa,6792330.0,1890564
298,ERR2984773,GATBMiniaPipeline,Pseudomonas aeruginosa,6792330.0,1890581
299,ERR2984773,GATBMiniaPipeline,Pseudomonas aeruginosa,6792330.0,1890596
300,ERR2984773,GATBMiniaPipeline,Pseudomonas aeruginosa,6792330.0,1890611
301,ERR2984773,GATBMiniaPipeline,Pseudomonas aeruginosa,6792330.0,1890624
302,ERR2984773,GATBMiniaPipeline,Pseudomonas aeruginosa,6792330.0,1890629
303,ERR2984773,GATBMiniaPipeline,Pseudomonas aeruginosa,6792330.0,1890632
304,ERR2984773,GATBMiniaPipeline,Pseudomonas aeruginosa,6792330.0,1890636
305,ERR2984773,GATBMiniaPipeline,Pseudomonas aeruginosa,6792330.0,1890638
306,ERR2984773,GATBMiniaPipeline,Pseudomonas aeruginosa,6792330.0,1890641
307,ERR2984773,GATBMiniaPipeline,Pseudomonas aeruginosa,6792330.0,1890644
308,ERR2984773,GATBMiniaPipeline,Pseudomonas aeruginosa,6792330.0,1890647
309,ERR2984773,GATBMiniaPipeline,Pseudomonas aeruginosa,6792330.0,1890671
310,ERR2984773,GATBMiniaPipeline,Pseudomonas aeruginosa,6792330.0,1890674
311,ERR2984773,GATBMiniaPipeline,Pseudomonas aeruginosa,6792330.0,1890689
312,ERR2984773,GATBMiniaPipeline,Pseudomonas aeruginosa,6792330.0,1890710
313,ERR2984773,GATBMiniaPipeline,Pseudomonas aeruginosa,6792330.0,1890741
314,ERR2984773,GATBMiniaPipeline,Pseudomonas aeruginosa,6792330.0,1890806
315,ERR2984773,GATBMiniaPipeline,Pseudomonas aeruginosa,6792330.0,1890807
316,ERR2984773,GATBMiniaPipeline,Pseudomonas aeruginosa,6792330.0,1890808
317,ERR2984773,GATBMiniaPipeline,Pseudomonas aeruginosa,6792330.0,1890809
318,ERR2984773,GATBMiniaPipeline,Pseudomonas aeruginosa,6792330.0,1890815
319,ERR2984773,GATBMiniaPipeline,Pseudomonas aeruginosa,6792330.0,1890846
320,ERR2984773,GATBMiniaPipeline,Pseudomonas aeruginosa,6792330.0,1890871
321,ERR2984773,GATBMiniaPipeline,Pseudomonas aeruginosa,6792330.0,1890904
322,ERR2984773,GATBMiniaPipeline,Pseudomonas aeruginosa,6792330.0,2847320.0
323,ERR2984773,GATBMiniaPipeline,Pseudomonas aeruginosa,6792330.0,2724349.0
324,ERR2984773,GATBMiniaPipeline,Pseudomonas aeruginosa,6792330.0,2835496.0
325,ERR2984773,GATBMiniaPipeline,Pseudomonas aeruginosa,6792330.0,2835547.0
326,ERR2984773,GATBMiniaPipeline,Pseudomonas aeruginosa,6792330.0,2835548.0
327,ERR2984773,GATBMiniaPipeline,Pseudomonas aeruginosa,6792330.0,2835549.0
328,ERR2984773,GATBMiniaPipeline,Pseudomonas aeruginosa,6792330.0,2835550.0
329,ERR2984773,GATBMiniaPipeline,Pseudomonas aeruginosa,6792330.0,2835589.0
330,ERR2984773,GATBMiniaPipeline,Pseudomonas aeruginosa,6792330.0,945895.0
331,ERR2984773,GATBMiniaPipeline,Pseudomonas aeruginosa,6792330.0,945946.0
332,ERR2984773,GATBMiniaPipeline,Pseudomonas aeruginosa,6792330.0,945949.0
333,ERR2984773,GATBMiniaPipeline,Pseudomonas aeruginosa,6792330.0,945985.0
334,ERR2984773,GATBMiniaPipeline,Pseudomonas aeruginosa,6792330.0,946021.0
335,ERR2984773,GATBMiniaPipeline,Pseudomonas aeruginosa,6792330.0,946030.0
336,ERR2984773,GATBMiniaPipeline,Pseudomonas aeruginosa,6792330.0,946032.0
337,ERR2984773,GATBMiniaPipeline,Pseudomonas aeruginosa,6792330.0,946043.0
338,ERR2984773,GATBMiniaPipeline,Pseudomonas aeruginosa,6792330.0,946060.0
339,ERR2984773,GATBMiniaPipeline,Pseudomonas aeruginosa,6792330.0,946072.0
340,ERR2984773,GATBMiniaPipeline,Pseudomonas aeruginosa,6792330.0,946075.0
341,ERR2984773,GATBMiniaPipeline,Pseudomonas aeruginosa,6792330.0,946080.0
342,ERR2984773,GATBMiniaPipeline,Pseudomonas aeruginosa,6792330.0,946084.0
343,ERR2984773,GATBMiniaPipeline,Pseudomonas aeruginosa,6792330.0,946087.0
344,ERR2984773,GATBMiniaPipeline,Pseudomonas aeruginosa,6792330.0,946090.0
345,ERR2984773,GATBMiniaPipeline,Pseudomonas aeruginosa,6792330.0,946093.0
346,ERR2984773,GATBMiniaPipeline,Pseudomonas aeruginosa,6792330.0,946095.0
347,ERR2984773,GATBMiniaPipeline,Pseudomonas aeruginosa,6792330.0,946096.0
348,ERR2984773,GATBMiniaPipeline,Pseudomonas aeruginosa,6792330.0,946099.0
349,ERR2984773,GATBMiniaPipeline,Pseudomonas aeruginosa,6792330.0,946102.0
350,ERR2984773,GATBMiniaPipeline,Pseudomonas aeruginosa,6792330.0,946105.0
351,ERR2984773,GATBMiniaPipeline,Pseudomonas aeruginosa,6792330.0,946107.0
352,ERR2984773,GATBMiniaPipeline,Pseudomonas aeruginosa,6792330.0,946108.0
353,ERR2984773,GATBMiniaPipeline,Pseudomonas aeruginosa,6792330.0,946111.0
354,ERR2984773,GATBMiniaPipeline,Pseudomonas aeruginosa,6792330.0,946128.0
355,ERR2984773,GATBMiniaPipeline,Pseudomonas aeruginosa,6792330.0,946148.0
356,ERR2984773,GATBMiniaPipeline,Pseudomonas aeruginosa,6792330.0,946149.0
357,ERR2984773,GATBMiniaPipeline,Pseudomonas aeruginosa,6792330.0,946190.0
358,ERR2984773,GATBMiniaPipeline,Pseudomonas aeruginosa,6792330.0,946207.0
359,ERR2984773,GATBMiniaPipeline,Pseudomonas aeruginosa,6792330.0,946213.0
360,ERR2984773,GATBMiniaPipeline,Pseudomonas aeruginosa,6792330.0,946222.0
361,ERR2984773,GATBMiniaPipeline,Pseudomonas aeruginosa,6792330.0,946234.0
362,ERR2984773,GATBMiniaPipeline,Pseudomonas aeruginosa,6792330.0,946242.0
363,ERR2984773,GATBMiniaPipeline,Pseudomonas aeruginosa,6792330.0,946245.0
364,ERR2984773,GATBMiniaPipeline,Pseudomonas aeruginosa,6792330.0,946254.0
365,ERR2984773,GATBMiniaPipeline,Pseudomonas aeruginosa,6792330.0,946258.0
366,ERR2984773,GATBMiniaPipeline,Pseudomonas aeruginosa,6792330.0,946270.0
367,ERR2984773,GATBMiniaPipeline,Pseudomonas aeruginosa,6792330.0,946339.0
368,ERR2984773,GATBMiniaPipeline,Pseudomonas aeruginosa,6792330.0,946351.0
369,ERR2984773,GATBMiniaPipeline,Pseudomonas aeruginosa,6792330.0,946372.0
370,ERR2984773,GATBMiniaPipeline,Pseudomonas aeruginosa,6792330.0,946374.0
371,ERR2984773,GATBMiniaPipeline,Pseudomonas aeruginosa,6792330.0,946393.0
372,ERR2984773,GATBMiniaPipeline,Pseudomonas aeruginosa,6792330.0,946402.0
373,ERR2984773,GATBMiniaPipeline,Pseudomonas aeruginosa,6792330.0,946423.0
374,ERR2984773,GATBMiniaPipeline,Pseudomonas aeruginosa,6792330.0,946446.0
375,ERR2984773,GATBMiniaPipeline,Pseudomonas aeruginosa,6792330.0,946449.0
376,ERR2984773,GATBMiniaPipeline,Pseudomonas aeruginosa,6792330.0,946459.0
377,ERR2984773,GATBMiniaPipeline,Pseudomonas aeruginosa,6792330.0,946477.0
378,ERR2984773,GATBMiniaPipeline,Pseudomonas aeruginosa,6792330.0,946533.0
379,ERR2984773,GATBMiniaPipeline,Pseudomonas aeruginosa,6792330.0,946556.0
380,ERR2984773,GATBMiniaPipeline,Pseudomonas aeruginosa,6792330.0,2426365.0
381,ERR2984773,GATBMiniaPipeline,Pseudomonas aeruginosa,6792330.0,2426374.0
382,ERR2984773,GATBMiniaPipeline,Pseudomonas aeruginosa,6792330.0,2426389.0
383,ERR2984773,GATBMiniaPipeline,Pseudomonas aeruginosa,6792330.0,2426483.0
384,ERR2984773,GATBMiniaPipeline,Pseudomonas aeruginosa,6792330.0,6549552.0
385,ERR2984773,GATBMiniaPipeline,Pseudomonas aeruginosa,6792330.0,6549655.0
386,ERR2984773,GATBMiniaPipeline,Pseudomonas aeruginosa,6792330.0,6549657.0
387,ERR2984773,GATBMiniaPipeline,Pseudomonas aeruginosa,6792330.0,6549771.0
388,ERR2984773,GATBMiniaPipeline,Pseudomonas aeruginosa,6792330.0,6549976.0
389,ERR2984773,GATBMiniaPipeline,Salmonella enterica,4759746.0,4398444
390,ERR2984773,GATBMiniaPipeline,Salmonella enterica,4759746.0,4364143
391,ERR2984773,GATBMiniaPipeline,Salmonella enterica,4759746.0,1300316.0
392,ERR2984773,GATBMiniaPipeline,Salmonella enterica,4759746.0,1991393
393,ERR2984773,GATBMiniaPipeline,Salmonella enterica,4759746.0,1991405
394,ERR2984773,GATBMiniaPipeline,Salmonella enterica,4759746.0,1991410
395,ERR2984773,GATBMiniaPipeline,Salmonella enterica,4759746.0,1991412
396,ERR2984773,GATBMiniaPipeline,Salmonella enterica,4759746.0,1991420
397,ERR2984773,GATBMiniaPipeline,Salmonella enterica,4759746.0,1991432
398,ERR2984773,GATBMiniaPipeline,Salmonella enterica,4759746.0,1991468
399,ERR2984773,GATBMiniaPipeline,Salmonella enterica,4759746.0,1991471
400,ERR2984773,GATBMiniaPipeline,Salmonella enterica,4759746.0,1991474
401,ERR2984773,GATBMiniaPipeline,Salmonella enterica,4759746.0,1991486
402,ERR2984773,GATBMiniaPipeline,Salmonella enterica,4759746.0,1991511
403,ERR2984773,GATBMiniaPipeline,Salmonella enterica,4759746.0,1991519
404,ERR2984773,GATBMiniaPipeline,Salmonella enterica,4759746.0,1991522
405,ERR2984773,GATBMiniaPipeline,Salmonella enterica,4759746.0,1991525
406,ERR2984773,GATBMiniaPipeline,Salmonella enterica,4759746.0,1991534
407,ERR2984773,GATBMiniaPipeline,Salmonella enterica,4759746.0,1991546
408,ERR2984773,GATBMiniaPipeline,Salmonella enterica,4759746.0,1991555
409,ERR2984773,GATBMiniaPipeline,Salmonella enterica,4759746.0,1991558
410,ERR2984773,GATBMiniaPipeline,Salmonella enterica,4759746.0,1991559
411,ERR2984773,GATBMiniaPipeline,Salmonella enterica,4759746.0,1991560
412,ERR2984773,GATBMiniaPipeline,Salmonella enterica,4759746.0,1991561
413,ERR2984773,GATBMiniaPipeline,Salmonella enterica,4759746.0,1991564
414,ERR2984773,GATBMiniaPipeline,Salmonella enterica,4759746.0,1991570
415,ERR2984773,GATBMiniaPipeline,Salmonella enterica,4759746.0,1991576
416,ERR2984773,GATBMiniaPipeline,Salmonella enterica,4759746.0,1991600
417,ERR2984773,GATBMiniaPipeline,Salmonella enterica,4759746.0,1991627
418,ERR2984773,GATBMiniaPipeline,Salmonella enterica,4759746.0,1991636
419,ERR2984773,GATBMiniaPipeline,Salmonella enterica,4759746.0,1991639
420,ERR2984773,GATBMiniaPipeline,Salmonella enterica,4759746.0,1991651
421,ERR2984773,GATBMiniaPipeline,Salmonella enterica,4759746.0,1991657
422,ERR2984773,GATBMiniaPipeline,Salmonella enterica,4759746.0,1991688
423,ERR2984773,GATBMiniaPipeline,Salmonella enterica,4759746.0,1991690
424,ERR2984773,GATBMiniaPipeline,Salmonella enterica,4759746.0,1991693
425,ERR2984773,GATBMiniaPipeline,Salmonella enterica,4759746.0,1991696
426,ERR2984773,GATBMiniaPipeline,Salmonella enterica,4759746.0,1991699
427,ERR2984773,GATBMiniaPipeline,Salmonella enterica,4759746.0,1991702
428,ERR2984773,GATBMiniaPipeline,Salmonella enterica,4759746.0,1991705
429,ERR2984773,GATBMiniaPipeline,Salmonella enterica,4759746.0,1991707
430,ERR2984773,GATBMiniaPipeline,Salmonella enterica,4759746.0,1991710
431,ERR2984773,GATBMiniaPipeline,Salmonella enterica,4759746.0,1991717
432,ERR2984773,GATBMiniaPipeline,Salmonella enterica,4759746.0,1991720
433,ERR2984773,GATBMiniaPipeline,Salmonella enterica,4759746.0,1991738
434,ERR2984773,GATBMiniaPipeline,Salmonella enterica,4759746.0,1991741
435,ERR2984773,GATBMiniaPipeline,Salmonella enterica,4759746.0,1991744
436,ERR2984773,GATBMiniaPipeline,Salmonella enterica,4759746.0,1991765
437,ERR2984773,GATBMiniaPipeline,Salmonella enterica,4759746.0,1991785
438,ERR2984773,GATBMiniaPipeline,Salmonella enterica,4759746.0,1991810
439,ERR2984773,GATBMiniaPipeline,Salmonella enterica,4759746.0,1991816
440,ERR2984773,GATBMiniaPipeline,Salmonella enterica,4759746.0,1991834
441,ERR2984773,GATBMiniaPipeline,Salmonella enterica,4759746.0,1991843
442,ERR2984773,GATBMiniaPipeline,Salmonella enterica,4759746.0,1991846
443,ERR2984773,GATBMiniaPipeline,Salmonella enterica,4759746.0,1991864
444,ERR2984773,GATBMiniaPipeline,Salmonella enterica,4759746.0,1991876
445,ERR2984773,GATBMiniaPipeline,Salmonella enterica,4759746.0,1991919
446,ERR2984773,GATBMiniaPipeline,Salmonella enterica,4759746.0,1991943
447,ERR2984773,GATBMiniaPipeline,Salmonella enterica,4759746.0,1991950
448,ERR2984773,GATBMiniaPipeline,Salmonella enterica,4759746.0,1991966
449,ERR2984773,GATBMiniaPipeline,Salmonella enterica,4759746.0,1992066
450,ERR2984773,GATBMiniaPipeline,Salmonella enterica,4759746.0,1992071
451,ERR2984773,GATBMiniaPipeline,Salmonella enterica,4759746.0,1992074
452,ERR2984773,GATBMiniaPipeline,Salmonella enterica,4759746.0,1992083
453,ERR2984773,GATBMiniaPipeline,Salmonella enterica,4759746.0,1992084
454,ERR2984773,GATBMiniaPipeline,Salmonella enterica,4759746.0,1992095
455,ERR2984773,GATBMiniaPipeline,Salmonella enterica,4759746.0,1992111
456,ERR2984773,GATBMiniaPipeline,Salmonella enterica,4759746.0,1992116
457,ERR2984773,GATBMiniaPipeline,Salmonella enterica,4759746.0,1992140
458,ERR2984773,GATBMiniaPipeline,Salmonella enterica,4759746.0,1992145
459,ERR2984773,GATBMiniaPipeline,Salmonella enterica,4759746.0,1992164
460,ERR2984773,GATBMiniaPipeline,Salmonella enterica,4759746.0,1992167
461,ERR2984773,GATBMiniaPipeline,Salmonella enterica,4759746.0,1992179
462,ERR2984773,GATBMiniaPipeline,Salmonella enterica,4759746.0,1992197
463,ERR2984773,GATBMiniaPipeline,Salmonella enterica,4759746.0,1992207
464,ERR2984773,GATBMiniaPipeline,Salmonella enterica,4759746.0,1992209
465,ERR2984773,GATBMiniaPipeline,Salmonella enterica,4759746.0,1992236
466,ERR2984773,GATBMiniaPipeline,Salmonella enterica,4759746.0,1992245
467,ERR2984773,GATBMiniaPipeline,Salmonella enterica,4759746.0,4539951
468,ERR2984773,GATBMiniaPipeline,Salmonella enterica,4759746.0,4539987
469,ERR2984773,GATBMiniaPipeline,Staphylococcus aureus,2718780.0,21437.0
470,ERR2984773,GATBMiniaPipeline,Staphylococcus aureus,2718780.0,21461.0
471,ERR2984773,GATBMiniaPipeline,Staphylococcus aureus,2718780.0,21567.0
472,ERR2984773,GATBMiniaPipeline,Staphylococcus aureus,2718780.0,21578.0
473,ERR2984773,GATBMiniaPipeline,Staphylococcus aureus,2718780.0,21623.0
474,ERR2984773,GATBMiniaPipeline,Staphylococcus aureus,2718780.0,593029
475,ERR2984773,GATBMiniaPipeline,Staphylococcus aureus,2718780.0,596255
476,ERR2984773,GATBMiniaPipeline,Escherichia coli plasmid,110007.0,69370.0
477,ERR2984773,GATBMiniaPipeline,Escherichia coli plasmid,110007.0,69391.0
478,ERR2984773,GATBMiniaPipeline,Escherichia coli plasmid,110007.0,69394.0
479,ERR2984773,GATBMiniaPipeline,Escherichia coli plasmid,110007.0,69406.0
480,ERR2984773,GATBMiniaPipeline,Escherichia coli plasmid,110007.0,69418.0
481,ERR2984773,GATBMiniaPipeline,Escherichia coli plasmid,110007.0,69448.0
482,ERR2984773,GATBMiniaPipeline,Escherichia coli plasmid,110007.0,69451.0
483,ERR2984773,GATBMiniaPipeline,Escherichia coli plasmid,110007.0,69514.0
484,ERR2984773,GATBMiniaPipeline,Escherichia coli plasmid,110007.0,69535.0
485,ERR2984773,GATBMiniaPipeline,Escherichia coli plasmid,110007.0,69565.0
486,ERR2984773,GATBMiniaPipeline,Escherichia coli plasmid,110007.0,69567.0
487,ERR2984773,GATBMiniaPipeline,Escherichia coli plasmid,110007.0,69569.0
488,ERR2984773,GATBMiniaPipeline,Escherichia coli plasmid,110007.0,69570.0
489,ERR2984773,GATBMiniaPipeline,Escherichia coli plasmid,110007.0,69571.0
490,ERR2984773,GATBMiniaPipeline,Escherichia coli plasmid,110007.0,69604.0
491,ERR2984773,GATBMiniaPipeline,Escherichia coli plasmid,110007.0,69604.0
492,ERR2984773,GATBMiniaPipeline,Escherichia coli plasmid,110007.0,69715.0
493,ERR2984773,GATBMiniaPipeline,Escherichia coli plasmid,110007.0,69802.0
494,ERR2984773,GATBMiniaPipeline,Escherichia coli plasmid,110007.0,97210.0
495,ERR2984773,GATBMiniaPipeline,Escherichia coli plasmid,110007.0,97239.0
496,ERR2984773,GATBMiniaPipeline,Escherichia coli plasmid,110007.0,97281.0
497,ERR2984773,GATBMiniaPipeline,Escherichia coli plasmid,110007.0,97293.0
498,ERR2984773,GATBMiniaPipeline,Escherichia coli plasmid,110007.0,97317.0
499,ERR2984773,GATBMiniaPipeline,Escherichia coli plasmid,110007.0,97318.0
