,Sample,Assembler,Reference,Reference Length,SNP Location
0,ERR2984773,MINIA,Enterococcus faecalis,2845392.0,753706.0
1,ERR2984773,MINIA,Enterococcus faecalis,2845392.0,753715.0
2,ERR2984773,MINIA,Enterococcus faecalis,2845392.0,1686520.0
3,ERR2984773,MINIA,Enterococcus faecalis,2845392.0,1997155.0
4,ERR2984773,MINIA,Enterococcus faecalis,2845392.0,1997156.0
5,ERR2984773,MINIA,Enterococcus faecalis,2845392.0,1997157.0
6,ERR2984773,MINIA,Enterococcus faecalis,2845392.0,1997158.0
7,ERR2984773,MINIA,Enterococcus faecalis,2845392.0,1997159.0
8,ERR2984773,MINIA,Enterococcus faecalis,2845392.0,1997160.0
9,ERR2984773,MINIA,Enterococcus faecalis,2845392.0,1216210.0
10,ERR2984773,MINIA,Enterococcus faecalis,2845392.0,1216216.0
11,ERR2984773,MINIA,Escherichia coli,4765434.0,2847781.0
12,ERR2984773,MINIA,Escherichia coli,4765434.0,1002252.0
13,ERR2984773,MINIA,Escherichia coli,4765434.0,1002732.0
14,ERR2984773,MINIA,Escherichia coli,4765434.0,733300.0
15,ERR2984773,MINIA,Escherichia coli,4765434.0,733303.0
16,ERR2984773,MINIA,Escherichia coli,4765434.0,3399347.0
17,ERR2984773,MINIA,Escherichia coli,4765434.0,3399350.0
18,ERR2984773,MINIA,Escherichia coli,4765434.0,3399401.0
19,ERR2984773,MINIA,Listeria monocytogenes,2992342.0,977265.0
20,ERR2984773,MINIA,Listeria monocytogenes,2992342.0,2434396.0
21,ERR2984773,MINIA,Pseudomonas aeruginosa,6792330.0,5454341.0
22,ERR2984773,MINIA,Pseudomonas aeruginosa,6792330.0,5454359.0
23,ERR2984773,MINIA,Pseudomonas aeruginosa,6792330.0,5454452.0
24,ERR2984773,MINIA,Pseudomonas aeruginosa,6792330.0,5454455.0
25,ERR2984773,MINIA,Pseudomonas aeruginosa,6792330.0,5454512.0
26,ERR2984773,MINIA,Pseudomonas aeruginosa,6792330.0,5454741.0
27,ERR2984773,MINIA,Pseudomonas aeruginosa,6792330.0,5454756.0
28,ERR2984773,MINIA,Pseudomonas aeruginosa,6792330.0,5454994.0
29,ERR2984773,MINIA,Pseudomonas aeruginosa,6792330.0,5455139.0
30,ERR2984773,MINIA,Pseudomonas aeruginosa,6792330.0,5455268.0
31,ERR2984773,MINIA,Pseudomonas aeruginosa,6792330.0,5456505.0
32,ERR2984773,MINIA,Pseudomonas aeruginosa,6792330.0,5456517.0
33,ERR2984773,MINIA,Pseudomonas aeruginosa,6792330.0,2854066.0
34,ERR2984773,MINIA,Pseudomonas aeruginosa,6792330.0,5481983.0
35,ERR2984773,MINIA,Salmonella enterica,4759746.0,2047604.0
36,ERR2984773,MINIA,Salmonella enterica,4759746.0,2047608.0
37,ERR2984773,MINIA,Salmonella enterica,4759746.0,725499.0
38,ERR2984773,MINIA,Salmonella enterica,4759746.0,725612.0
39,ERR2984773,MINIA,Salmonella enterica,4759746.0,725794.0
40,ERR2984773,MINIA,Salmonella enterica,4759746.0,725883.0
41,ERR2984773,MINIA,Salmonella enterica,4759746.0,726012.0
42,ERR2984773,MINIA,Salmonella enterica,4759746.0,726021.0
43,ERR2984773,MINIA,Salmonella enterica,4759746.0,726024.0
44,ERR2984773,MINIA,Salmonella enterica,4759746.0,726204.0
45,ERR2984773,MINIA,Salmonella enterica,4759746.0,726222.0
46,ERR2984773,MINIA,Salmonella enterica,4759746.0,1454373.0
47,ERR2984773,MINIA,Salmonella enterica,4759746.0,2021193.0
48,ERR2984773,MINIA,Salmonella enterica,4759746.0,2021344.0
49,ERR2984773,MINIA,Salmonella enterica,4759746.0,2021372.0
50,ERR2984773,MINIA,Salmonella enterica,4759746.0,2021525.0
51,ERR2984773,MINIA,Salmonella enterica,4759746.0,2021568.0
52,ERR2984773,MINIA,Salmonella enterica,4759746.0,2022375.0
53,ERR2984773,MINIA,Salmonella enterica,4759746.0,2022393.0
54,ERR2984773,MINIA,Salmonella enterica,4759746.0,2022408.0
55,ERR2984773,MINIA,Salmonella enterica,4759746.0,2022414.0
56,ERR2984773,MINIA,Salmonella enterica,4759746.0,2022420.0
57,ERR2984773,MINIA,Salmonella enterica,4759746.0,2028568.0
58,ERR2984773,MINIA,Salmonella enterica,4759746.0,2028583.0
59,ERR2984773,MINIA,Salmonella enterica,4759746.0,2029151.0
60,ERR2984773,MINIA,Salmonella enterica,4759746.0,2029707.0
61,ERR2984773,MINIA,Salmonella enterica,4759746.0,2029719.0
62,ERR2984773,MINIA,Salmonella enterica,4759746.0,2029734.0
63,ERR2984773,MINIA,Salmonella enterica,4759746.0,2029743.0
64,ERR2984773,MINIA,Salmonella enterica,4759746.0,2029815.0
65,ERR2984773,MINIA,Salmonella enterica,4759746.0,2029836.0
66,ERR2984773,MINIA,Salmonella enterica,4759746.0,2029881.0
67,ERR2984773,MINIA,Salmonella enterica,4759746.0,2029887.0
68,ERR2984773,MINIA,Staphylococcus aureus,2718780.0,273939.0
