,Sample,Assembler,Reference,Reference Length,SNP Location
0,ERR2935805,Unicycler,Listeria monocytogenes,2992342.0,2434396
1,ERR2935805,Unicycler,Pseudomonas aeruginosa,6792330.0,945895.0
2,ERR2935805,Unicycler,Pseudomonas aeruginosa,6792330.0,945946.0
3,ERR2935805,Unicycler,Pseudomonas aeruginosa,6792330.0,945949.0
4,ERR2935805,Unicycler,Pseudomonas aeruginosa,6792330.0,945985.0
5,ERR2935805,Unicycler,Pseudomonas aeruginosa,6792330.0,946021.0
6,ERR2935805,Unicycler,Pseudomonas aeruginosa,6792330.0,946030.0
7,ERR2935805,Unicycler,Pseudomonas aeruginosa,6792330.0,946032.0
8,ERR2935805,Unicycler,Pseudomonas aeruginosa,6792330.0,946043.0
9,ERR2935805,Unicycler,Pseudomonas aeruginosa,6792330.0,946060.0
10,ERR2935805,Unicycler,Pseudomonas aeruginosa,6792330.0,946072.0
11,ERR2935805,Unicycler,Pseudomonas aeruginosa,6792330.0,946075.0
12,ERR2935805,Unicycler,Pseudomonas aeruginosa,6792330.0,946080.0
13,ERR2935805,Unicycler,Pseudomonas aeruginosa,6792330.0,946084.0
14,ERR2935805,Unicycler,Pseudomonas aeruginosa,6792330.0,946087.0
15,ERR2935805,Unicycler,Pseudomonas aeruginosa,6792330.0,946090.0
16,ERR2935805,Unicycler,Pseudomonas aeruginosa,6792330.0,946093.0
17,ERR2935805,Unicycler,Pseudomonas aeruginosa,6792330.0,946095.0
18,ERR2935805,Unicycler,Pseudomonas aeruginosa,6792330.0,946096.0
19,ERR2935805,Unicycler,Pseudomonas aeruginosa,6792330.0,946099.0
20,ERR2935805,Unicycler,Pseudomonas aeruginosa,6792330.0,946102.0
21,ERR2935805,Unicycler,Pseudomonas aeruginosa,6792330.0,946105.0
22,ERR2935805,Unicycler,Pseudomonas aeruginosa,6792330.0,946107.0
23,ERR2935805,Unicycler,Pseudomonas aeruginosa,6792330.0,946108.0
24,ERR2935805,Unicycler,Pseudomonas aeruginosa,6792330.0,946111.0
25,ERR2935805,Unicycler,Pseudomonas aeruginosa,6792330.0,946128.0
26,ERR2935805,Unicycler,Pseudomonas aeruginosa,6792330.0,946148.0
27,ERR2935805,Unicycler,Pseudomonas aeruginosa,6792330.0,946149.0
28,ERR2935805,Unicycler,Pseudomonas aeruginosa,6792330.0,946190.0
29,ERR2935805,Unicycler,Pseudomonas aeruginosa,6792330.0,946207.0
30,ERR2935805,Unicycler,Pseudomonas aeruginosa,6792330.0,946213.0
31,ERR2935805,Unicycler,Pseudomonas aeruginosa,6792330.0,946222.0
32,ERR2935805,Unicycler,Pseudomonas aeruginosa,6792330.0,946234.0
33,ERR2935805,Unicycler,Pseudomonas aeruginosa,6792330.0,946242.0
34,ERR2935805,Unicycler,Pseudomonas aeruginosa,6792330.0,946245.0
35,ERR2935805,Unicycler,Pseudomonas aeruginosa,6792330.0,946254.0
36,ERR2935805,Unicycler,Pseudomonas aeruginosa,6792330.0,946258.0
37,ERR2935805,Unicycler,Pseudomonas aeruginosa,6792330.0,946270.0
38,ERR2935805,Unicycler,Pseudomonas aeruginosa,6792330.0,946339.0
39,ERR2935805,Unicycler,Pseudomonas aeruginosa,6792330.0,946351.0
40,ERR2935805,Unicycler,Pseudomonas aeruginosa,6792330.0,946372.0
41,ERR2935805,Unicycler,Pseudomonas aeruginosa,6792330.0,946374.0
42,ERR2935805,Unicycler,Pseudomonas aeruginosa,6792330.0,946393.0
43,ERR2935805,Unicycler,Pseudomonas aeruginosa,6792330.0,946402.0
44,ERR2935805,Unicycler,Pseudomonas aeruginosa,6792330.0,946423.0
45,ERR2935805,Unicycler,Pseudomonas aeruginosa,6792330.0,946446.0
46,ERR2935805,Unicycler,Pseudomonas aeruginosa,6792330.0,946449.0
47,ERR2935805,Unicycler,Pseudomonas aeruginosa,6792330.0,946459.0
48,ERR2935805,Unicycler,Pseudomonas aeruginosa,6792330.0,946477.0
49,ERR2935805,Unicycler,Pseudomonas aeruginosa,6792330.0,946533.0
50,ERR2935805,Unicycler,Pseudomonas aeruginosa,6792330.0,946556.0
51,ERR2935805,Unicycler,Pseudomonas aeruginosa,6792330.0,2742828
52,ERR2935805,Unicycler,Pseudomonas aeruginosa,6792330.0,2742859
53,ERR2935805,Unicycler,Pseudomonas aeruginosa,6792330.0,2742887
54,ERR2935805,Unicycler,Pseudomonas aeruginosa,6792330.0,2835496.0
55,ERR2935805,Unicycler,Pseudomonas aeruginosa,6792330.0,2835547.0
56,ERR2935805,Unicycler,Pseudomonas aeruginosa,6792330.0,2835548.0
57,ERR2935805,Unicycler,Pseudomonas aeruginosa,6792330.0,2835549.0
58,ERR2935805,Unicycler,Pseudomonas aeruginosa,6792330.0,2835550.0
59,ERR2935805,Unicycler,Pseudomonas aeruginosa,6792330.0,4892572.0
60,ERR2935805,Unicycler,Pseudomonas aeruginosa,6792330.0,3136814.0
61,ERR2935805,Unicycler,Pseudomonas aeruginosa,6792330.0,3137861.0
62,ERR2935805,Unicycler,Pseudomonas aeruginosa,6792330.0,3138168.0
63,ERR2935805,Unicycler,Pseudomonas aeruginosa,6792330.0,3138169.0
64,ERR2935805,Unicycler,Pseudomonas aeruginosa,6792330.0,3138170.0
65,ERR2935805,Unicycler,Pseudomonas aeruginosa,6792330.0,3138173.0
66,ERR2935805,Unicycler,Pseudomonas aeruginosa,6792330.0,3138174.0
67,ERR2935805,Unicycler,Pseudomonas aeruginosa,6792330.0,3138176.0
68,ERR2935805,Unicycler,Pseudomonas aeruginosa,6792330.0,3138179.0
69,ERR2935805,Unicycler,Pseudomonas aeruginosa,6792330.0,3138181.0
70,ERR2935805,Unicycler,Pseudomonas aeruginosa,6792330.0,3138182.0
71,ERR2935805,Unicycler,Pseudomonas aeruginosa,6792330.0,3138185.0
72,ERR2935805,Unicycler,Pseudomonas aeruginosa,6792330.0,3138187.0
73,ERR2935805,Unicycler,Pseudomonas aeruginosa,6792330.0,3138191.0
74,ERR2935805,Unicycler,Pseudomonas aeruginosa,6792330.0,3138197.0
75,ERR2935805,Unicycler,Pseudomonas aeruginosa,6792330.0,3138206.0
76,ERR2935805,Unicycler,Pseudomonas aeruginosa,6792330.0,3138207.0
77,ERR2935805,Unicycler,Pseudomonas aeruginosa,6792330.0,3138220.0
78,ERR2935805,Unicycler,Pseudomonas aeruginosa,6792330.0,3138224.0
79,ERR2935805,Unicycler,Pseudomonas aeruginosa,6792330.0,3138230.0
80,ERR2935805,Unicycler,Pseudomonas aeruginosa,6792330.0,3138231.0
81,ERR2935805,Unicycler,Pseudomonas aeruginosa,6792330.0,3138254.0
82,ERR2935805,Unicycler,Pseudomonas aeruginosa,6792330.0,3138307.0
83,ERR2935805,Unicycler,Pseudomonas aeruginosa,6792330.0,3138367.0
84,ERR2935805,Unicycler,Pseudomonas aeruginosa,6792330.0,430267
85,ERR2935805,Unicycler,Pseudomonas aeruginosa,6792330.0,430333
86,ERR2935805,Unicycler,Pseudomonas aeruginosa,6792330.0,430447
87,ERR2935805,Unicycler,Pseudomonas aeruginosa,6792330.0,3931853.0
88,ERR2935805,Unicycler,Pseudomonas aeruginosa,6792330.0,3931872.0
89,ERR2935805,Unicycler,Pseudomonas aeruginosa,6792330.0,3931884.0
90,ERR2935805,Unicycler,Pseudomonas aeruginosa,6792330.0,3931896.0
91,ERR2935805,Unicycler,Pseudomonas aeruginosa,6792330.0,3931900.0
92,ERR2935805,Unicycler,Pseudomonas aeruginosa,6792330.0,3931901.0
93,ERR2935805,Unicycler,Pseudomonas aeruginosa,6792330.0,3931904.0
94,ERR2935805,Unicycler,Pseudomonas aeruginosa,6792330.0,3931908.0
95,ERR2935805,Unicycler,Pseudomonas aeruginosa,6792330.0,3931909.0
96,ERR2935805,Unicycler,Pseudomonas aeruginosa,6792330.0,3931912.0
97,ERR2935805,Unicycler,Pseudomonas aeruginosa,6792330.0,3931923.0
