,Sample,Assembler,Reference,Reference Length,SNP Location
0,mockSample,MINIA,Escherichia coli,4765434.0,3584901.0
1,mockSample,MINIA,Escherichia coli,4765434.0,3860283.0
2,mockSample,MINIA,Escherichia coli,4765434.0,3860285.0
3,mockSample,MINIA,Escherichia coli,4765434.0,3860297.0
4,mockSample,MINIA,Escherichia coli,4765434.0,3860390.0
5,mockSample,MINIA,Escherichia coli,4765434.0,3860492.0
6,mockSample,MINIA,Escherichia coli,4765434.0,3861169.0
7,mockSample,MINIA,Escherichia coli,4765434.0,3861178.0
8,mockSample,MINIA,Escherichia coli,4765434.0,3861193.0
9,mockSample,MINIA,Escherichia coli,4765434.0,3861205.0
10,mockSample,MINIA,Escherichia coli,4765434.0,3861548.0
11,mockSample,MINIA,Escherichia coli,4765434.0,3861549.0
12,mockSample,MINIA,Escherichia coli,4765434.0,3861563.0
13,mockSample,MINIA,Escherichia coli,4765434.0,3861761.0
14,mockSample,MINIA,Escherichia coli,4765434.0,3862137.0
15,mockSample,MINIA,Escherichia coli,4765434.0,3862158.0
16,mockSample,MINIA,Escherichia coli,4765434.0,3862284.0
17,mockSample,MINIA,Escherichia coli,4765434.0,3862329.0
18,mockSample,MINIA,Escherichia coli,4765434.0,3862344.0
19,mockSample,MINIA,Escherichia coli,4765434.0,3870099.0
20,mockSample,MINIA,Escherichia coli,4765434.0,3870117.0
21,mockSample,MINIA,Escherichia coli,4765434.0,3870901.0
22,mockSample,MINIA,Escherichia coli,4765434.0,3871090.0
23,mockSample,MINIA,Escherichia coli,4765434.0,3871141.0
24,mockSample,MINIA,Escherichia coli,4765434.0,3871210.0
25,mockSample,MINIA,Escherichia coli,4765434.0,3871213.0
26,mockSample,MINIA,Escherichia coli,4765434.0,3871216.0
27,mockSample,MINIA,Escherichia coli,4765434.0,3871267.0
28,mockSample,MINIA,Escherichia coli,4765434.0,3871282.0
29,mockSample,MINIA,Escherichia coli,4765434.0,3871369.0
30,mockSample,MINIA,Escherichia coli,4765434.0,3871384.0
31,mockSample,MINIA,Escherichia coli,4765434.0,3871399.0
32,mockSample,MINIA,Escherichia coli,4765434.0,3868493.0
33,mockSample,MINIA,Escherichia coli,4765434.0,3868499.0
34,mockSample,MINIA,Escherichia coli,4765434.0,3868505.0
35,mockSample,MINIA,Escherichia coli,4765434.0,3868520.0
36,mockSample,MINIA,Escherichia coli,4765434.0,3868538.0
37,mockSample,MINIA,Escherichia coli,4765434.0,3869541.0
38,mockSample,MINIA,Escherichia coli,4765434.0,3869569.0
39,mockSample,MINIA,Listeria monocytogenes,2992342.0,1081195.0
40,mockSample,MINIA,Listeria monocytogenes,2992342.0,1081211.0
41,mockSample,MINIA,Listeria monocytogenes,2992342.0,1081823.0
42,mockSample,MINIA,Listeria monocytogenes,2992342.0,1081832.0
43,mockSample,MINIA,Listeria monocytogenes,2992342.0,1081834.0
44,mockSample,MINIA,Listeria monocytogenes,2992342.0,1081844.0
45,mockSample,MINIA,Listeria monocytogenes,2992342.0,1082124.0
46,mockSample,MINIA,Listeria monocytogenes,2992342.0,1082133.0
47,mockSample,MINIA,Pseudomonas aeruginosa,6792330.0,5581686.0
48,mockSample,MINIA,Salmonella enterica,4759746.0,4728821.0
49,mockSample,MINIA,Salmonella enterica,4759746.0,4728842.0
50,mockSample,MINIA,Salmonella enterica,4759746.0,4729112.0
51,mockSample,MINIA,Salmonella enterica,4759746.0,4729130.0
52,mockSample,MINIA,Salmonella enterica,4759746.0,4729399.0
53,mockSample,MINIA,Salmonella enterica,4759746.0,4729420.0
54,mockSample,MINIA,Salmonella enterica,4759746.0,4729608.0
55,mockSample,MINIA,Salmonella enterica,4759746.0,4729737.0
56,mockSample,MINIA,Salmonella enterica,4759746.0,4729791.0
57,mockSample,MINIA,Salmonella enterica,4759746.0,4729806.0
58,mockSample,MINIA,Salmonella enterica,4759746.0,4729818.0
59,mockSample,MINIA,Salmonella enterica,4759746.0,2025630.0
60,mockSample,MINIA,Salmonella enterica,4759746.0,2025694.0
61,mockSample,MINIA,Salmonella enterica,4759746.0,2025696.0
62,mockSample,MINIA,Salmonella enterica,4759746.0,2025708.0
63,mockSample,MINIA,Salmonella enterica,4759746.0,2025735.0
64,mockSample,MINIA,Salmonella enterica,4759746.0,2026100.0
65,mockSample,MINIA,Salmonella enterica,4759746.0,2026114.0
66,mockSample,MINIA,Salmonella enterica,4759746.0,2026136.0
67,mockSample,MINIA,Salmonella enterica,4759746.0,2026139.0
68,mockSample,MINIA,Salmonella enterica,4759746.0,593509.0
69,mockSample,MINIA,Salmonella enterica,4759746.0,4379252.0
70,mockSample,MINIA,Staphylococcus aureus,2718780.0,690467.0
