,Sample,Assembler,Reference,Reference Length,SNP Location
0,mockSample,Unicycler,Enterococcus faecalis,2845392.0,1623511.0
1,mockSample,Unicycler,Enterococcus faecalis,2845392.0,1623522.0
2,mockSample,Unicycler,Enterococcus faecalis,2845392.0,1623536.0
3,mockSample,Unicycler,Enterococcus faecalis,2845392.0,1623547.0
4,mockSample,Unicycler,Enterococcus faecalis,2845392.0,1623602.0
5,mockSample,Unicycler,Enterococcus faecalis,2845392.0,1623605.0
6,mockSample,Unicycler,Enterococcus faecalis,2845392.0,1623607.0
7,mockSample,Unicycler,Enterococcus faecalis,2845392.0,1623608.0
8,mockSample,Unicycler,Enterococcus faecalis,2845392.0,1623619.0
9,mockSample,Unicycler,Escherichia coli,4765434.0,4609679.0
10,mockSample,Unicycler,Escherichia coli,4765434.0,1941766.0
11,mockSample,Unicycler,Escherichia coli,4765434.0,1941783.0
12,mockSample,Unicycler,Escherichia coli,4765434.0,1941784.0
13,mockSample,Unicycler,Escherichia coli,4765434.0,1447026.0
14,mockSample,Unicycler,Escherichia coli,4765434.0,3869720.0
15,mockSample,Unicycler,Escherichia coli,4765434.0,3869735.0
16,mockSample,Unicycler,Escherichia coli,4765434.0,3870024.0
17,mockSample,Unicycler,Escherichia coli,4765434.0,3870099.0
18,mockSample,Unicycler,Escherichia coli,4765434.0,3870117.0
19,mockSample,Unicycler,Escherichia coli,4765434.0,3870901.0
20,mockSample,Unicycler,Escherichia coli,4765434.0,3870964.0
21,mockSample,Unicycler,Pseudomonas aeruginosa,6792330.0,5924520.0
22,mockSample,Unicycler,Pseudomonas aeruginosa,6792330.0,3707995.0
23,mockSample,Unicycler,Pseudomonas aeruginosa,6792330.0,3897437.0
24,mockSample,Unicycler,Pseudomonas aeruginosa,6792330.0,6557711.0
25,mockSample,Unicycler,Pseudomonas aeruginosa,6792330.0,6712225.0
26,mockSample,Unicycler,Pseudomonas aeruginosa,6792330.0,2948337.0
27,mockSample,Unicycler,Pseudomonas aeruginosa,6792330.0,2291437.0
28,mockSample,Unicycler,Pseudomonas aeruginosa,6792330.0,541576.0
29,mockSample,Unicycler,Pseudomonas aeruginosa,6792330.0,3578428.0
30,mockSample,Unicycler,Salmonella enterica,4759746.0,725612.0
31,mockSample,Unicycler,Salmonella enterica,4759746.0,725883.0
32,mockSample,Unicycler,Salmonella enterica,4759746.0,725964.0
33,mockSample,Unicycler,Salmonella enterica,4759746.0,725967.0
34,mockSample,Unicycler,Salmonella enterica,4759746.0,726012.0
35,mockSample,Unicycler,Salmonella enterica,4759746.0,726021.0
36,mockSample,Unicycler,Salmonella enterica,4759746.0,726024.0
37,mockSample,Unicycler,Salmonella enterica,4759746.0,835979.0
38,mockSample,Unicycler,Salmonella enterica,4759746.0,1390368.0
39,mockSample,Unicycler,Salmonella enterica,4759746.0,1390386.0
40,mockSample,Unicycler,Salmonella enterica,4759746.0,1390392.0
41,mockSample,Unicycler,Salmonella enterica,4759746.0,3280822.0
42,mockSample,Unicycler,Salmonella enterica,4759746.0,3280823.0
43,mockSample,Unicycler,Staphylococcus aureus,2718780.0,1245944.0
44,mockSample,Unicycler,Staphylococcus aureus,2718780.0,2030988.0
45,mockSample,Unicycler,Staphylococcus aureus,2718780.0,2186157.0
46,mockSample,Unicycler,Staphylococcus aureus,2718780.0,2186168.0
47,mockSample,Unicycler,Staphylococcus aureus,2718780.0,2186175.0
48,mockSample,Unicycler,Staphylococcus aureus,2718780.0,2186185.0
49,mockSample,Unicycler,Staphylococcus aureus,2718780.0,2186190.0
50,mockSample,Unicycler,Staphylococcus aureus,2718780.0,2186192.0
51,mockSample,Unicycler,Staphylococcus aureus,2718780.0,2186195.0
52,mockSample,Unicycler,Staphylococcus aureus,2718780.0,2186202.0
53,mockSample,Unicycler,Staphylococcus aureus,2718780.0,2186208.0
54,mockSample,Unicycler,Staphylococcus aureus,2718780.0,2186217.0
55,mockSample,Unicycler,Staphylococcus aureus,2718780.0,2186251.0
