,Sample,Assembler,Reference,Reference Length,SNP Location
0,mockSample,SPAdes,Bacillus subtilis,4045677.0,802442
1,mockSample,SPAdes,Bacillus subtilis,4045677.0,3174327.0
2,mockSample,SPAdes,Bacillus subtilis,4045677.0,3174363.0
3,mockSample,SPAdes,Bacillus subtilis,4045677.0,3174393.0
4,mockSample,SPAdes,Bacillus subtilis,4045677.0,3174405.0
5,mockSample,SPAdes,Bacillus subtilis,4045677.0,642817.0
6,mockSample,SPAdes,Enterococcus faecalis,2845392.0,2382822.0
7,mockSample,SPAdes,Enterococcus faecalis,2845392.0,2382832.0
8,mockSample,SPAdes,Enterococcus faecalis,2845392.0,2382834.0
9,mockSample,SPAdes,Enterococcus faecalis,2845392.0,2382840.0
10,mockSample,SPAdes,Enterococcus faecalis,2845392.0,1573918.0
11,mockSample,SPAdes,Enterococcus faecalis,2845392.0,1623511
12,mockSample,SPAdes,Enterococcus faecalis,2845392.0,1623522
13,mockSample,SPAdes,Enterococcus faecalis,2845392.0,1623536
14,mockSample,SPAdes,Enterococcus faecalis,2845392.0,1623547
15,mockSample,SPAdes,Enterococcus faecalis,2845392.0,1623602
16,mockSample,SPAdes,Enterococcus faecalis,2845392.0,1623605
17,mockSample,SPAdes,Enterococcus faecalis,2845392.0,1623607
18,mockSample,SPAdes,Enterococcus faecalis,2845392.0,1623608
19,mockSample,SPAdes,Enterococcus faecalis,2845392.0,1623619
20,mockSample,SPAdes,Enterococcus faecalis,2845392.0,1366593.0
21,mockSample,SPAdes,Enterococcus faecalis,2845392.0,1366608.0
22,mockSample,SPAdes,Escherichia coli,4765434.0,1442406.0
23,mockSample,SPAdes,Escherichia coli,4765434.0,1447026
24,mockSample,SPAdes,Escherichia coli,4765434.0,3103350
25,mockSample,SPAdes,Escherichia coli,4765434.0,3103368
26,mockSample,SPAdes,Escherichia coli,4765434.0,3103401
27,mockSample,SPAdes,Escherichia coli,4765434.0,2870507
28,mockSample,SPAdes,Escherichia coli,4765434.0,2870524
29,mockSample,SPAdes,Escherichia coli,4765434.0,2870528
30,mockSample,SPAdes,Escherichia coli,4765434.0,3869720
31,mockSample,SPAdes,Escherichia coli,4765434.0,3869735
32,mockSample,SPAdes,Escherichia coli,4765434.0,3870024
33,mockSample,SPAdes,Escherichia coli,4765434.0,3870099
34,mockSample,SPAdes,Escherichia coli,4765434.0,3870117
35,mockSample,SPAdes,Escherichia coli,4765434.0,3870758
36,mockSample,SPAdes,Escherichia coli,4765434.0,3870759
37,mockSample,SPAdes,Escherichia coli,4765434.0,3870771
38,mockSample,SPAdes,Escherichia coli,4765434.0,3870901
39,mockSample,SPAdes,Lactobacillus fermentum,1905333.0,857927.0
40,mockSample,SPAdes,Lactobacillus fermentum,1905333.0,857946.0
41,mockSample,SPAdes,Lactobacillus fermentum,1905333.0,857999.0
42,mockSample,SPAdes,Lactobacillus fermentum,1905333.0,858045.0
43,mockSample,SPAdes,Pseudomonas aeruginosa,6792330.0,1179018
44,mockSample,SPAdes,Pseudomonas aeruginosa,6792330.0,1199230
45,mockSample,SPAdes,Pseudomonas aeruginosa,6792330.0,6712223.0
46,mockSample,SPAdes,Pseudomonas aeruginosa,6792330.0,1094974
47,mockSample,SPAdes,Pseudomonas aeruginosa,6792330.0,2948337
48,mockSample,SPAdes,Pseudomonas aeruginosa,6792330.0,2742828.0
49,mockSample,SPAdes,Pseudomonas aeruginosa,6792330.0,2742859.0
50,mockSample,SPAdes,Pseudomonas aeruginosa,6792330.0,2742887.0
51,mockSample,SPAdes,Pseudomonas aeruginosa,6792330.0,2734918.0
52,mockSample,SPAdes,Salmonella enterica,4759746.0,2793008.0
53,mockSample,SPAdes,Salmonella enterica,4759746.0,2793011.0
54,mockSample,SPAdes,Salmonella enterica,4759746.0,2793017.0
55,mockSample,SPAdes,Salmonella enterica,4759746.0,4369991
56,mockSample,SPAdes,Salmonella enterica,4759746.0,4625146.0
57,mockSample,SPAdes,Salmonella enterica,4759746.0,3570890.0
58,mockSample,SPAdes,Salmonella enterica,4759746.0,3570891.0
59,mockSample,SPAdes,Salmonella enterica,4759746.0,3570892.0
60,mockSample,SPAdes,Salmonella enterica,4759746.0,3570895.0
61,mockSample,SPAdes,Salmonella enterica,4759746.0,3570903.0
62,mockSample,SPAdes,Salmonella enterica,4759746.0,3570914.0
63,mockSample,SPAdes,Salmonella enterica,4759746.0,3570916.0
64,mockSample,SPAdes,Salmonella enterica,4759746.0,3570917.0
65,mockSample,SPAdes,Salmonella enterica,4759746.0,3570919.0
66,mockSample,SPAdes,Salmonella enterica,4759746.0,3570922.0
67,mockSample,SPAdes,Salmonella enterica,4759746.0,3570923.0
68,mockSample,SPAdes,Salmonella enterica,4759746.0,3571294.0
69,mockSample,SPAdes,Salmonella enterica,4759746.0,3571549.0
70,mockSample,SPAdes,Salmonella enterica,4759746.0,3571575.0
71,mockSample,SPAdes,Salmonella enterica,4759746.0,3571615.0
72,mockSample,SPAdes,Salmonella enterica,4759746.0,3571623.0
73,mockSample,SPAdes,Salmonella enterica,4759746.0,2024520.0
74,mockSample,SPAdes,Salmonella enterica,4759746.0,2024565.0
75,mockSample,SPAdes,Salmonella enterica,4759746.0,2024567.0
76,mockSample,SPAdes,Salmonella enterica,4759746.0,2024583.0
77,mockSample,SPAdes,Salmonella enterica,4759746.0,2026100.0
78,mockSample,SPAdes,Salmonella enterica,4759746.0,2026114.0
79,mockSample,SPAdes,Salmonella enterica,4759746.0,2026136.0
80,mockSample,SPAdes,Salmonella enterica,4759746.0,2026139.0
81,mockSample,SPAdes,Staphylococcus aureus,2718780.0,1245944.0
82,mockSample,SPAdes,Staphylococcus aureus,2718780.0,2030988.0
83,mockSample,SPAdes,Staphylococcus aureus,2718780.0,153671
84,mockSample,SPAdes,Staphylococcus aureus,2718780.0,153674
85,mockSample,SPAdes,Staphylococcus aureus,2718780.0,153675
86,mockSample,SPAdes,Staphylococcus aureus,2718780.0,467469
87,mockSample,SPAdes,Staphylococcus aureus,2718780.0,911560.0
88,mockSample,SPAdes,Staphylococcus aureus,2718780.0,2142508
89,mockSample,SPAdes,Staphylococcus aureus,2718780.0,2186157
90,mockSample,SPAdes,Staphylococcus aureus,2718780.0,2186168
91,mockSample,SPAdes,Staphylococcus aureus,2718780.0,2186175
92,mockSample,SPAdes,Staphylococcus aureus,2718780.0,2186185
93,mockSample,SPAdes,Staphylococcus aureus,2718780.0,2186190
94,mockSample,SPAdes,Staphylococcus aureus,2718780.0,2186192
95,mockSample,SPAdes,Staphylococcus aureus,2718780.0,2186195
96,mockSample,SPAdes,Staphylococcus aureus,2718780.0,2186202
97,mockSample,SPAdes,Staphylococcus aureus,2718780.0,2186208
98,mockSample,SPAdes,Staphylococcus aureus,2718780.0,2186217
99,mockSample,SPAdes,Staphylococcus aureus,2718780.0,2186251
100,mockSample,SPAdes,Staphylococcus aureus,2718780.0,733633
101,mockSample,SPAdes,Staphylococcus aureus,2718780.0,733634
102,mockSample,SPAdes,Staphylococcus aureus,2718780.0,733635
103,mockSample,SPAdes,Staphylococcus aureus,2718780.0,733640
104,mockSample,SPAdes,Staphylococcus aureus,2718780.0,733641
105,mockSample,SPAdes,Staphylococcus aureus,2718780.0,733652
106,mockSample,SPAdes,Staphylococcus aureus,2718780.0,733653
107,mockSample,SPAdes,Staphylococcus aureus,2718780.0,733656
108,mockSample,SPAdes,Staphylococcus aureus,2718780.0,733660
109,mockSample,SPAdes,Staphylococcus aureus,2718780.0,733669
110,mockSample,SPAdes,Staphylococcus aureus,2718780.0,733679
111,mockSample,SPAdes,Staphylococcus aureus,2718780.0,733691
112,mockSample,SPAdes,Staphylococcus aureus,2718780.0,733697
113,mockSample,SPAdes,Staphylococcus aureus,2718780.0,733704
114,mockSample,SPAdes,Staphylococcus aureus,2718780.0,733717
115,mockSample,SPAdes,Staphylococcus aureus,2718780.0,733718
116,mockSample,SPAdes,Staphylococcus aureus,2718780.0,733720
117,mockSample,SPAdes,Staphylococcus aureus,2718780.0,733724
118,mockSample,SPAdes,Staphylococcus aureus,2718780.0,733727
119,mockSample,SPAdes,Staphylococcus aureus,2718780.0,733731
120,mockSample,SPAdes,Staphylococcus aureus,2718780.0,2098709.0
121,mockSample,SPAdes,Staphylococcus aureus,2718780.0,2098710.0
122,mockSample,SPAdes,Staphylococcus aureus,2718780.0,2098712.0
123,mockSample,SPAdes,Staphylococcus aureus,2718780.0,2098713.0
124,mockSample,SPAdes,Staphylococcus aureus,2718780.0,2098716.0
125,mockSample,SPAdes,Staphylococcus aureus,2718780.0,483105.0
