,Sample,Assembler,Reference,Reference Length,SNP Location
0,mockSample,SKESA,Pseudomonas aeruginosa,6792330.0,2560180
1,mockSample,SKESA,Pseudomonas aeruginosa,6792330.0,2560186
2,mockSample,SKESA,Pseudomonas aeruginosa,6792330.0,2560205
3,mockSample,SKESA,Pseudomonas aeruginosa,6792330.0,2560207
4,mockSample,SKESA,Pseudomonas aeruginosa,6792330.0,2560213
5,mockSample,SKESA,Pseudomonas aeruginosa,6792330.0,2560219
6,mockSample,SKESA,Pseudomonas aeruginosa,6792330.0,2560253
7,mockSample,SKESA,Pseudomonas aeruginosa,6792330.0,2560255
8,mockSample,SKESA,Pseudomonas aeruginosa,6792330.0,2560261
9,mockSample,SKESA,Pseudomonas aeruginosa,6792330.0,2560264
10,mockSample,SKESA,Pseudomonas aeruginosa,6792330.0,2560266
11,mockSample,SKESA,Pseudomonas aeruginosa,6792330.0,2560270
12,mockSample,SKESA,Pseudomonas aeruginosa,6792330.0,2560273
13,mockSample,SKESA,Pseudomonas aeruginosa,6792330.0,2560276
14,mockSample,SKESA,Pseudomonas aeruginosa,6792330.0,2560283
15,mockSample,SKESA,Pseudomonas aeruginosa,6792330.0,2560285
16,mockSample,SKESA,Pseudomonas aeruginosa,6792330.0,2560291
17,mockSample,SKESA,Pseudomonas aeruginosa,6792330.0,2560296
18,mockSample,SKESA,Pseudomonas aeruginosa,6792330.0,2560297
19,mockSample,SKESA,Pseudomonas aeruginosa,6792330.0,2560300
20,mockSample,SKESA,Pseudomonas aeruginosa,6792330.0,2560304
21,mockSample,SKESA,Pseudomonas aeruginosa,6792330.0,2560306
22,mockSample,SKESA,Pseudomonas aeruginosa,6792330.0,2560308
23,mockSample,SKESA,Pseudomonas aeruginosa,6792330.0,2560309
24,mockSample,SKESA,Pseudomonas aeruginosa,6792330.0,2560310
25,mockSample,SKESA,Pseudomonas aeruginosa,6792330.0,2560311
26,mockSample,SKESA,Pseudomonas aeruginosa,6792330.0,2560312
27,mockSample,SKESA,Pseudomonas aeruginosa,6792330.0,2560318
28,mockSample,SKESA,Pseudomonas aeruginosa,6792330.0,2560327
29,mockSample,SKESA,Pseudomonas aeruginosa,6792330.0,2829369
30,mockSample,SKESA,Pseudomonas aeruginosa,6792330.0,2829389
31,mockSample,SKESA,Pseudomonas aeruginosa,6792330.0,2829391
32,mockSample,SKESA,Pseudomonas aeruginosa,6792330.0,2829425
33,mockSample,SKESA,Pseudomonas aeruginosa,6792330.0,2829433
34,mockSample,SKESA,Pseudomonas aeruginosa,6792330.0,5922799.0
35,mockSample,SKESA,Pseudomonas aeruginosa,6792330.0,4717642.0
36,mockSample,SKESA,Pseudomonas aeruginosa,6792330.0,4717672.0
37,mockSample,SKESA,Pseudomonas aeruginosa,6792330.0,4717729.0
38,mockSample,SKESA,Pseudomonas aeruginosa,6792330.0,4717733.0
39,mockSample,SKESA,Pseudomonas aeruginosa,6792330.0,4717734.0
40,mockSample,SKESA,Pseudomonas aeruginosa,6792330.0,4717753.0
41,mockSample,SKESA,Pseudomonas aeruginosa,6792330.0,4717773.0
42,mockSample,SKESA,Pseudomonas aeruginosa,6792330.0,4717779.0
43,mockSample,SKESA,Pseudomonas aeruginosa,6792330.0,4717795.0
44,mockSample,SKESA,Pseudomonas aeruginosa,6792330.0,4717801.0
45,mockSample,SKESA,Pseudomonas aeruginosa,6792330.0,4730612.0
46,mockSample,SKESA,Salmonella enterica,4759746.0,1968897
