,Sample,Assembler,Reference,Reference Length,SNP Location
0,mockSample,metaSPAdes,Bacillus subtilis,4045677.0,2728843
1,mockSample,metaSPAdes,Bacillus subtilis,4045677.0,2728845
2,mockSample,metaSPAdes,Bacillus subtilis,4045677.0,1261681.0
3,mockSample,metaSPAdes,Bacillus subtilis,4045677.0,2974006
4,mockSample,metaSPAdes,Bacillus subtilis,4045677.0,804811
5,mockSample,metaSPAdes,Bacillus subtilis,4045677.0,804829
6,mockSample,metaSPAdes,Enterococcus faecalis,2845392.0,2076282.0
7,mockSample,metaSPAdes,Enterococcus faecalis,2845392.0,2076299.0
8,mockSample,metaSPAdes,Enterococcus faecalis,2845392.0,2076325.0
9,mockSample,metaSPAdes,Enterococcus faecalis,2845392.0,1782338.0
10,mockSample,metaSPAdes,Enterococcus faecalis,2845392.0,1782355.0
11,mockSample,metaSPAdes,Enterococcus faecalis,2845392.0,1782381.0
12,mockSample,metaSPAdes,Enterococcus faecalis,2845392.0,2123473
13,mockSample,metaSPAdes,Enterococcus faecalis,2845392.0,2123474
14,mockSample,metaSPAdes,Enterococcus faecalis,2845392.0,2123475
15,mockSample,metaSPAdes,Enterococcus faecalis,2845392.0,2123476
16,mockSample,metaSPAdes,Enterococcus faecalis,2845392.0,2123479
17,mockSample,metaSPAdes,Enterococcus faecalis,2845392.0,2123483
18,mockSample,metaSPAdes,Enterococcus faecalis,2845392.0,2123484
19,mockSample,metaSPAdes,Enterococcus faecalis,2845392.0,2123485
20,mockSample,metaSPAdes,Enterococcus faecalis,2845392.0,2123488
21,mockSample,metaSPAdes,Enterococcus faecalis,2845392.0,2123494
22,mockSample,metaSPAdes,Enterococcus faecalis,2845392.0,2123525
23,mockSample,metaSPAdes,Enterococcus faecalis,2845392.0,2123526
24,mockSample,metaSPAdes,Enterococcus faecalis,2845392.0,2123527
25,mockSample,metaSPAdes,Enterococcus faecalis,2845392.0,2123529
26,mockSample,metaSPAdes,Enterococcus faecalis,2845392.0,2123536
27,mockSample,metaSPAdes,Enterococcus faecalis,2845392.0,2123539
28,mockSample,metaSPAdes,Enterococcus faecalis,2845392.0,2123551
29,mockSample,metaSPAdes,Enterococcus faecalis,2845392.0,2123560
30,mockSample,metaSPAdes,Enterococcus faecalis,2845392.0,2123561
31,mockSample,metaSPAdes,Enterococcus faecalis,2845392.0,2123572
32,mockSample,metaSPAdes,Enterococcus faecalis,2845392.0,2123587
33,mockSample,metaSPAdes,Enterococcus faecalis,2845392.0,2123593
34,mockSample,metaSPAdes,Enterococcus faecalis,2845392.0,2123605
35,mockSample,metaSPAdes,Enterococcus faecalis,2845392.0,2123632
36,mockSample,metaSPAdes,Enterococcus faecalis,2845392.0,2123638
37,mockSample,metaSPAdes,Enterococcus faecalis,2845392.0,2092657
38,mockSample,metaSPAdes,Enterococcus faecalis,2845392.0,2122570
39,mockSample,metaSPAdes,Enterococcus faecalis,2845392.0,2122627
40,mockSample,metaSPAdes,Enterococcus faecalis,2845392.0,2122636
41,mockSample,metaSPAdes,Enterococcus faecalis,2845392.0,2122637
42,mockSample,metaSPAdes,Enterococcus faecalis,2845392.0,2122669
43,mockSample,metaSPAdes,Enterococcus faecalis,2845392.0,2122681
44,mockSample,metaSPAdes,Enterococcus faecalis,2845392.0,2122708
45,mockSample,metaSPAdes,Enterococcus faecalis,2845392.0,2123158
46,mockSample,metaSPAdes,Enterococcus faecalis,2845392.0,1811679.0
47,mockSample,metaSPAdes,Enterococcus faecalis,2845392.0,1811687.0
48,mockSample,metaSPAdes,Enterococcus faecalis,2845392.0,1811962.0
49,mockSample,metaSPAdes,Enterococcus faecalis,2845392.0,1811967.0
50,mockSample,metaSPAdes,Escherichia coli,4765434.0,133578
51,mockSample,metaSPAdes,Escherichia coli,4765434.0,133580
52,mockSample,metaSPAdes,Escherichia coli,4765434.0,133581
53,mockSample,metaSPAdes,Escherichia coli,4765434.0,133583
54,mockSample,metaSPAdes,Escherichia coli,4765434.0,133584
55,mockSample,metaSPAdes,Escherichia coli,4765434.0,133586
56,mockSample,metaSPAdes,Escherichia coli,4765434.0,133597
57,mockSample,metaSPAdes,Escherichia coli,4765434.0,133604
58,mockSample,metaSPAdes,Escherichia coli,4765434.0,133641
59,mockSample,metaSPAdes,Escherichia coli,4765434.0,133653
60,mockSample,metaSPAdes,Escherichia coli,4765434.0,133662
61,mockSample,metaSPAdes,Escherichia coli,4765434.0,133666
62,mockSample,metaSPAdes,Escherichia coli,4765434.0,133773
63,mockSample,metaSPAdes,Escherichia coli,4765434.0,133803
64,mockSample,metaSPAdes,Escherichia coli,4765434.0,133825
65,mockSample,metaSPAdes,Escherichia coli,4765434.0,133826
66,mockSample,metaSPAdes,Escherichia coli,4765434.0,133827
67,mockSample,metaSPAdes,Escherichia coli,4765434.0,133830
68,mockSample,metaSPAdes,Escherichia coli,4765434.0,133836
69,mockSample,metaSPAdes,Escherichia coli,4765434.0,133848
70,mockSample,metaSPAdes,Escherichia coli,4765434.0,133867
71,mockSample,metaSPAdes,Escherichia coli,4765434.0,133887
72,mockSample,metaSPAdes,Escherichia coli,4765434.0,133899
73,mockSample,metaSPAdes,Escherichia coli,4765434.0,133905
74,mockSample,metaSPAdes,Escherichia coli,4765434.0,147278
75,mockSample,metaSPAdes,Escherichia coli,4765434.0,147286
76,mockSample,metaSPAdes,Escherichia coli,4765434.0,147289
77,mockSample,metaSPAdes,Escherichia coli,4765434.0,147299
78,mockSample,metaSPAdes,Escherichia coli,4765434.0,199435
79,mockSample,metaSPAdes,Escherichia coli,4765434.0,199493
80,mockSample,metaSPAdes,Escherichia coli,4765434.0,199495
81,mockSample,metaSPAdes,Escherichia coli,4765434.0,234063
82,mockSample,metaSPAdes,Escherichia coli,4765434.0,234066
83,mockSample,metaSPAdes,Escherichia coli,4765434.0,234071
84,mockSample,metaSPAdes,Escherichia coli,4765434.0,234102
85,mockSample,metaSPAdes,Escherichia coli,4765434.0,2224452.0
86,mockSample,metaSPAdes,Escherichia coli,4765434.0,2224457.0
87,mockSample,metaSPAdes,Escherichia coli,4765434.0,2224467.0
88,mockSample,metaSPAdes,Escherichia coli,4765434.0,2224495.0
89,mockSample,metaSPAdes,Escherichia coli,4765434.0,2234211.0
90,mockSample,metaSPAdes,Escherichia coli,4765434.0,2234212.0
91,mockSample,metaSPAdes,Escherichia coli,4765434.0,3792766.0
92,mockSample,metaSPAdes,Escherichia coli,4765434.0,3792772.0
93,mockSample,metaSPAdes,Escherichia coli,4765434.0,3792774.0
94,mockSample,metaSPAdes,Escherichia coli,4765434.0,3792776.0
95,mockSample,metaSPAdes,Escherichia coli,4765434.0,3792777.0
96,mockSample,metaSPAdes,Escherichia coli,4765434.0,3792779.0
97,mockSample,metaSPAdes,Escherichia coli,4765434.0,3792792.0
98,mockSample,metaSPAdes,Escherichia coli,4765434.0,3837480.0
99,mockSample,metaSPAdes,Escherichia coli,4765434.0,3837492.0
100,mockSample,metaSPAdes,Escherichia coli,4765434.0,3837519.0
101,mockSample,metaSPAdes,Escherichia coli,4765434.0,3838488.0
102,mockSample,metaSPAdes,Escherichia coli,4765434.0,3838515.0
103,mockSample,metaSPAdes,Escherichia coli,4765434.0,3838518.0
104,mockSample,metaSPAdes,Escherichia coli,4765434.0,3838548.0
105,mockSample,metaSPAdes,Escherichia coli,4765434.0,3838560.0
106,mockSample,metaSPAdes,Escherichia coli,4765434.0,3838566.0
107,mockSample,metaSPAdes,Escherichia coli,4765434.0,3838572.0
108,mockSample,metaSPAdes,Escherichia coli,4765434.0,3838614.0
109,mockSample,metaSPAdes,Escherichia coli,4765434.0,3838662.0
110,mockSample,metaSPAdes,Escherichia coli,4765434.0,3156277.0
111,mockSample,metaSPAdes,Escherichia coli,4765434.0,3156283.0
112,mockSample,metaSPAdes,Escherichia coli,4765434.0,3156300.0
113,mockSample,metaSPAdes,Escherichia coli,4765434.0,3156301.0
114,mockSample,metaSPAdes,Escherichia coli,4765434.0,3156310.0
115,mockSample,metaSPAdes,Escherichia coli,4765434.0,3156312.0
116,mockSample,metaSPAdes,Escherichia coli,4765434.0,3156313.0
117,mockSample,metaSPAdes,Escherichia coli,4765434.0,3156316.0
118,mockSample,metaSPAdes,Escherichia coli,4765434.0,3156318.0
119,mockSample,metaSPAdes,Escherichia coli,4765434.0,3156322.0
120,mockSample,metaSPAdes,Escherichia coli,4765434.0,3156325.0
121,mockSample,metaSPAdes,Escherichia coli,4765434.0,3156331.0
122,mockSample,metaSPAdes,Escherichia coli,4765434.0,3156340.0
123,mockSample,metaSPAdes,Escherichia coli,4765434.0,3156355.0
124,mockSample,metaSPAdes,Escherichia coli,4765434.0,3156376.0
125,mockSample,metaSPAdes,Escherichia coli,4765434.0,3156396.0
126,mockSample,metaSPAdes,Escherichia coli,4765434.0,3156402.0
127,mockSample,metaSPAdes,Escherichia coli,4765434.0,3156412.0
128,mockSample,metaSPAdes,Escherichia coli,4765434.0,3156429.0
129,mockSample,metaSPAdes,Escherichia coli,4765434.0,3156436.0
130,mockSample,metaSPAdes,Escherichia coli,4765434.0,3180068.0
131,mockSample,metaSPAdes,Escherichia coli,4765434.0,3180077.0
132,mockSample,metaSPAdes,Escherichia coli,4765434.0,3180078.0
133,mockSample,metaSPAdes,Escherichia coli,4765434.0,3180080.0
134,mockSample,metaSPAdes,Escherichia coli,4765434.0,3180085.0
135,mockSample,metaSPAdes,Escherichia coli,4765434.0,3180086.0
136,mockSample,metaSPAdes,Escherichia coli,4765434.0,3180089.0
137,mockSample,metaSPAdes,Escherichia coli,4765434.0,3180098.0
138,mockSample,metaSPAdes,Escherichia coli,4765434.0,3180099.0
139,mockSample,metaSPAdes,Escherichia coli,4765434.0,3180100.0
140,mockSample,metaSPAdes,Escherichia coli,4765434.0,3180101.0
141,mockSample,metaSPAdes,Escherichia coli,4765434.0,3180102.0
142,mockSample,metaSPAdes,Escherichia coli,4765434.0,3180104.0
143,mockSample,metaSPAdes,Escherichia coli,4765434.0,3180110.0
144,mockSample,metaSPAdes,Escherichia coli,4765434.0,3180113.0
145,mockSample,metaSPAdes,Escherichia coli,4765434.0,3180127.0
146,mockSample,metaSPAdes,Escherichia coli,4765434.0,3180130.0
147,mockSample,metaSPAdes,Escherichia coli,4765434.0,3180132.0
148,mockSample,metaSPAdes,Escherichia coli,4765434.0,3180134.0
149,mockSample,metaSPAdes,Escherichia coli,4765434.0,3180143.0
150,mockSample,metaSPAdes,Escherichia coli,4765434.0,3180155.0
151,mockSample,metaSPAdes,Escherichia coli,4765434.0,3180156.0
152,mockSample,metaSPAdes,Escherichia coli,4765434.0,3180163.0
153,mockSample,metaSPAdes,Escherichia coli,4765434.0,3180182.0
154,mockSample,metaSPAdes,Escherichia coli,4765434.0,3180185.0
155,mockSample,metaSPAdes,Escherichia coli,4765434.0,3180198.0
156,mockSample,metaSPAdes,Escherichia coli,4765434.0,3180207.0
157,mockSample,metaSPAdes,Escherichia coli,4765434.0,3180208.0
158,mockSample,metaSPAdes,Escherichia coli,4765434.0,3180243.0
159,mockSample,metaSPAdes,Escherichia coli,4765434.0,3180247.0
160,mockSample,metaSPAdes,Escherichia coli,4765434.0,3180260.0
161,mockSample,metaSPAdes,Escherichia coli,4765434.0,3191444.0
162,mockSample,metaSPAdes,Escherichia coli,4765434.0,3191628.0
163,mockSample,metaSPAdes,Escherichia coli,4765434.0,3200898.0
164,mockSample,metaSPAdes,Escherichia coli,4765434.0,3200904.0
165,mockSample,metaSPAdes,Escherichia coli,4765434.0,3204467.0
166,mockSample,metaSPAdes,Escherichia coli,4765434.0,3204506.0
167,mockSample,metaSPAdes,Escherichia coli,4765434.0,3204524.0
168,mockSample,metaSPAdes,Escherichia coli,4765434.0,3204533.0
169,mockSample,metaSPAdes,Escherichia coli,4765434.0,3204545.0
170,mockSample,metaSPAdes,Escherichia coli,4765434.0,3204551.0
171,mockSample,metaSPAdes,Escherichia coli,4765434.0,3204554.0
172,mockSample,metaSPAdes,Escherichia coli,4765434.0,3204569.0
173,mockSample,metaSPAdes,Escherichia coli,4765434.0,3204572.0
174,mockSample,metaSPAdes,Escherichia coli,4765434.0,3204618.0
175,mockSample,metaSPAdes,Escherichia coli,4765434.0,3204626.0
176,mockSample,metaSPAdes,Escherichia coli,4765434.0,3204638.0
177,mockSample,metaSPAdes,Escherichia coli,4765434.0,1143439.0
178,mockSample,metaSPAdes,Escherichia coli,4765434.0,1143440.0
179,mockSample,metaSPAdes,Escherichia coli,4765434.0,1143445.0
180,mockSample,metaSPAdes,Escherichia coli,4765434.0,1143469.0
181,mockSample,metaSPAdes,Escherichia coli,4765434.0,1222925.0
182,mockSample,metaSPAdes,Escherichia coli,4765434.0,1222930.0
183,mockSample,metaSPAdes,Escherichia coli,4765434.0,1222931.0
184,mockSample,metaSPAdes,Escherichia coli,4765434.0,1222964.0
185,mockSample,metaSPAdes,Escherichia coli,4765434.0,1222969.0
186,mockSample,metaSPAdes,Escherichia coli,4765434.0,1222985.0
187,mockSample,metaSPAdes,Escherichia coli,4765434.0,1222991.0
188,mockSample,metaSPAdes,Escherichia coli,4765434.0,2989823
189,mockSample,metaSPAdes,Escherichia coli,4765434.0,2989824
190,mockSample,metaSPAdes,Escherichia coli,4765434.0,2989859
191,mockSample,metaSPAdes,Escherichia coli,4765434.0,2990049
192,mockSample,metaSPAdes,Escherichia coli,4765434.0,2990050
193,mockSample,metaSPAdes,Escherichia coli,4765434.0,2990085
194,mockSample,metaSPAdes,Escherichia coli,4765434.0,3252893.0
195,mockSample,metaSPAdes,Escherichia coli,4765434.0,3252894.0
196,mockSample,metaSPAdes,Escherichia coli,4765434.0,3252899.0
197,mockSample,metaSPAdes,Escherichia coli,4765434.0,3252900.0
198,mockSample,metaSPAdes,Escherichia coli,4765434.0,3252905.0
199,mockSample,metaSPAdes,Escherichia coli,4765434.0,3252908.0
200,mockSample,metaSPAdes,Escherichia coli,4765434.0,3319509.0
201,mockSample,metaSPAdes,Escherichia coli,4765434.0,3335504.0
202,mockSample,metaSPAdes,Escherichia coli,4765434.0,3337863.0
203,mockSample,metaSPAdes,Escherichia coli,4765434.0,3337865.0
204,mockSample,metaSPAdes,Escherichia coli,4765434.0,3337872.0
205,mockSample,metaSPAdes,Escherichia coli,4765434.0,2221508.0
206,mockSample,metaSPAdes,Escherichia coli,4765434.0,2221514.0
207,mockSample,metaSPAdes,Escherichia coli,4765434.0,2221520.0
208,mockSample,metaSPAdes,Escherichia coli,4765434.0,2221532.0
209,mockSample,metaSPAdes,Escherichia coli,4765434.0,2221553.0
210,mockSample,metaSPAdes,Escherichia coli,4765434.0,2221589.0
211,mockSample,metaSPAdes,Escherichia coli,4765434.0,2221601.0
212,mockSample,metaSPAdes,Escherichia coli,4765434.0,2221636.0
213,mockSample,metaSPAdes,Escherichia coli,4765434.0,2221637.0
214,mockSample,metaSPAdes,Escherichia coli,4765434.0,4458296.0
215,mockSample,metaSPAdes,Escherichia coli,4765434.0,4458310.0
216,mockSample,metaSPAdes,Escherichia coli,4765434.0,4458316.0
217,mockSample,metaSPAdes,Escherichia coli,4765434.0,4458328.0
218,mockSample,metaSPAdes,Escherichia coli,4765434.0,4458329.0
219,mockSample,metaSPAdes,Escherichia coli,4765434.0,4458334.0
220,mockSample,metaSPAdes,Escherichia coli,4765434.0,4458335.0
221,mockSample,metaSPAdes,Escherichia coli,4765434.0,4458336.0
222,mockSample,metaSPAdes,Escherichia coli,4765434.0,4481260.0
223,mockSample,metaSPAdes,Escherichia coli,4765434.0,4481263.0
224,mockSample,metaSPAdes,Escherichia coli,4765434.0,4481269.0
225,mockSample,metaSPAdes,Escherichia coli,4765434.0,4481272.0
226,mockSample,metaSPAdes,Escherichia coli,4765434.0,4481275.0
227,mockSample,metaSPAdes,Escherichia coli,4765434.0,4481278.0
228,mockSample,metaSPAdes,Escherichia coli,4765434.0,4481302.0
229,mockSample,metaSPAdes,Escherichia coli,4765434.0,4481311.0
230,mockSample,metaSPAdes,Escherichia coli,4765434.0,4481326.0
231,mockSample,metaSPAdes,Escherichia coli,4765434.0,4481332.0
232,mockSample,metaSPAdes,Escherichia coli,4765434.0,4481333.0
233,mockSample,metaSPAdes,Escherichia coli,4765434.0,4481335.0
234,mockSample,metaSPAdes,Escherichia coli,4765434.0,4481341.0
235,mockSample,metaSPAdes,Escherichia coli,4765434.0,4481347.0
236,mockSample,metaSPAdes,Escherichia coli,4765434.0,4481348.0
237,mockSample,metaSPAdes,Escherichia coli,4765434.0,4481349.0
238,mockSample,metaSPAdes,Escherichia coli,4765434.0,4481350.0
239,mockSample,metaSPAdes,Escherichia coli,4765434.0,4481353.0
240,mockSample,metaSPAdes,Escherichia coli,4765434.0,4481356.0
241,mockSample,metaSPAdes,Escherichia coli,4765434.0,4481359.0
242,mockSample,metaSPAdes,Escherichia coli,4765434.0,4481360.0
243,mockSample,metaSPAdes,Escherichia coli,4765434.0,4481361.0
244,mockSample,metaSPAdes,Escherichia coli,4765434.0,4481362.0
245,mockSample,metaSPAdes,Escherichia coli,4765434.0,4481368.0
246,mockSample,metaSPAdes,Escherichia coli,4765434.0,4481371.0
247,mockSample,metaSPAdes,Escherichia coli,4765434.0,4481375.0
248,mockSample,metaSPAdes,Escherichia coli,4765434.0,4481380.0
249,mockSample,metaSPAdes,Escherichia coli,4765434.0,4481389.0
250,mockSample,metaSPAdes,Escherichia coli,4765434.0,4481391.0
251,mockSample,metaSPAdes,Escherichia coli,4765434.0,4481404.0
252,mockSample,metaSPAdes,Escherichia coli,4765434.0,4481407.0
253,mockSample,metaSPAdes,Escherichia coli,4765434.0,4481422.0
254,mockSample,metaSPAdes,Escherichia coli,4765434.0,4481455.0
255,mockSample,metaSPAdes,Escherichia coli,4765434.0,4481467.0
256,mockSample,metaSPAdes,Escherichia coli,4765434.0,2655775
257,mockSample,metaSPAdes,Escherichia coli,4765434.0,2655785
258,mockSample,metaSPAdes,Escherichia coli,4765434.0,2655786
259,mockSample,metaSPAdes,Escherichia coli,4765434.0,2655788
260,mockSample,metaSPAdes,Escherichia coli,4765434.0,2655854
261,mockSample,metaSPAdes,Escherichia coli,4765434.0,3900696.0
262,mockSample,metaSPAdes,Escherichia coli,4765434.0,3900705.0
263,mockSample,metaSPAdes,Escherichia coli,4765434.0,3900732.0
264,mockSample,metaSPAdes,Escherichia coli,4765434.0,3900734.0
265,mockSample,metaSPAdes,Escherichia coli,4765434.0,3900744.0
266,mockSample,metaSPAdes,Escherichia coli,4765434.0,3900762.0
267,mockSample,metaSPAdes,Escherichia coli,4765434.0,3900774.0
268,mockSample,metaSPAdes,Escherichia coli,4765434.0,3900777.0
269,mockSample,metaSPAdes,Escherichia coli,4765434.0,3900796.0
270,mockSample,metaSPAdes,Escherichia coli,4765434.0,3900801.0
271,mockSample,metaSPAdes,Escherichia coli,4765434.0,3900825.0
272,mockSample,metaSPAdes,Escherichia coli,4765434.0,3900830.0
273,mockSample,metaSPAdes,Escherichia coli,4765434.0,3900846.0
274,mockSample,metaSPAdes,Escherichia coli,4765434.0,3900857.0
275,mockSample,metaSPAdes,Escherichia coli,4765434.0,3900858.0
276,mockSample,metaSPAdes,Escherichia coli,4765434.0,3900867.0
277,mockSample,metaSPAdes,Escherichia coli,4765434.0,3900870.0
278,mockSample,metaSPAdes,Escherichia coli,4765434.0,3900875.0
279,mockSample,metaSPAdes,Escherichia coli,4765434.0,4566751.0
280,mockSample,metaSPAdes,Escherichia coli,4765434.0,4566754.0
281,mockSample,metaSPAdes,Escherichia coli,4765434.0,4566757.0
282,mockSample,metaSPAdes,Escherichia coli,4765434.0,4566779.0
283,mockSample,metaSPAdes,Escherichia coli,4765434.0,4566782.0
284,mockSample,metaSPAdes,Escherichia coli,4765434.0,4566796.0
285,mockSample,metaSPAdes,Escherichia coli,4765434.0,4566825.0
286,mockSample,metaSPAdes,Escherichia coli,4765434.0,4566829.0
287,mockSample,metaSPAdes,Escherichia coli,4765434.0,4578346.0
288,mockSample,metaSPAdes,Escherichia coli,4765434.0,4578351.0
289,mockSample,metaSPAdes,Escherichia coli,4765434.0,4586592.0
290,mockSample,metaSPAdes,Escherichia coli,4765434.0,4586609.0
291,mockSample,metaSPAdes,Escherichia coli,4765434.0,4586630.0
292,mockSample,metaSPAdes,Escherichia coli,4765434.0,4586636.0
293,mockSample,metaSPAdes,Escherichia coli,4765434.0,4586645.0
294,mockSample,metaSPAdes,Escherichia coli,4765434.0,3085739
295,mockSample,metaSPAdes,Escherichia coli,4765434.0,3085754
296,mockSample,metaSPAdes,Escherichia coli,4765434.0,3085796
297,mockSample,metaSPAdes,Escherichia coli,4765434.0,3097046
298,mockSample,metaSPAdes,Escherichia coli,4765434.0,3097052
299,mockSample,metaSPAdes,Escherichia coli,4765434.0,3097064
300,mockSample,metaSPAdes,Escherichia coli,4765434.0,3097073
301,mockSample,metaSPAdes,Escherichia coli,4765434.0,3097076
302,mockSample,metaSPAdes,Escherichia coli,4765434.0,3097088
303,mockSample,metaSPAdes,Escherichia coli,4765434.0,3097127
304,mockSample,metaSPAdes,Escherichia coli,4765434.0,3097136
305,mockSample,metaSPAdes,Escherichia coli,4765434.0,3097139
306,mockSample,metaSPAdes,Escherichia coli,4765434.0,3097160
307,mockSample,metaSPAdes,Escherichia coli,4765434.0,3099241
308,mockSample,metaSPAdes,Escherichia coli,4765434.0,3099242
309,mockSample,metaSPAdes,Escherichia coli,4765434.0,3099245
310,mockSample,metaSPAdes,Escherichia coli,4765434.0,3099269
311,mockSample,metaSPAdes,Escherichia coli,4765434.0,3099287
312,mockSample,metaSPAdes,Escherichia coli,4765434.0,3099329
313,mockSample,metaSPAdes,Escherichia coli,4765434.0,3099575
314,mockSample,metaSPAdes,Escherichia coli,4765434.0,3099581
315,mockSample,metaSPAdes,Escherichia coli,4765434.0,3099590
316,mockSample,metaSPAdes,Escherichia coli,4765434.0,3099596
317,mockSample,metaSPAdes,Escherichia coli,4765434.0,3099604
318,mockSample,metaSPAdes,Escherichia coli,4765434.0,3099611
319,mockSample,metaSPAdes,Escherichia coli,4765434.0,3099644
320,mockSample,metaSPAdes,Escherichia coli,4765434.0,3099671
321,mockSample,metaSPAdes,Escherichia coli,4765434.0,3099701
322,mockSample,metaSPAdes,Escherichia coli,4765434.0,3099758
323,mockSample,metaSPAdes,Escherichia coli,4765434.0,3099800
324,mockSample,metaSPAdes,Escherichia coli,4765434.0,3099854
325,mockSample,metaSPAdes,Escherichia coli,4765434.0,3100427
326,mockSample,metaSPAdes,Escherichia coli,4765434.0,3100436
327,mockSample,metaSPAdes,Escherichia coli,4765434.0,3100439
328,mockSample,metaSPAdes,Escherichia coli,4765434.0,3100445
329,mockSample,metaSPAdes,Escherichia coli,4765434.0,3100478
330,mockSample,metaSPAdes,Escherichia coli,4765434.0,3100511
331,mockSample,metaSPAdes,Escherichia coli,4765434.0,3100514
332,mockSample,metaSPAdes,Escherichia coli,4765434.0,3100517
333,mockSample,metaSPAdes,Escherichia coli,4765434.0,3100562
334,mockSample,metaSPAdes,Escherichia coli,4765434.0,3100607
335,mockSample,metaSPAdes,Escherichia coli,4765434.0,3100610
336,mockSample,metaSPAdes,Escherichia coli,4765434.0,3103350
337,mockSample,metaSPAdes,Escherichia coli,4765434.0,3103368
338,mockSample,metaSPAdes,Escherichia coli,4765434.0,3103401
339,mockSample,metaSPAdes,Escherichia coli,4765434.0,3104337
340,mockSample,metaSPAdes,Escherichia coli,4765434.0,3104343
341,mockSample,metaSPAdes,Escherichia coli,4765434.0,3879338.0
342,mockSample,metaSPAdes,Escherichia coli,4765434.0,3879345.0
343,mockSample,metaSPAdes,Escherichia coli,4765434.0,3879346.0
344,mockSample,metaSPAdes,Escherichia coli,4765434.0,3879351.0
345,mockSample,metaSPAdes,Escherichia coli,4765434.0,3106757
346,mockSample,metaSPAdes,Escherichia coli,4765434.0,3106760
347,mockSample,metaSPAdes,Escherichia coli,4765434.0,3106772
348,mockSample,metaSPAdes,Escherichia coli,4765434.0,3106796
349,mockSample,metaSPAdes,Escherichia coli,4765434.0,3106802
350,mockSample,metaSPAdes,Escherichia coli,4765434.0,3106808
351,mockSample,metaSPAdes,Escherichia coli,4765434.0,3107312
352,mockSample,metaSPAdes,Escherichia coli,4765434.0,3108358
353,mockSample,metaSPAdes,Escherichia coli,4765434.0,3108446
354,mockSample,metaSPAdes,Escherichia coli,4765434.0,3108464
355,mockSample,metaSPAdes,Escherichia coli,4765434.0,3108467
356,mockSample,metaSPAdes,Escherichia coli,4765434.0,3108484
357,mockSample,metaSPAdes,Escherichia coli,4765434.0,3108485
358,mockSample,metaSPAdes,Escherichia coli,4765434.0,3108527
359,mockSample,metaSPAdes,Escherichia coli,4765434.0,3108529
360,mockSample,metaSPAdes,Escherichia coli,4765434.0,3108554
361,mockSample,metaSPAdes,Escherichia coli,4765434.0,3108572
362,mockSample,metaSPAdes,Listeria monocytogenes,2992342.0,2153421.0
363,mockSample,metaSPAdes,Listeria monocytogenes,2992342.0,2153422.0
364,mockSample,metaSPAdes,Listeria monocytogenes,2992342.0,2153433.0
365,mockSample,metaSPAdes,Listeria monocytogenes,2992342.0,2153435.0
366,mockSample,metaSPAdes,Listeria monocytogenes,2992342.0,2153470.0
367,mockSample,metaSPAdes,Listeria monocytogenes,2992342.0,2153479.0
368,mockSample,metaSPAdes,Listeria monocytogenes,2992342.0,2153623.0
369,mockSample,metaSPAdes,Listeria monocytogenes,2992342.0,2153626.0
370,mockSample,metaSPAdes,Listeria monocytogenes,2992342.0,2153676.0
371,mockSample,metaSPAdes,Listeria monocytogenes,2992342.0,2153684.0
372,mockSample,metaSPAdes,Listeria monocytogenes,2992342.0,2340112
373,mockSample,metaSPAdes,Listeria monocytogenes,2992342.0,2340115
374,mockSample,metaSPAdes,Listeria monocytogenes,2992342.0,2340141
375,mockSample,metaSPAdes,Listeria monocytogenes,2992342.0,2340152
376,mockSample,metaSPAdes,Listeria monocytogenes,2992342.0,2340157
377,mockSample,metaSPAdes,Listeria monocytogenes,2992342.0,2340160
378,mockSample,metaSPAdes,Listeria monocytogenes,2992342.0,2340166
379,mockSample,metaSPAdes,Listeria monocytogenes,2992342.0,2340168
380,mockSample,metaSPAdes,Listeria monocytogenes,2992342.0,1082990
381,mockSample,metaSPAdes,Listeria monocytogenes,2992342.0,1085232
382,mockSample,metaSPAdes,Listeria monocytogenes,2992342.0,1085240
383,mockSample,metaSPAdes,Listeria monocytogenes,2992342.0,1085251
384,mockSample,metaSPAdes,Listeria monocytogenes,2992342.0,1085312
385,mockSample,metaSPAdes,Listeria monocytogenes,2992342.0,1085318
386,mockSample,metaSPAdes,Listeria monocytogenes,2992342.0,1085333
387,mockSample,metaSPAdes,Listeria monocytogenes,2992342.0,1085336
388,mockSample,metaSPAdes,Listeria monocytogenes,2992342.0,1085339
389,mockSample,metaSPAdes,Listeria monocytogenes,2992342.0,1085345
390,mockSample,metaSPAdes,Listeria monocytogenes,2992342.0,1086857
391,mockSample,metaSPAdes,Listeria monocytogenes,2992342.0,1086868
392,mockSample,metaSPAdes,Listeria monocytogenes,2992342.0,1086901
393,mockSample,metaSPAdes,Listeria monocytogenes,2992342.0,2498152
394,mockSample,metaSPAdes,Listeria monocytogenes,2992342.0,2498155
395,mockSample,metaSPAdes,Listeria monocytogenes,2992342.0,2498164
396,mockSample,metaSPAdes,Listeria monocytogenes,2992342.0,2498201
397,mockSample,metaSPAdes,Listeria monocytogenes,2992342.0,2498204
398,mockSample,metaSPAdes,Listeria monocytogenes,2992342.0,2500389
399,mockSample,metaSPAdes,Listeria monocytogenes,2992342.0,1081823.0
400,mockSample,metaSPAdes,Listeria monocytogenes,2992342.0,1081832.0
401,mockSample,metaSPAdes,Listeria monocytogenes,2992342.0,1081834.0
402,mockSample,metaSPAdes,Listeria monocytogenes,2992342.0,1081844.0
403,mockSample,metaSPAdes,Listeria monocytogenes,2992342.0,1081915.0
404,mockSample,metaSPAdes,Listeria monocytogenes,2992342.0,1081934.0
405,mockSample,metaSPAdes,Listeria monocytogenes,2992342.0,1082124.0
406,mockSample,metaSPAdes,Listeria monocytogenes,2992342.0,1082133.0
407,mockSample,metaSPAdes,Listeria monocytogenes,2992342.0,1082239.0
408,mockSample,metaSPAdes,Listeria monocytogenes,2992342.0,1082262.0
409,mockSample,metaSPAdes,Listeria monocytogenes,2992342.0,1082286.0
410,mockSample,metaSPAdes,Listeria monocytogenes,2992342.0,1082325.0
411,mockSample,metaSPAdes,Listeria monocytogenes,2992342.0,1082609.0
412,mockSample,metaSPAdes,Listeria monocytogenes,2992342.0,2761547
413,mockSample,metaSPAdes,Listeria monocytogenes,2992342.0,2761605
414,mockSample,metaSPAdes,Pseudomonas aeruginosa,6792330.0,1896029.0
415,mockSample,metaSPAdes,Pseudomonas aeruginosa,6792330.0,1896031.0
416,mockSample,metaSPAdes,Pseudomonas aeruginosa,6792330.0,1896065.0
417,mockSample,metaSPAdes,Pseudomonas aeruginosa,6792330.0,1896067.0
418,mockSample,metaSPAdes,Pseudomonas aeruginosa,6792330.0,1896073.0
419,mockSample,metaSPAdes,Pseudomonas aeruginosa,6792330.0,1896079.0
420,mockSample,metaSPAdes,Pseudomonas aeruginosa,6792330.0,1896091.0
421,mockSample,metaSPAdes,Pseudomonas aeruginosa,6792330.0,1896094.0
422,mockSample,metaSPAdes,Pseudomonas aeruginosa,6792330.0,1896100.0
423,mockSample,metaSPAdes,Pseudomonas aeruginosa,6792330.0,1896106.0
424,mockSample,metaSPAdes,Pseudomonas aeruginosa,6792330.0,1896112.0
425,mockSample,metaSPAdes,Pseudomonas aeruginosa,6792330.0,1896139.0
426,mockSample,metaSPAdes,Pseudomonas aeruginosa,6792330.0,1896160.0
427,mockSample,metaSPAdes,Pseudomonas aeruginosa,6792330.0,5208473.0
428,mockSample,metaSPAdes,Pseudomonas aeruginosa,6792330.0,5208478.0
429,mockSample,metaSPAdes,Pseudomonas aeruginosa,6792330.0,5208480.0
430,mockSample,metaSPAdes,Pseudomonas aeruginosa,6792330.0,5396728.0
431,mockSample,metaSPAdes,Pseudomonas aeruginosa,6792330.0,5396742.0
432,mockSample,metaSPAdes,Pseudomonas aeruginosa,6792330.0,5396757.0
433,mockSample,metaSPAdes,Pseudomonas aeruginosa,6792330.0,5396760.0
434,mockSample,metaSPAdes,Pseudomonas aeruginosa,6792330.0,5396968.0
435,mockSample,metaSPAdes,Pseudomonas aeruginosa,6792330.0,5396982.0
436,mockSample,metaSPAdes,Pseudomonas aeruginosa,6792330.0,5396997.0
437,mockSample,metaSPAdes,Pseudomonas aeruginosa,6792330.0,5397000.0
438,mockSample,metaSPAdes,Pseudomonas aeruginosa,6792330.0,5397225.0
439,mockSample,metaSPAdes,Pseudomonas aeruginosa,6792330.0,5397237.0
440,mockSample,metaSPAdes,Pseudomonas aeruginosa,6792330.0,5397240.0
441,mockSample,metaSPAdes,Pseudomonas aeruginosa,6792330.0,5397243.0
442,mockSample,metaSPAdes,Pseudomonas aeruginosa,6792330.0,5397252.0
443,mockSample,metaSPAdes,Pseudomonas aeruginosa,6792330.0,5397264.0
444,mockSample,metaSPAdes,Pseudomonas aeruginosa,6792330.0,5397268.0
445,mockSample,metaSPAdes,Pseudomonas aeruginosa,6792330.0,5397269.0
446,mockSample,metaSPAdes,Pseudomonas aeruginosa,6792330.0,5397270.0
447,mockSample,metaSPAdes,Pseudomonas aeruginosa,6792330.0,5397276.0
448,mockSample,metaSPAdes,Pseudomonas aeruginosa,6792330.0,5397285.0
449,mockSample,metaSPAdes,Pseudomonas aeruginosa,6792330.0,5397286.0
450,mockSample,metaSPAdes,Pseudomonas aeruginosa,6792330.0,5397287.0
451,mockSample,metaSPAdes,Pseudomonas aeruginosa,6792330.0,5397321.0
452,mockSample,metaSPAdes,Pseudomonas aeruginosa,6792330.0,5397333.0
453,mockSample,metaSPAdes,Pseudomonas aeruginosa,6792330.0,5397342.0
454,mockSample,metaSPAdes,Pseudomonas aeruginosa,6792330.0,5397369.0
455,mockSample,metaSPAdes,Pseudomonas aeruginosa,6792330.0,5397393.0
456,mockSample,metaSPAdes,Pseudomonas aeruginosa,6792330.0,5397453.0
457,mockSample,metaSPAdes,Pseudomonas aeruginosa,6792330.0,5397487.0
458,mockSample,metaSPAdes,Pseudomonas aeruginosa,6792330.0,5397492.0
459,mockSample,metaSPAdes,Pseudomonas aeruginosa,6792330.0,5397531.0
460,mockSample,metaSPAdes,Pseudomonas aeruginosa,6792330.0,5397543.0
461,mockSample,metaSPAdes,Pseudomonas aeruginosa,6792330.0,5397581.0
462,mockSample,metaSPAdes,Pseudomonas aeruginosa,6792330.0,5397582.0
463,mockSample,metaSPAdes,Pseudomonas aeruginosa,6792330.0,5397597.0
464,mockSample,metaSPAdes,Pseudomonas aeruginosa,6792330.0,5397804.0
465,mockSample,metaSPAdes,Pseudomonas aeruginosa,6792330.0,5397825.0
466,mockSample,metaSPAdes,Pseudomonas aeruginosa,6792330.0,5397846.0
467,mockSample,metaSPAdes,Pseudomonas aeruginosa,6792330.0,5397858.0
468,mockSample,metaSPAdes,Pseudomonas aeruginosa,6792330.0,5397859.0
469,mockSample,metaSPAdes,Pseudomonas aeruginosa,6792330.0,5397860.0
470,mockSample,metaSPAdes,Pseudomonas aeruginosa,6792330.0,5397867.0
471,mockSample,metaSPAdes,Pseudomonas aeruginosa,6792330.0,5397873.0
472,mockSample,metaSPAdes,Pseudomonas aeruginosa,6792330.0,5397874.0
473,mockSample,metaSPAdes,Pseudomonas aeruginosa,6792330.0,5397885.0
474,mockSample,metaSPAdes,Pseudomonas aeruginosa,6792330.0,5397909.0
475,mockSample,metaSPAdes,Pseudomonas aeruginosa,6792330.0,5398017.0
476,mockSample,metaSPAdes,Pseudomonas aeruginosa,6792330.0,5398020.0
477,mockSample,metaSPAdes,Pseudomonas aeruginosa,6792330.0,5398023.0
478,mockSample,metaSPAdes,Pseudomonas aeruginosa,6792330.0,5398047.0
479,mockSample,metaSPAdes,Pseudomonas aeruginosa,6792330.0,5398062.0
480,mockSample,metaSPAdes,Pseudomonas aeruginosa,6792330.0,5398068.0
481,mockSample,metaSPAdes,Pseudomonas aeruginosa,6792330.0,5398083.0
482,mockSample,metaSPAdes,Pseudomonas aeruginosa,6792330.0,1094957
483,mockSample,metaSPAdes,Pseudomonas aeruginosa,6792330.0,4717729
484,mockSample,metaSPAdes,Pseudomonas aeruginosa,6792330.0,4717733
485,mockSample,metaSPAdes,Pseudomonas aeruginosa,6792330.0,4717734
486,mockSample,metaSPAdes,Pseudomonas aeruginosa,6792330.0,4717753
487,mockSample,metaSPAdes,Pseudomonas aeruginosa,6792330.0,4717773
488,mockSample,metaSPAdes,Pseudomonas aeruginosa,6792330.0,4717779
489,mockSample,metaSPAdes,Pseudomonas aeruginosa,6792330.0,4717795
490,mockSample,metaSPAdes,Pseudomonas aeruginosa,6792330.0,4717801
491,mockSample,metaSPAdes,Pseudomonas aeruginosa,6792330.0,6170786.0
492,mockSample,metaSPAdes,Pseudomonas aeruginosa,6792330.0,6170831.0
493,mockSample,metaSPAdes,Pseudomonas aeruginosa,6792330.0,6618797.0
494,mockSample,metaSPAdes,Pseudomonas aeruginosa,6792330.0,6618799.0
495,mockSample,metaSPAdes,Pseudomonas aeruginosa,6792330.0,6618811.0
496,mockSample,metaSPAdes,Pseudomonas aeruginosa,6792330.0,6618937.0
497,mockSample,metaSPAdes,Pseudomonas aeruginosa,6792330.0,6618939.0
498,mockSample,metaSPAdes,Pseudomonas aeruginosa,6792330.0,6618940.0
499,mockSample,metaSPAdes,Pseudomonas aeruginosa,6792330.0,6618964.0
500,mockSample,metaSPAdes,Pseudomonas aeruginosa,6792330.0,2291386
501,mockSample,metaSPAdes,Pseudomonas aeruginosa,6792330.0,2291437
502,mockSample,metaSPAdes,Pseudomonas aeruginosa,6792330.0,2829136.0
503,mockSample,metaSPAdes,Pseudomonas aeruginosa,6792330.0,2829157.0
504,mockSample,metaSPAdes,Pseudomonas aeruginosa,6792330.0,2829158.0
505,mockSample,metaSPAdes,Pseudomonas aeruginosa,6792330.0,2836513.0
506,mockSample,metaSPAdes,Pseudomonas aeruginosa,6792330.0,2836514.0
507,mockSample,metaSPAdes,Pseudomonas aeruginosa,6792330.0,2836572.0
508,mockSample,metaSPAdes,Pseudomonas aeruginosa,6792330.0,2836636.0
509,mockSample,metaSPAdes,Pseudomonas aeruginosa,6792330.0,2836811.0
510,mockSample,metaSPAdes,Pseudomonas aeruginosa,6792330.0,2290295.0
511,mockSample,metaSPAdes,Pseudomonas aeruginosa,6792330.0,3933035.0
512,mockSample,metaSPAdes,Pseudomonas aeruginosa,6792330.0,3933056.0
513,mockSample,metaSPAdes,Pseudomonas aeruginosa,6792330.0,3933065.0
514,mockSample,metaSPAdes,Pseudomonas aeruginosa,6792330.0,3933069.0
515,mockSample,metaSPAdes,Pseudomonas aeruginosa,6792330.0,3933074.0
516,mockSample,metaSPAdes,Pseudomonas aeruginosa,6792330.0,3933078.0
517,mockSample,metaSPAdes,Pseudomonas aeruginosa,6792330.0,3933081.0
518,mockSample,metaSPAdes,Pseudomonas aeruginosa,6792330.0,3933083.0
519,mockSample,metaSPAdes,Pseudomonas aeruginosa,6792330.0,3933086.0
520,mockSample,metaSPAdes,Pseudomonas aeruginosa,6792330.0,3933090.0
521,mockSample,metaSPAdes,Pseudomonas aeruginosa,6792330.0,3933091.0
522,mockSample,metaSPAdes,Pseudomonas aeruginosa,6792330.0,3933099.0
523,mockSample,metaSPAdes,Pseudomonas aeruginosa,6792330.0,3933120.0
524,mockSample,metaSPAdes,Pseudomonas aeruginosa,6792330.0,3933123.0
525,mockSample,metaSPAdes,Pseudomonas aeruginosa,6792330.0,3933124.0
526,mockSample,metaSPAdes,Pseudomonas aeruginosa,6792330.0,3933127.0
527,mockSample,metaSPAdes,Pseudomonas aeruginosa,6792330.0,3933128.0
528,mockSample,metaSPAdes,Pseudomonas aeruginosa,6792330.0,3933129.0
529,mockSample,metaSPAdes,Pseudomonas aeruginosa,6792330.0,3933131.0
530,mockSample,metaSPAdes,Pseudomonas aeruginosa,6792330.0,3933134.0
531,mockSample,metaSPAdes,Pseudomonas aeruginosa,6792330.0,3933140.0
532,mockSample,metaSPAdes,Pseudomonas aeruginosa,6792330.0,3933141.0
533,mockSample,metaSPAdes,Pseudomonas aeruginosa,6792330.0,3933147.0
534,mockSample,metaSPAdes,Pseudomonas aeruginosa,6792330.0,495227.0
535,mockSample,metaSPAdes,Pseudomonas aeruginosa,6792330.0,495244.0
536,mockSample,metaSPAdes,Pseudomonas aeruginosa,6792330.0,1892935.0
537,mockSample,metaSPAdes,Salmonella enterica,4759746.0,3419298.0
538,mockSample,metaSPAdes,Salmonella enterica,4759746.0,3419301.0
539,mockSample,metaSPAdes,Salmonella enterica,4759746.0,3419307.0
540,mockSample,metaSPAdes,Salmonella enterica,4759746.0,3430828.0
541,mockSample,metaSPAdes,Salmonella enterica,4759746.0,3430837.0
542,mockSample,metaSPAdes,Salmonella enterica,4759746.0,3433350.0
543,mockSample,metaSPAdes,Salmonella enterica,4759746.0,3433397.0
544,mockSample,metaSPAdes,Salmonella enterica,4759746.0,3433400.0
545,mockSample,metaSPAdes,Salmonella enterica,4759746.0,3433412.0
546,mockSample,metaSPAdes,Salmonella enterica,4759746.0,3433421.0
547,mockSample,metaSPAdes,Salmonella enterica,4759746.0,3433436.0
548,mockSample,metaSPAdes,Salmonella enterica,4759746.0,3433457.0
549,mockSample,metaSPAdes,Salmonella enterica,4759746.0,3495099.0
550,mockSample,metaSPAdes,Salmonella enterica,4759746.0,3495103.0
551,mockSample,metaSPAdes,Salmonella enterica,4759746.0,3532356.0
552,mockSample,metaSPAdes,Salmonella enterica,4759746.0,3532358.0
553,mockSample,metaSPAdes,Salmonella enterica,4759746.0,3532423.0
554,mockSample,metaSPAdes,Salmonella enterica,4759746.0,3532462.0
555,mockSample,metaSPAdes,Salmonella enterica,4759746.0,3532474.0
556,mockSample,metaSPAdes,Salmonella enterica,4759746.0,3532555.0
557,mockSample,metaSPAdes,Salmonella enterica,4759746.0,3532556.0
558,mockSample,metaSPAdes,Salmonella enterica,4759746.0,3532559.0
559,mockSample,metaSPAdes,Salmonella enterica,4759746.0,3532564.0
560,mockSample,metaSPAdes,Salmonella enterica,4759746.0,3532617.0
561,mockSample,metaSPAdes,Salmonella enterica,4759746.0,3532621.0
562,mockSample,metaSPAdes,Salmonella enterica,4759746.0,3532628.0
563,mockSample,metaSPAdes,Salmonella enterica,4759746.0,3532629.0
564,mockSample,metaSPAdes,Salmonella enterica,4759746.0,3532630.0
565,mockSample,metaSPAdes,Salmonella enterica,4759746.0,3533095.0
566,mockSample,metaSPAdes,Salmonella enterica,4759746.0,3533120.0
567,mockSample,metaSPAdes,Salmonella enterica,4759746.0,3533140.0
568,mockSample,metaSPAdes,Salmonella enterica,4759746.0,3533201.0
569,mockSample,metaSPAdes,Salmonella enterica,4759746.0,3533206.0
570,mockSample,metaSPAdes,Salmonella enterica,4759746.0,3533207.0
571,mockSample,metaSPAdes,Salmonella enterica,4759746.0,3533213.0
572,mockSample,metaSPAdes,Salmonella enterica,4759746.0,3533214.0
573,mockSample,metaSPAdes,Salmonella enterica,4759746.0,3533221.0
574,mockSample,metaSPAdes,Salmonella enterica,4759746.0,3533222.0
575,mockSample,metaSPAdes,Salmonella enterica,4759746.0,3533284.0
576,mockSample,metaSPAdes,Salmonella enterica,4759746.0,3533323.0
577,mockSample,metaSPAdes,Salmonella enterica,4759746.0,3533339.0
578,mockSample,metaSPAdes,Salmonella enterica,4759746.0,3533345.0
579,mockSample,metaSPAdes,Salmonella enterica,4759746.0,3550813.0
580,mockSample,metaSPAdes,Salmonella enterica,4759746.0,3550831.0
581,mockSample,metaSPAdes,Salmonella enterica,4759746.0,3550858.0
582,mockSample,metaSPAdes,Salmonella enterica,4759746.0,3550861.0
583,mockSample,metaSPAdes,Salmonella enterica,4759746.0,3550870.0
584,mockSample,metaSPAdes,Salmonella enterica,4759746.0,4058091.0
585,mockSample,metaSPAdes,Salmonella enterica,4759746.0,4058092.0
586,mockSample,metaSPAdes,Salmonella enterica,4759746.0,4058093.0
587,mockSample,metaSPAdes,Salmonella enterica,4759746.0,4058097.0
588,mockSample,metaSPAdes,Salmonella enterica,4759746.0,4058100.0
589,mockSample,metaSPAdes,Salmonella enterica,4759746.0,4058101.0
590,mockSample,metaSPAdes,Salmonella enterica,4759746.0,4058102.0
591,mockSample,metaSPAdes,Salmonella enterica,4759746.0,4058103.0
592,mockSample,metaSPAdes,Salmonella enterica,4759746.0,4058106.0
593,mockSample,metaSPAdes,Salmonella enterica,4759746.0,4058107.0
594,mockSample,metaSPAdes,Salmonella enterica,4759746.0,4058108.0
595,mockSample,metaSPAdes,Salmonella enterica,4759746.0,4058117.0
596,mockSample,metaSPAdes,Salmonella enterica,4759746.0,4058122.0
597,mockSample,metaSPAdes,Salmonella enterica,4759746.0,4058414.0
598,mockSample,metaSPAdes,Salmonella enterica,4759746.0,4058416.0
599,mockSample,metaSPAdes,Salmonella enterica,4759746.0,4058417.0
600,mockSample,metaSPAdes,Salmonella enterica,4759746.0,4058418.0
601,mockSample,metaSPAdes,Salmonella enterica,4759746.0,4058431.0
602,mockSample,metaSPAdes,Salmonella enterica,4759746.0,4058432.0
603,mockSample,metaSPAdes,Salmonella enterica,4759746.0,4058444.0
604,mockSample,metaSPAdes,Salmonella enterica,4759746.0,4058524.0
605,mockSample,metaSPAdes,Salmonella enterica,4759746.0,4058526.0
606,mockSample,metaSPAdes,Salmonella enterica,4759746.0,4058527.0
607,mockSample,metaSPAdes,Salmonella enterica,4759746.0,4058528.0
608,mockSample,metaSPAdes,Salmonella enterica,4759746.0,4058541.0
609,mockSample,metaSPAdes,Salmonella enterica,4759746.0,4058542.0
610,mockSample,metaSPAdes,Salmonella enterica,4759746.0,4058554.0
611,mockSample,metaSPAdes,Salmonella enterica,4759746.0,4111858.0
612,mockSample,metaSPAdes,Salmonella enterica,4759746.0,4111859.0
613,mockSample,metaSPAdes,Salmonella enterica,4759746.0,4111876.0
614,mockSample,metaSPAdes,Salmonella enterica,4759746.0,4111966.0
615,mockSample,metaSPAdes,Salmonella enterica,4759746.0,4111980.0
616,mockSample,metaSPAdes,Salmonella enterica,4759746.0,4111982.0
617,mockSample,metaSPAdes,Salmonella enterica,4759746.0,4112004.0
618,mockSample,metaSPAdes,Salmonella enterica,4759746.0,4112007.0
619,mockSample,metaSPAdes,Salmonella enterica,4759746.0,4112010.0
620,mockSample,metaSPAdes,Salmonella enterica,4759746.0,4112022.0
621,mockSample,metaSPAdes,Salmonella enterica,4759746.0,4112031.0
622,mockSample,metaSPAdes,Salmonella enterica,4759746.0,4112034.0
623,mockSample,metaSPAdes,Salmonella enterica,4759746.0,4112037.0
624,mockSample,metaSPAdes,Salmonella enterica,4759746.0,4112046.0
625,mockSample,metaSPAdes,Salmonella enterica,4759746.0,4112064.0
626,mockSample,metaSPAdes,Salmonella enterica,4759746.0,4112070.0
627,mockSample,metaSPAdes,Salmonella enterica,4759746.0,4112073.0
628,mockSample,metaSPAdes,Salmonella enterica,4759746.0,4112076.0
629,mockSample,metaSPAdes,Salmonella enterica,4759746.0,4112079.0
630,mockSample,metaSPAdes,Salmonella enterica,4759746.0,4112085.0
631,mockSample,metaSPAdes,Salmonella enterica,4759746.0,4117014.0
632,mockSample,metaSPAdes,Salmonella enterica,4759746.0,4117023.0
633,mockSample,metaSPAdes,Salmonella enterica,4759746.0,4117026.0
634,mockSample,metaSPAdes,Salmonella enterica,4759746.0,4117068.0
635,mockSample,metaSPAdes,Salmonella enterica,4759746.0,4117077.0
636,mockSample,metaSPAdes,Salmonella enterica,4759746.0,4126049.0
637,mockSample,metaSPAdes,Salmonella enterica,4759746.0,4126050.0
638,mockSample,metaSPAdes,Salmonella enterica,4759746.0,4126058.0
639,mockSample,metaSPAdes,Salmonella enterica,4759746.0,4126061.0
640,mockSample,metaSPAdes,Salmonella enterica,4759746.0,4126062.0
641,mockSample,metaSPAdes,Salmonella enterica,4759746.0,4126064.0
642,mockSample,metaSPAdes,Salmonella enterica,4759746.0,4126088.0
643,mockSample,metaSPAdes,Salmonella enterica,4759746.0,4126090.0
644,mockSample,metaSPAdes,Salmonella enterica,4759746.0,4126103.0
645,mockSample,metaSPAdes,Salmonella enterica,4759746.0,4126112.0
646,mockSample,metaSPAdes,Salmonella enterica,4759746.0,4126114.0
647,mockSample,metaSPAdes,Salmonella enterica,4759746.0,4126118.0
648,mockSample,metaSPAdes,Salmonella enterica,4759746.0,4126134.0
649,mockSample,metaSPAdes,Salmonella enterica,4759746.0,4126148.0
650,mockSample,metaSPAdes,Salmonella enterica,4759746.0,4126151.0
651,mockSample,metaSPAdes,Salmonella enterica,4759746.0,4126159.0
652,mockSample,metaSPAdes,Salmonella enterica,4759746.0,4126163.0
653,mockSample,metaSPAdes,Salmonella enterica,4759746.0,4126207.0
654,mockSample,metaSPAdes,Salmonella enterica,4759746.0,583576.0
655,mockSample,metaSPAdes,Salmonella enterica,4759746.0,583656.0
656,mockSample,metaSPAdes,Salmonella enterica,4759746.0,583659.0
657,mockSample,metaSPAdes,Salmonella enterica,4759746.0,583660.0
658,mockSample,metaSPAdes,Salmonella enterica,4759746.0,583661.0
659,mockSample,metaSPAdes,Salmonella enterica,4759746.0,583664.0
660,mockSample,metaSPAdes,Salmonella enterica,4759746.0,583684.0
661,mockSample,metaSPAdes,Salmonella enterica,4759746.0,583690.0
662,mockSample,metaSPAdes,Salmonella enterica,4759746.0,596129.0
663,mockSample,metaSPAdes,Salmonella enterica,4759746.0,694097.0
664,mockSample,metaSPAdes,Salmonella enterica,4759746.0,1168209.0
665,mockSample,metaSPAdes,Salmonella enterica,4759746.0,1168239.0
666,mockSample,metaSPAdes,Salmonella enterica,4759746.0,1168242.0
667,mockSample,metaSPAdes,Salmonella enterica,4759746.0,1168266.0
668,mockSample,metaSPAdes,Salmonella enterica,4759746.0,1200936.0
669,mockSample,metaSPAdes,Salmonella enterica,4759746.0,1200966.0
670,mockSample,metaSPAdes,Salmonella enterica,4759746.0,1200981.0
671,mockSample,metaSPAdes,Salmonella enterica,4759746.0,3017781.0
672,mockSample,metaSPAdes,Salmonella enterica,4759746.0,3030182.0
673,mockSample,metaSPAdes,Salmonella enterica,4759746.0,3030311.0
674,mockSample,metaSPAdes,Salmonella enterica,4759746.0,3030437.0
675,mockSample,metaSPAdes,Salmonella enterica,4759746.0,3030443.0
676,mockSample,metaSPAdes,Salmonella enterica,4759746.0,3030527.0
677,mockSample,metaSPAdes,Salmonella enterica,4759746.0,3030554.0
678,mockSample,metaSPAdes,Salmonella enterica,4759746.0,3030578.0
679,mockSample,metaSPAdes,Salmonella enterica,4759746.0,3030734.0
680,mockSample,metaSPAdes,Salmonella enterica,4759746.0,3030746.0
681,mockSample,metaSPAdes,Salmonella enterica,4759746.0,3030809.0
682,mockSample,metaSPAdes,Salmonella enterica,4759746.0,3030854.0
683,mockSample,metaSPAdes,Salmonella enterica,4759746.0,3030866.0
684,mockSample,metaSPAdes,Salmonella enterica,4759746.0,3030875.0
685,mockSample,metaSPAdes,Salmonella enterica,4759746.0,3030932.0
686,mockSample,metaSPAdes,Salmonella enterica,4759746.0,3030971.0
687,mockSample,metaSPAdes,Salmonella enterica,4759746.0,3030974.0
688,mockSample,metaSPAdes,Salmonella enterica,4759746.0,3030989.0
689,mockSample,metaSPAdes,Salmonella enterica,4759746.0,3031021.0
690,mockSample,metaSPAdes,Salmonella enterica,4759746.0,3031022.0
691,mockSample,metaSPAdes,Salmonella enterica,4759746.0,3031028.0
692,mockSample,metaSPAdes,Salmonella enterica,4759746.0,3031034.0
693,mockSample,metaSPAdes,Salmonella enterica,4759746.0,3031037.0
694,mockSample,metaSPAdes,Salmonella enterica,4759746.0,3047459.0
695,mockSample,metaSPAdes,Salmonella enterica,4759746.0,3047471.0
696,mockSample,metaSPAdes,Salmonella enterica,4759746.0,3047507.0
697,mockSample,metaSPAdes,Salmonella enterica,4759746.0,3047535.0
698,mockSample,metaSPAdes,Salmonella enterica,4759746.0,3051708.0
699,mockSample,metaSPAdes,Salmonella enterica,4759746.0,3051735.0
700,mockSample,metaSPAdes,Salmonella enterica,4759746.0,3052149.0
701,mockSample,metaSPAdes,Salmonella enterica,4759746.0,3052170.0
702,mockSample,metaSPAdes,Salmonella enterica,4759746.0,3052176.0
703,mockSample,metaSPAdes,Salmonella enterica,4759746.0,3052197.0
704,mockSample,metaSPAdes,Salmonella enterica,4759746.0,3052213.0
705,mockSample,metaSPAdes,Salmonella enterica,4759746.0,3052836.0
706,mockSample,metaSPAdes,Salmonella enterica,4759746.0,3052854.0
707,mockSample,metaSPAdes,Salmonella enterica,4759746.0,3082549.0
708,mockSample,metaSPAdes,Salmonella enterica,4759746.0,3082555.0
709,mockSample,metaSPAdes,Salmonella enterica,4759746.0,3118518.0
710,mockSample,metaSPAdes,Salmonella enterica,4759746.0,3118521.0
711,mockSample,metaSPAdes,Salmonella enterica,4759746.0,3118530.0
712,mockSample,metaSPAdes,Salmonella enterica,4759746.0,3118542.0
713,mockSample,metaSPAdes,Salmonella enterica,4759746.0,3118548.0
714,mockSample,metaSPAdes,Salmonella enterica,4759746.0,3118566.0
715,mockSample,metaSPAdes,Salmonella enterica,4759746.0,3118572.0
716,mockSample,metaSPAdes,Salmonella enterica,4759746.0,3148975.0
717,mockSample,metaSPAdes,Salmonella enterica,4759746.0,485521
718,mockSample,metaSPAdes,Salmonella enterica,4759746.0,485530
719,mockSample,metaSPAdes,Salmonella enterica,4759746.0,508884
720,mockSample,metaSPAdes,Salmonella enterica,4759746.0,1354952
721,mockSample,metaSPAdes,Salmonella enterica,4759746.0,1354957
722,mockSample,metaSPAdes,Salmonella enterica,4759746.0,1354982
723,mockSample,metaSPAdes,Salmonella enterica,4759746.0,1354994
724,mockSample,metaSPAdes,Salmonella enterica,4759746.0,1355017
725,mockSample,metaSPAdes,Salmonella enterica,4759746.0,1355103
726,mockSample,metaSPAdes,Salmonella enterica,4759746.0,1355106
727,mockSample,metaSPAdes,Salmonella enterica,4759746.0,1355127
728,mockSample,metaSPAdes,Salmonella enterica,4759746.0,1355145
729,mockSample,metaSPAdes,Salmonella enterica,4759746.0,1355769
730,mockSample,metaSPAdes,Salmonella enterica,4759746.0,1355776
731,mockSample,metaSPAdes,Salmonella enterica,4759746.0,1355793
732,mockSample,metaSPAdes,Salmonella enterica,4759746.0,1390368
733,mockSample,metaSPAdes,Salmonella enterica,4759746.0,1390386
734,mockSample,metaSPAdes,Salmonella enterica,4759746.0,1390392
735,mockSample,metaSPAdes,Salmonella enterica,4759746.0,1390539
736,mockSample,metaSPAdes,Salmonella enterica,4759746.0,1574985.0
737,mockSample,metaSPAdes,Salmonella enterica,4759746.0,1575003.0
738,mockSample,metaSPAdes,Salmonella enterica,4759746.0,1575045.0
739,mockSample,metaSPAdes,Salmonella enterica,4759746.0,1575051.0
740,mockSample,metaSPAdes,Salmonella enterica,4759746.0,1575063.0
741,mockSample,metaSPAdes,Salmonella enterica,4759746.0,1616392.0
742,mockSample,metaSPAdes,Salmonella enterica,4759746.0,1616395.0
743,mockSample,metaSPAdes,Salmonella enterica,4759746.0,1616396.0
744,mockSample,metaSPAdes,Salmonella enterica,4759746.0,1616451.0
745,mockSample,metaSPAdes,Salmonella enterica,4759746.0,1616458.0
746,mockSample,metaSPAdes,Salmonella enterica,4759746.0,1616460.0
747,mockSample,metaSPAdes,Salmonella enterica,4759746.0,1616461.0
748,mockSample,metaSPAdes,Salmonella enterica,4759746.0,1616467.0
749,mockSample,metaSPAdes,Salmonella enterica,4759746.0,1616525.0
750,mockSample,metaSPAdes,Salmonella enterica,4759746.0,1616526.0
751,mockSample,metaSPAdes,Salmonella enterica,4759746.0,1616545.0
752,mockSample,metaSPAdes,Salmonella enterica,4759746.0,1616546.0
753,mockSample,metaSPAdes,Salmonella enterica,4759746.0,1616547.0
754,mockSample,metaSPAdes,Salmonella enterica,4759746.0,1616549.0
755,mockSample,metaSPAdes,Salmonella enterica,4759746.0,1616550.0
756,mockSample,metaSPAdes,Salmonella enterica,4759746.0,1616552.0
757,mockSample,metaSPAdes,Salmonella enterica,4759746.0,1616554.0
758,mockSample,metaSPAdes,Salmonella enterica,4759746.0,1616557.0
759,mockSample,metaSPAdes,Salmonella enterica,4759746.0,1616561.0
760,mockSample,metaSPAdes,Salmonella enterica,4759746.0,1616563.0
761,mockSample,metaSPAdes,Salmonella enterica,4759746.0,1616564.0
762,mockSample,metaSPAdes,Salmonella enterica,4759746.0,1616570.0
763,mockSample,metaSPAdes,Salmonella enterica,4759746.0,1616571.0
764,mockSample,metaSPAdes,Salmonella enterica,4759746.0,1616573.0
765,mockSample,metaSPAdes,Salmonella enterica,4759746.0,1616597.0
766,mockSample,metaSPAdes,Salmonella enterica,4759746.0,4401294
767,mockSample,metaSPAdes,Salmonella enterica,4759746.0,4401372
768,mockSample,metaSPAdes,Salmonella enterica,4759746.0,4401385
769,mockSample,metaSPAdes,Salmonella enterica,4759746.0,4401496
770,mockSample,metaSPAdes,Salmonella enterica,4759746.0,4445146
771,mockSample,metaSPAdes,Salmonella enterica,4759746.0,2363546
772,mockSample,metaSPAdes,Salmonella enterica,4759746.0,2363547
773,mockSample,metaSPAdes,Salmonella enterica,4759746.0,2363548
774,mockSample,metaSPAdes,Salmonella enterica,4759746.0,2363588
775,mockSample,metaSPAdes,Salmonella enterica,4759746.0,4535210
776,mockSample,metaSPAdes,Salmonella enterica,4759746.0,4535219
777,mockSample,metaSPAdes,Salmonella enterica,4759746.0,4535222
778,mockSample,metaSPAdes,Salmonella enterica,4759746.0,4535227
779,mockSample,metaSPAdes,Salmonella enterica,4759746.0,4535238
780,mockSample,metaSPAdes,Salmonella enterica,4759746.0,4535239
781,mockSample,metaSPAdes,Salmonella enterica,4759746.0,4535240
782,mockSample,metaSPAdes,Salmonella enterica,4759746.0,4535243
783,mockSample,metaSPAdes,Salmonella enterica,4759746.0,4535249
784,mockSample,metaSPAdes,Salmonella enterica,4759746.0,4535250
785,mockSample,metaSPAdes,Salmonella enterica,4759746.0,4535258
786,mockSample,metaSPAdes,Salmonella enterica,4759746.0,4535261
787,mockSample,metaSPAdes,Salmonella enterica,4759746.0,4535276
788,mockSample,metaSPAdes,Salmonella enterica,4759746.0,4535285
789,mockSample,metaSPAdes,Salmonella enterica,4759746.0,4535294
790,mockSample,metaSPAdes,Salmonella enterica,4759746.0,4535295
791,mockSample,metaSPAdes,Salmonella enterica,4759746.0,4535315
792,mockSample,metaSPAdes,Salmonella enterica,4759746.0,4535321
793,mockSample,metaSPAdes,Salmonella enterica,4759746.0,4535327
794,mockSample,metaSPAdes,Salmonella enterica,4759746.0,4535333
795,mockSample,metaSPAdes,Salmonella enterica,4759746.0,4535363
796,mockSample,metaSPAdes,Salmonella enterica,4759746.0,4535375
797,mockSample,metaSPAdes,Salmonella enterica,4759746.0,4535387
798,mockSample,metaSPAdes,Salmonella enterica,4759746.0,4535402
799,mockSample,metaSPAdes,Salmonella enterica,4759746.0,4535405
800,mockSample,metaSPAdes,Salmonella enterica,4759746.0,4535407
801,mockSample,metaSPAdes,Salmonella enterica,4759746.0,4535480
802,mockSample,metaSPAdes,Salmonella enterica,4759746.0,4535498
803,mockSample,metaSPAdes,Salmonella enterica,4759746.0,4535510
804,mockSample,metaSPAdes,Salmonella enterica,4759746.0,4535566
805,mockSample,metaSPAdes,Salmonella enterica,4759746.0,4535570
806,mockSample,metaSPAdes,Salmonella enterica,4759746.0,4535571
807,mockSample,metaSPAdes,Salmonella enterica,4759746.0,4535578
808,mockSample,metaSPAdes,Salmonella enterica,4759746.0,4535579
809,mockSample,metaSPAdes,Salmonella enterica,4759746.0,4535581
810,mockSample,metaSPAdes,Salmonella enterica,4759746.0,4535582
811,mockSample,metaSPAdes,Salmonella enterica,4759746.0,4535583
812,mockSample,metaSPAdes,Salmonella enterica,4759746.0,4535585
813,mockSample,metaSPAdes,Salmonella enterica,4759746.0,4539951
814,mockSample,metaSPAdes,Salmonella enterica,4759746.0,4539987
815,mockSample,metaSPAdes,Salmonella enterica,4759746.0,4540203
816,mockSample,metaSPAdes,Salmonella enterica,4759746.0,4540384
817,mockSample,metaSPAdes,Salmonella enterica,4759746.0,1084312
818,mockSample,metaSPAdes,Salmonella enterica,4759746.0,1084313
819,mockSample,metaSPAdes,Salmonella enterica,4759746.0,1084314
820,mockSample,metaSPAdes,Salmonella enterica,4759746.0,1084344
821,mockSample,metaSPAdes,Salmonella enterica,4759746.0,1084354
822,mockSample,metaSPAdes,Salmonella enterica,4759746.0,1084376
823,mockSample,metaSPAdes,Salmonella enterica,4759746.0,1084377
824,mockSample,metaSPAdes,Salmonella enterica,4759746.0,1084392
825,mockSample,metaSPAdes,Salmonella enterica,4759746.0,1084395
826,mockSample,metaSPAdes,Salmonella enterica,4759746.0,1084396
827,mockSample,metaSPAdes,Salmonella enterica,4759746.0,1084398
828,mockSample,metaSPAdes,Salmonella enterica,4759746.0,1084399
829,mockSample,metaSPAdes,Salmonella enterica,4759746.0,1084400
830,mockSample,metaSPAdes,Salmonella enterica,4759746.0,1084409
831,mockSample,metaSPAdes,Salmonella enterica,4759746.0,1084413
832,mockSample,metaSPAdes,Salmonella enterica,4759746.0,1084416
833,mockSample,metaSPAdes,Salmonella enterica,4759746.0,1084417
834,mockSample,metaSPAdes,Salmonella enterica,4759746.0,1084419
835,mockSample,metaSPAdes,Salmonella enterica,4759746.0,1084421
836,mockSample,metaSPAdes,Salmonella enterica,4759746.0,1084422
837,mockSample,metaSPAdes,Salmonella enterica,4759746.0,1084424
838,mockSample,metaSPAdes,Salmonella enterica,4759746.0,1084426
839,mockSample,metaSPAdes,Salmonella enterica,4759746.0,1084428
840,mockSample,metaSPAdes,Salmonella enterica,4759746.0,1084429
841,mockSample,metaSPAdes,Salmonella enterica,4759746.0,1084432
842,mockSample,metaSPAdes,Salmonella enterica,4759746.0,1084441
843,mockSample,metaSPAdes,Salmonella enterica,4759746.0,1084442
844,mockSample,metaSPAdes,Salmonella enterica,4759746.0,1084443
845,mockSample,metaSPAdes,Salmonella enterica,4759746.0,1084445
846,mockSample,metaSPAdes,Salmonella enterica,4759746.0,1084446
847,mockSample,metaSPAdes,Salmonella enterica,4759746.0,1084448
848,mockSample,metaSPAdes,Salmonella enterica,4759746.0,1084449
849,mockSample,metaSPAdes,Salmonella enterica,4759746.0,1084451
850,mockSample,metaSPAdes,Salmonella enterica,4759746.0,1084476
851,mockSample,metaSPAdes,Salmonella enterica,4759746.0,1084479
852,mockSample,metaSPAdes,Salmonella enterica,4759746.0,1084708
853,mockSample,metaSPAdes,Salmonella enterica,4759746.0,1084714
854,mockSample,metaSPAdes,Salmonella enterica,4759746.0,1084717
855,mockSample,metaSPAdes,Salmonella enterica,4759746.0,1084720
856,mockSample,metaSPAdes,Salmonella enterica,4759746.0,1084735
857,mockSample,metaSPAdes,Salmonella enterica,4759746.0,1084741
858,mockSample,metaSPAdes,Salmonella enterica,4759746.0,1084768
859,mockSample,metaSPAdes,Salmonella enterica,4759746.0,1084800
860,mockSample,metaSPAdes,Salmonella enterica,4759746.0,1084882
861,mockSample,metaSPAdes,Salmonella enterica,4759746.0,1084888
862,mockSample,metaSPAdes,Salmonella enterica,4759746.0,1084894
863,mockSample,metaSPAdes,Salmonella enterica,4759746.0,1084912
864,mockSample,metaSPAdes,Salmonella enterica,4759746.0,1084943
865,mockSample,metaSPAdes,Salmonella enterica,4759746.0,1084993
866,mockSample,metaSPAdes,Salmonella enterica,4759746.0,1084996
867,mockSample,metaSPAdes,Salmonella enterica,4759746.0,1084999
868,mockSample,metaSPAdes,Salmonella enterica,4759746.0,1085006
869,mockSample,metaSPAdes,Salmonella enterica,4759746.0,1085014
870,mockSample,metaSPAdes,Salmonella enterica,4759746.0,1085017
871,mockSample,metaSPAdes,Salmonella enterica,4759746.0,1086220
872,mockSample,metaSPAdes,Salmonella enterica,4759746.0,1086277
873,mockSample,metaSPAdes,Salmonella enterica,4759746.0,1086283
874,mockSample,metaSPAdes,Salmonella enterica,4759746.0,1086322
875,mockSample,metaSPAdes,Salmonella enterica,4759746.0,1086328
876,mockSample,metaSPAdes,Salmonella enterica,4759746.0,1086358
877,mockSample,metaSPAdes,Salmonella enterica,4759746.0,1086364
878,mockSample,metaSPAdes,Salmonella enterica,4759746.0,2786513.0
879,mockSample,metaSPAdes,Salmonella enterica,4759746.0,2786561.0
880,mockSample,metaSPAdes,Salmonella enterica,4759746.0,2786563.0
881,mockSample,metaSPAdes,Salmonella enterica,4759746.0,2786564.0
882,mockSample,metaSPAdes,Salmonella enterica,4759746.0,2786578.0
883,mockSample,metaSPAdes,Salmonella enterica,4759746.0,2786598.0
884,mockSample,metaSPAdes,Salmonella enterica,4759746.0,2787212.0
885,mockSample,metaSPAdes,Salmonella enterica,4759746.0,2787218.0
886,mockSample,metaSPAdes,Salmonella enterica,4759746.0,2787245.0
887,mockSample,metaSPAdes,Salmonella enterica,4759746.0,2787251.0
888,mockSample,metaSPAdes,Salmonella enterica,4759746.0,2787267.0
889,mockSample,metaSPAdes,Salmonella enterica,4759746.0,2787536.0
890,mockSample,metaSPAdes,Salmonella enterica,4759746.0,2787579.0
891,mockSample,metaSPAdes,Salmonella enterica,4759746.0,2787581.0
892,mockSample,metaSPAdes,Salmonella enterica,4759746.0,2787582.0
893,mockSample,metaSPAdes,Salmonella enterica,4759746.0,2787583.0
894,mockSample,metaSPAdes,Salmonella enterica,4759746.0,2791540.0
895,mockSample,metaSPAdes,Salmonella enterica,4759746.0,2791570.0
896,mockSample,metaSPAdes,Salmonella enterica,4759746.0,2791576.0
897,mockSample,metaSPAdes,Salmonella enterica,4759746.0,2791582.0
898,mockSample,metaSPAdes,Salmonella enterica,4759746.0,2791597.0
899,mockSample,metaSPAdes,Salmonella enterica,4759746.0,2791598.0
900,mockSample,metaSPAdes,Salmonella enterica,4759746.0,2791612.0
901,mockSample,metaSPAdes,Salmonella enterica,4759746.0,2791615.0
902,mockSample,metaSPAdes,Salmonella enterica,4759746.0,2791624.0
903,mockSample,metaSPAdes,Salmonella enterica,4759746.0,2791674.0
904,mockSample,metaSPAdes,Salmonella enterica,4759746.0,2791682.0
905,mockSample,metaSPAdes,Salmonella enterica,4759746.0,2791692.0
906,mockSample,metaSPAdes,Salmonella enterica,4759746.0,2791695.0
907,mockSample,metaSPAdes,Salmonella enterica,4759746.0,2791697.0
908,mockSample,metaSPAdes,Salmonella enterica,4759746.0,2792121.0
909,mockSample,metaSPAdes,Salmonella enterica,4759746.0,2792150.0
910,mockSample,metaSPAdes,Salmonella enterica,4759746.0,2792156.0
911,mockSample,metaSPAdes,Salmonella enterica,4759746.0,2792198.0
912,mockSample,metaSPAdes,Salmonella enterica,4759746.0,2792204.0
913,mockSample,metaSPAdes,Salmonella enterica,4759746.0,2792270.0
914,mockSample,metaSPAdes,Salmonella enterica,4759746.0,2792279.0
915,mockSample,metaSPAdes,Salmonella enterica,4759746.0,2792288.0
916,mockSample,metaSPAdes,Salmonella enterica,4759746.0,2792321.0
917,mockSample,metaSPAdes,Salmonella enterica,4759746.0,2792325.0
918,mockSample,metaSPAdes,Salmonella enterica,4759746.0,2792326.0
919,mockSample,metaSPAdes,Salmonella enterica,4759746.0,2792327.0
920,mockSample,metaSPAdes,Salmonella enterica,4759746.0,2792333.0
921,mockSample,metaSPAdes,Salmonella enterica,4759746.0,2792405.0
922,mockSample,metaSPAdes,Salmonella enterica,4759746.0,2792420.0
923,mockSample,metaSPAdes,Salmonella enterica,4759746.0,2792426.0
924,mockSample,metaSPAdes,Salmonella enterica,4759746.0,2792459.0
925,mockSample,metaSPAdes,Salmonella enterica,4759746.0,2792510.0
926,mockSample,metaSPAdes,Salmonella enterica,4759746.0,2792513.0
927,mockSample,metaSPAdes,Salmonella enterica,4759746.0,2792516.0
928,mockSample,metaSPAdes,Salmonella enterica,4759746.0,2792519.0
929,mockSample,metaSPAdes,Salmonella enterica,4759746.0,2792558.0
930,mockSample,metaSPAdes,Salmonella enterica,4759746.0,2792567.0
931,mockSample,metaSPAdes,Salmonella enterica,4759746.0,2793008.0
932,mockSample,metaSPAdes,Salmonella enterica,4759746.0,2793011.0
933,mockSample,metaSPAdes,Salmonella enterica,4759746.0,2793017.0
934,mockSample,metaSPAdes,Salmonella enterica,4759746.0,4369991
935,mockSample,metaSPAdes,Salmonella enterica,4759746.0,1308683.0
936,mockSample,metaSPAdes,Salmonella enterica,4759746.0,1308695.0
937,mockSample,metaSPAdes,Salmonella enterica,4759746.0,1308728.0
938,mockSample,metaSPAdes,Salmonella enterica,4759746.0,1308731.0
939,mockSample,metaSPAdes,Salmonella enterica,4759746.0,2023038.0
940,mockSample,metaSPAdes,Salmonella enterica,4759746.0,2023071.0
941,mockSample,metaSPAdes,Salmonella enterica,4759746.0,2023083.0
942,mockSample,metaSPAdes,Salmonella enterica,4759746.0,2023960.0
943,mockSample,metaSPAdes,Salmonella enterica,4759746.0,2023975.0
944,mockSample,metaSPAdes,Salmonella enterica,4759746.0,2023981.0
945,mockSample,metaSPAdes,Salmonella enterica,4759746.0,2024002.0
946,mockSample,metaSPAdes,Salmonella enterica,4759746.0,2024008.0
947,mockSample,metaSPAdes,Salmonella enterica,4759746.0,2024014.0
948,mockSample,metaSPAdes,Salmonella enterica,4759746.0,2024023.0
949,mockSample,metaSPAdes,Salmonella enterica,4759746.0,2026100.0
950,mockSample,metaSPAdes,Salmonella enterica,4759746.0,2026114.0
951,mockSample,metaSPAdes,Salmonella enterica,4759746.0,2026136.0
952,mockSample,metaSPAdes,Salmonella enterica,4759746.0,2026139.0
953,mockSample,metaSPAdes,Salmonella enterica,4759746.0,2027869
954,mockSample,metaSPAdes,Salmonella enterica,4759746.0,2027872
955,mockSample,metaSPAdes,Salmonella enterica,4759746.0,2027992
956,mockSample,metaSPAdes,Salmonella enterica,4759746.0,2028097
957,mockSample,metaSPAdes,Salmonella enterica,4759746.0,2028123
958,mockSample,metaSPAdes,Salmonella enterica,4759746.0,2028124
959,mockSample,metaSPAdes,Salmonella enterica,4759746.0,2028139
960,mockSample,metaSPAdes,Salmonella enterica,4759746.0,2028145
961,mockSample,metaSPAdes,Salmonella enterica,4759746.0,2029349
962,mockSample,metaSPAdes,Salmonella enterica,4759746.0,2029363
963,mockSample,metaSPAdes,Salmonella enterica,4759746.0,2029364
964,mockSample,metaSPAdes,Salmonella enterica,4759746.0,2029815
965,mockSample,metaSPAdes,Salmonella enterica,4759746.0,2029836
966,mockSample,metaSPAdes,Salmonella enterica,4759746.0,2029881
967,mockSample,metaSPAdes,Salmonella enterica,4759746.0,2029887
968,mockSample,metaSPAdes,Salmonella enterica,4759746.0,2029968
969,mockSample,metaSPAdes,Salmonella enterica,4759746.0,2029986
970,mockSample,metaSPAdes,Salmonella enterica,4759746.0,2030007
971,mockSample,metaSPAdes,Salmonella enterica,4759746.0,2030012
972,mockSample,metaSPAdes,Salmonella enterica,4759746.0,2030067
973,mockSample,metaSPAdes,Salmonella enterica,4759746.0,2030091
974,mockSample,metaSPAdes,Salmonella enterica,4759746.0,2030202
975,mockSample,metaSPAdes,Salmonella enterica,4759746.0,2030211
976,mockSample,metaSPAdes,Salmonella enterica,4759746.0,2030217
977,mockSample,metaSPAdes,Salmonella enterica,4759746.0,2030286
978,mockSample,metaSPAdes,Salmonella enterica,4759746.0,2030288
979,mockSample,metaSPAdes,Salmonella enterica,4759746.0,2030291
980,mockSample,metaSPAdes,Salmonella enterica,4759746.0,2030322
981,mockSample,metaSPAdes,Salmonella enterica,4759746.0,2030328
982,mockSample,metaSPAdes,Salmonella enterica,4759746.0,2030340
983,mockSample,metaSPAdes,Salmonella enterica,4759746.0,2030522
984,mockSample,metaSPAdes,Salmonella enterica,4759746.0,2030986
985,mockSample,metaSPAdes,Salmonella enterica,4759746.0,2031443
986,mockSample,metaSPAdes,Salmonella enterica,4759746.0,2031446
987,mockSample,metaSPAdes,Salmonella enterica,4759746.0,2031449
988,mockSample,metaSPAdes,Salmonella enterica,4759746.0,2020271.0
989,mockSample,metaSPAdes,Salmonella enterica,4759746.0,2020364.0
990,mockSample,metaSPAdes,Salmonella enterica,4759746.0,2020376.0
991,mockSample,metaSPAdes,Salmonella enterica,4759746.0,2020505.0
992,mockSample,metaSPAdes,Salmonella enterica,4759746.0,2020508.0
993,mockSample,metaSPAdes,Salmonella enterica,4759746.0,2020511.0
994,mockSample,metaSPAdes,Salmonella enterica,4759746.0,2020565.0
995,mockSample,metaSPAdes,Salmonella enterica,4759746.0,2020714.0
996,mockSample,metaSPAdes,Salmonella enterica,4759746.0,2020729.0
997,mockSample,metaSPAdes,Salmonella enterica,4759746.0,2020889.0
998,mockSample,metaSPAdes,Salmonella enterica,4759746.0,2020999.0
999,mockSample,metaSPAdes,Salmonella enterica,4759746.0,2021003.0
1000,mockSample,metaSPAdes,Salmonella enterica,4759746.0,2021018.0
1001,mockSample,metaSPAdes,Salmonella enterica,4759746.0,2021021.0
1002,mockSample,metaSPAdes,Salmonella enterica,4759746.0,2021102.0
1003,mockSample,metaSPAdes,Salmonella enterica,4759746.0,2021107.0
1004,mockSample,metaSPAdes,Salmonella enterica,4759746.0,2021344.0
1005,mockSample,metaSPAdes,Salmonella enterica,4759746.0,2021372.0
1006,mockSample,metaSPAdes,Salmonella enterica,4759746.0,2021424.0
1007,mockSample,metaSPAdes,Salmonella enterica,4759746.0,2021427.0
1008,mockSample,metaSPAdes,Salmonella enterica,4759746.0,2021430.0
1009,mockSample,metaSPAdes,Salmonella enterica,4759746.0,2021442.0
1010,mockSample,metaSPAdes,Salmonella enterica,4759746.0,2021448.0
1011,mockSample,metaSPAdes,Salmonella enterica,4759746.0,2021454.0
1012,mockSample,metaSPAdes,Salmonella enterica,4759746.0,2021457.0
1013,mockSample,metaSPAdes,Salmonella enterica,4759746.0,2021460.0
1014,mockSample,metaSPAdes,Salmonella enterica,4759746.0,2021525.0
1015,mockSample,metaSPAdes,Salmonella enterica,4759746.0,2021568.0
1016,mockSample,metaSPAdes,Salmonella enterica,4759746.0,2021780.0
1017,mockSample,metaSPAdes,Salmonella enterica,4759746.0,2021793.0
1018,mockSample,metaSPAdes,Salmonella enterica,4759746.0,2021931.0
1019,mockSample,metaSPAdes,Salmonella enterica,4759746.0,2021999.0
1020,mockSample,metaSPAdes,Salmonella enterica,4759746.0,2032082.0
1021,mockSample,metaSPAdes,Salmonella enterica,4759746.0,2032083.0
1022,mockSample,metaSPAdes,Salmonella enterica,4759746.0,2032090.0
1023,mockSample,metaSPAdes,Salmonella enterica,4759746.0,2032093.0
1024,mockSample,metaSPAdes,Salmonella enterica,4759746.0,2032114.0
1025,mockSample,metaSPAdes,Salmonella enterica,4759746.0,2032123.0
1026,mockSample,metaSPAdes,Salmonella enterica,4759746.0,2032132.0
1027,mockSample,metaSPAdes,Salmonella enterica,4759746.0,2032144.0
1028,mockSample,metaSPAdes,Salmonella enterica,4759746.0,2032147.0
1029,mockSample,metaSPAdes,Salmonella enterica,4759746.0,2032162.0
1030,mockSample,metaSPAdes,Salmonella enterica,4759746.0,2032183.0
1031,mockSample,metaSPAdes,Salmonella enterica,4759746.0,2032186.0
1032,mockSample,metaSPAdes,Salmonella enterica,4759746.0,2032233.0
1033,mockSample,metaSPAdes,Salmonella enterica,4759746.0,2032341.0
1034,mockSample,metaSPAdes,Staphylococcus aureus,2718780.0,1245547
1035,mockSample,metaSPAdes,Staphylococcus aureus,2718780.0,1245553
1036,mockSample,metaSPAdes,Staphylococcus aureus,2718780.0,1245944
1037,mockSample,metaSPAdes,Staphylococcus aureus,2718780.0,2199887.0
1038,mockSample,metaSPAdes,Staphylococcus aureus,2718780.0,2200783.0
1039,mockSample,metaSPAdes,Staphylococcus aureus,2718780.0,2200825.0
1040,mockSample,metaSPAdes,Staphylococcus aureus,2718780.0,2200827.0
1041,mockSample,metaSPAdes,Staphylococcus aureus,2718780.0,2200828.0
1042,mockSample,metaSPAdes,Staphylococcus aureus,2718780.0,2200834.0
1043,mockSample,metaSPAdes,Staphylococcus aureus,2718780.0,2200835.0
1044,mockSample,metaSPAdes,Staphylococcus aureus,2718780.0,2200874.0
1045,mockSample,metaSPAdes,Staphylococcus aureus,2718780.0,2200881.0
1046,mockSample,metaSPAdes,Staphylococcus aureus,2718780.0,2200884.0
1047,mockSample,metaSPAdes,Staphylococcus aureus,2718780.0,2200891.0
1048,mockSample,metaSPAdes,Staphylococcus aureus,2718780.0,2200903.0
1049,mockSample,metaSPAdes,Staphylococcus aureus,2718780.0,2200904.0
1050,mockSample,metaSPAdes,Staphylococcus aureus,2718780.0,2200923.0
1051,mockSample,metaSPAdes,Staphylococcus aureus,2718780.0,2200924.0
1052,mockSample,metaSPAdes,Staphylococcus aureus,2718780.0,2200927.0
1053,mockSample,metaSPAdes,Staphylococcus aureus,2718780.0,2200928.0
1054,mockSample,metaSPAdes,Staphylococcus aureus,2718780.0,2200930.0
1055,mockSample,metaSPAdes,Staphylococcus aureus,2718780.0,2200931.0
1056,mockSample,metaSPAdes,Staphylococcus aureus,2718780.0,2200932.0
1057,mockSample,metaSPAdes,Staphylococcus aureus,2718780.0,2308297.0
1058,mockSample,metaSPAdes,Staphylococcus aureus,2718780.0,2308310.0
1059,mockSample,metaSPAdes,Staphylococcus aureus,2718780.0,2308343.0
1060,mockSample,metaSPAdes,Staphylococcus aureus,2718780.0,2309625.0
1061,mockSample,metaSPAdes,Staphylococcus aureus,2718780.0,2309646.0
1062,mockSample,metaSPAdes,Staphylococcus aureus,2718780.0,2309649.0
1063,mockSample,metaSPAdes,Staphylococcus aureus,2718780.0,2312518.0
1064,mockSample,metaSPAdes,Staphylococcus aureus,2718780.0,2312548.0
1065,mockSample,metaSPAdes,Staphylococcus aureus,2718780.0,2312559.0
1066,mockSample,metaSPAdes,Staphylococcus aureus,2718780.0,2312563.0
1067,mockSample,metaSPAdes,Staphylococcus aureus,2718780.0,2312569.0
1068,mockSample,metaSPAdes,Staphylococcus aureus,2718780.0,2312578.0
1069,mockSample,metaSPAdes,Staphylococcus aureus,2718780.0,2312581.0
1070,mockSample,metaSPAdes,Staphylococcus aureus,2718780.0,2312590.0
1071,mockSample,metaSPAdes,Staphylococcus aureus,2718780.0,2336729.0
1072,mockSample,metaSPAdes,Staphylococcus aureus,2718780.0,1707826.0
1073,mockSample,metaSPAdes,Staphylococcus aureus,2718780.0,2562464.0
1074,mockSample,metaSPAdes,Staphylococcus aureus,2718780.0,2562499.0
1075,mockSample,metaSPAdes,Staphylococcus aureus,2718780.0,2562546.0
1076,mockSample,metaSPAdes,Staphylococcus aureus,2718780.0,2562548.0
1077,mockSample,metaSPAdes,Staphylococcus aureus,2718780.0,2562558.0
1078,mockSample,metaSPAdes,Staphylococcus aureus,2718780.0,2562584.0
1079,mockSample,metaSPAdes,Staphylococcus aureus,2718780.0,2562594.0
1080,mockSample,metaSPAdes,Staphylococcus aureus,2718780.0,2562614.0
1081,mockSample,metaSPAdes,Staphylococcus aureus,2718780.0,2562642.0
1082,mockSample,metaSPAdes,Staphylococcus aureus,2718780.0,2562707.0
1083,mockSample,metaSPAdes,Staphylococcus aureus,2718780.0,1136688.0
1084,mockSample,metaSPAdes,Staphylococcus aureus,2718780.0,1136700.0
1085,mockSample,metaSPAdes,Staphylococcus aureus,2718780.0,1137215.0
1086,mockSample,metaSPAdes,Staphylococcus aureus,2718780.0,1137232.0
1087,mockSample,metaSPAdes,Staphylococcus aureus,2718780.0,1200794.0
1088,mockSample,metaSPAdes,Staphylococcus aureus,2718780.0,1200808.0
1089,mockSample,metaSPAdes,Staphylococcus aureus,2718780.0,1200821.0
1090,mockSample,metaSPAdes,Staphylococcus aureus,2718780.0,1200828.0
1091,mockSample,metaSPAdes,Staphylococcus aureus,2718780.0,1200831.0
1092,mockSample,metaSPAdes,Staphylococcus aureus,2718780.0,1200839.0
1093,mockSample,metaSPAdes,Staphylococcus aureus,2718780.0,1200842.0
1094,mockSample,metaSPAdes,Staphylococcus aureus,2718780.0,1200843.0
1095,mockSample,metaSPAdes,Staphylococcus aureus,2718780.0,1200844.0
1096,mockSample,metaSPAdes,Staphylococcus aureus,2718780.0,1200846.0
1097,mockSample,metaSPAdes,Staphylococcus aureus,2718780.0,1200858.0
1098,mockSample,metaSPAdes,Staphylococcus aureus,2718780.0,1200993.0
1099,mockSample,metaSPAdes,Staphylococcus aureus,2718780.0,1200999.0
1100,mockSample,metaSPAdes,Staphylococcus aureus,2718780.0,1201039.0
1101,mockSample,metaSPAdes,Staphylococcus aureus,2718780.0,1201059.0
1102,mockSample,metaSPAdes,Staphylococcus aureus,2718780.0,1201062.0
1103,mockSample,metaSPAdes,Staphylococcus aureus,2718780.0,1201065.0
1104,mockSample,metaSPAdes,Staphylococcus aureus,2718780.0,2142508
1105,mockSample,metaSPAdes,Staphylococcus aureus,2718780.0,2186157
1106,mockSample,metaSPAdes,Staphylococcus aureus,2718780.0,2186168
1107,mockSample,metaSPAdes,Staphylococcus aureus,2718780.0,2186175
1108,mockSample,metaSPAdes,Staphylococcus aureus,2718780.0,2186185
1109,mockSample,metaSPAdes,Staphylococcus aureus,2718780.0,2186190
1110,mockSample,metaSPAdes,Staphylococcus aureus,2718780.0,2186192
1111,mockSample,metaSPAdes,Staphylococcus aureus,2718780.0,2186195
1112,mockSample,metaSPAdes,Staphylococcus aureus,2718780.0,2186202
1113,mockSample,metaSPAdes,Staphylococcus aureus,2718780.0,2186208
1114,mockSample,metaSPAdes,Staphylococcus aureus,2718780.0,2186217
1115,mockSample,metaSPAdes,Staphylococcus aureus,2718780.0,2186251
1116,mockSample,metaSPAdes,Staphylococcus aureus,2718780.0,734591.0
1117,mockSample,metaSPAdes,Staphylococcus aureus,2718780.0,734600.0
1118,mockSample,metaSPAdes,Staphylococcus aureus,2718780.0,734601.0
1119,mockSample,metaSPAdes,Staphylococcus aureus,2718780.0,734602.0
1120,mockSample,metaSPAdes,Staphylococcus aureus,2718780.0,734607.0
1121,mockSample,metaSPAdes,Staphylococcus aureus,2718780.0,2136668
1122,mockSample,metaSPAdes, Staphylococcus aureus plasmid 2,2216.0,1502
1123,mockSample,metaSPAdes,Escherichia coli plasmid,110007.0,68851.0
1124,mockSample,metaSPAdes,Escherichia coli plasmid,110007.0,68881.0
1125,mockSample,metaSPAdes,Escherichia coli plasmid,110007.0,68884.0
1126,mockSample,metaSPAdes,Escherichia coli plasmid,110007.0,68893.0
1127,mockSample,metaSPAdes,Escherichia coli plasmid,110007.0,68914.0
1128,mockSample,metaSPAdes,Escherichia coli plasmid,110007.0,68932.0
1129,mockSample,metaSPAdes,Escherichia coli plasmid,110007.0,68950.0
1130,mockSample,metaSPAdes,Escherichia coli plasmid,110007.0,68983.0
1131,mockSample,metaSPAdes,Escherichia coli plasmid,110007.0,68986.0
